weather_id,temp_avg,temp_max,temp_min,precipitation,humidity,wind_speed,city_key,date_key
1,13.8,17.6,9.7,0.0,34,8.6,1,20250101
2,21.9,26.2,17.7,0.0,68,6.1,2,20250101
3,8.1,12.6,5.1,0.0,78,2.9,3,20250101
4,5.9,9.0,3.0,0.0,90,3.3,4,20250101
5,9.0,11.8,5.3,10.5,87,21.8,5,20250101
6,4.8,10.7,1.2,0.0,42,14.3,6,20250101
7,0.6,7.5,-3.3,0.0,87,4.6,7,20250101
8,14.7,20.0,9.9,0.0,64,5.2,8,20250101
9,21.9,28.7,15.8,0.0,27,14.4,9,20250101
10,12.3,15.9,8.4,0.0,37,7.5,1,20250102
11,23.4,27.8,19.9,0.0,47,21.5,2,20250102
12,7.7,12.0,3.7,0.0,66,5.9,3,20250102
13,8.4,10.6,5.7,0.0,84,10.8,4,20250102
14,2.1,4.4,-0.4,0.0,86,7.6,5,20250102
15,4.8,8.7,0.5,11.3,58,20.6,6,20250102
16,3.1,8.1,-0.8,13.0,77,12.6,7,20250102
17,15.3,20.0,11.2,0.0,57,10.6,8,20250102
18,22.6,29.6,16.3,0.0,29,13.0,9,20250102
19,11.2,15.1,7.0,0.0,36,7.3,1,20250103
20,21.1,24.5,18.1,0.0,21,34.6,2,20250103
21,7.5,13.5,3.3,0.0,54,7.6,3,20250103
22,11.6,13.7,10.1,0.0,73,21.0,4,20250103
23,0.3,3.4,-1.3,0.0,86,8.7,5,20250103
24,-0.8,0.4,-2.0,1.8,87,14.4,6,20250103
25,-0.2,1.0,-2.0,2.9,88,6.2,7,20250103
26,15.5,20.2,11.2,0.0,55,11.3,8,20250103
27,24.2,31.2,17.3,0.0,31,10.1,9,20250103
28,11.7,17.2,5.6,0.0,26,3.3,1,20250104
29,19.5,23.3,15.4,0.0,19,30.9,2,20250104
30,8.7,14.2,3.5,0.0,49,4.5,3,20250104
31,9.2,11.9,6.5,11.2,84,17.0,4,20250104
32,0.7,3.2,-1.7,1.8,88,6.8,5,20250104
33,-3.7,-0.3,-7.9,0.0,77,7.0,6,20250104
34,-1.9,0.3,-3.8,0.0,81,3.1,7,20250104
35,16.8,22.2,12.6,0.0,38,9.7,8,20250104
36,26.0,33.6,18.7,0.0,35,6.9,9,20250104
37,13.4,19.0,7.5,0.0,26,5.5,1,20250105
38,20.6,24.7,16.9,0.0,34,25.9,2,20250105
39,9.2,14.4,4.6,0.0,53,6.6,3,20250105
40,7.3,9.1,6.1,0.0,76,10.9,4,20250105
41,7.7,12.6,0.7,23.5,94,17.9,5,20250105
42,2.8,8.2,-3.3,15.4,83,12.3,6,20250105
43,1.7,4.2,-0.7,15.6,92,4.6,7,20250105
44,15.6,20.1,12.5,0.0,44,9.3,8,20250105
45,26.1,32.9,19.8,0.0,36,9.8,9,20250105
46,14.4,19.3,9.3,0.0,21,11.0,1,20250106
47,20.9,26.1,15.8,0.0,43,11.7,2,20250106
48,10.3,14.9,6.8,1.3,62,7.9,3,20250106
49,7.8,9.2,5.6,0.0,86,7.4,4,20250106
50,7.3,12.0,2.5,7.4,86,21.5,5,20250106
51,5.1,11.1,1.1,0.0,75,9.5,6,20250106
52,4.9,9.2,1.6,6.1,80,6.4,7,20250106
53,16.9,22.5,12.3,0.0,71,8.7,8,20250106
54,22.4,28.2,16.9,0.0,20,14.0,9,20250106
55,15.9,20.8,11.9,1.5,31,6.3,1,20250107
56,21.8,26.1,16.8,0.0,61,7.4,2,20250107
57,7.7,12.0,4.3,0.0,64,8.2,3,20250107
58,11.7,14.0,9.2,0.0,77,16.5,4,20250107
59,2.4,4.9,0.7,0.1,82,11.2,5,20250107
60,3.8,6.3,2.5,3.8,83,16.2,6,20250107
61,4.1,5.9,1.7,3.2,81,14.1,7,20250107
62,16.4,20.7,12.4,0.0,67,6.6,8,20250107
63,21.9,29.1,14.7,0.0,28,9.7,9,20250107
64,12.3,15.2,8.9,0.0,64,10.1,1,20250108
65,22.2,26.8,18.5,0.0,65,7.6,2,20250108
66,8.0,12.7,3.6,0.0,65,9.0,3,20250108
67,13.7,15.1,12.5,0.0,76,17.4,4,20250108
68,0.6,1.8,-0.8,3.0,93,7.5,5,20250108
69,1.7,2.8,0.7,7.7,91,8.7,6,20250108
70,3.0,6.8,0.3,8.8,92,5.9,7,20250108
71,16.2,22.3,11.0,0.0,50,8.5,8,20250108
72,24.0,31.0,17.2,0.0,31,8.4,9,20250108
73,12.2,15.7,8.4,0.0,66,7.8,1,20250109
74,23.3,29.1,18.7,0.0,46,11.2,2,20250109
75,9.0,13.5,5.3,0.0,60,12.8,3,20250109
76,12.6,14.7,11.3,0.0,81,9.6,4,20250109
77,1.0,3.0,-0.9,0.6,88,9.7,5,20250109
78,5.9,11.2,0.5,4.1,83,14.7,6,20250109
79,4.7,9.9,0.1,14.1,87,12.5,7,20250109
80,16.3,22.9,9.5,0.0,45,4.2,8,20250109
81,24.3,31.3,17.0,0.0,27,8.3,9,20250109
82,13.8,19.2,8.1,0.0,53,4.3,1,20250110
83,22.2,26.8,17.6,0.0,35,15.3,2,20250110
84,9.1,14.5,4.5,0.0,59,9.4,3,20250110
85,11.8,13.9,9.7,0.0,80,9.0,4,20250110
86,-0.7,1.4,-2.0,0.0,90,3.8,5,20250110
87,-0.5,1.9,-2.3,0.0,75,13.3,6,20250110
88,0.7,2.9,-1.3,0.2,82,4.5,7,20250110
89,15.8,20.7,12.2,0.0,51,6.9,8,20250110
90,23.1,29.4,16.9,0.0,29,10.5,9,20250110
91,16.2,21.3,12.2,0.0,40,8.9,1,20250111
92,21.8,26.8,17.9,0.0,45,13.0,2,20250111
93,9.8,13.0,7.1,0.1,77,12.4,3,20250111
94,9.0,12.6,6.7,8.7,88,14.6,4,20250111
95,-2.2,1.6,-3.8,0.0,94,2.3,5,20250111
96,-2.0,-0.3,-3.4,0.0,79,10.5,6,20250111
97,-0.7,2.3,-3.0,0.0,79,5.6,7,20250111
98,15.8,20.4,11.7,0.5,71,6.3,8,20250111
99,21.1,26.9,15.6,0.0,26,12.3,9,20250111
100,15.9,18.8,13.9,0.7,55,6.0,1,20250112
101,21.7,25.9,17.6,0.1,54,8.3,2,20250112
102,11.1,15.9,7.8,0.0,76,5.4,3,20250112
103,7.3,9.4,5.7,6.2,89,15.6,4,20250112
104,-0.7,3.2,-4.5,0.0,92,2.8,5,20250112
105,-2.0,0.0,-3.2,0.1,73,11.5,6,20250112
106,-1.8,1.1,-3.8,0.0,79,6.9,7,20250112
107,16.7,21.6,11.9,0.0,62,3.7,8,20250112
108,21.1,28.4,13.5,0.0,29,10.1,9,20250112
109,13.6,17.6,9.4,0.0,55,8.0,1,20250113
110,23.0,28.1,18.5,0.0,52,9.3,2,20250113
111,10.8,15.6,6.1,0.0,62,8.4,3,20250113
112,5.8,6.5,4.8,16.2,88,22.5,4,20250113
113,3.3,5.9,1.5,0.0,83,8.8,5,20250113
114,-2.6,-0.5,-5.1,0.1,68,7.4,6,20250113
115,-2.6,0.5,-4.3,0.0,75,12.4,7,20250113
116,17.7,23.9,11.5,0.0,49,3.4,8,20250113
117,23.4,30.2,16.7,0.0,30,9.7,9,20250113
118,13.1,17.9,8.3,0.0,53,6.6,1,20250114
119,23.6,27.6,20.5,0.0,34,19.3,2,20250114
120,10.9,15.7,6.0,0.0,50,9.3,3,20250114
121,6.4,7.4,5.6,3.2,81,20.8,4,20250114
122,5.2,8.8,2.5,0.0,90,8.5,5,20250114
123,-3.4,1.8,-6.7,0.0,74,5.6,6,20250114
124,-2.9,0.3,-4.8,0.0,81,4.1,7,20250114
125,17.2,23.7,11.2,0.0,44,1.8,8,20250114
126,23.9,31.4,15.6,0.0,28,6.8,9,20250114
127,14.4,20.8,7.7,0.0,40,4.0,1,20250115
128,21.6,26.1,16.5,0.0,32,17.5,2,20250115
129,12.4,19.3,7.0,0.0,44,6.2,3,20250115
130,6.5,7.9,5.8,13.2,86,21.0,4,20250115
131,8.6,10.0,7.6,0.0,96,4.3,5,20250115
132,-0.6,0.7,-4.1,1.9,81,7.3,6,20250115
133,-1.3,1.9,-4.7,0.3,90,4.6,7,20250115
134,16.6,21.7,12.7,0.0,61,4.9,8,20250115
135,26.2,33.2,18.6,0.0,34,7.2,9,20250115
136,17.1,23.5,10.2,0.0,28,4.4,1,20250116
137,22.0,28.0,16.6,0.0,39,12.8,2,20250116
138,13.2,18.5,9.9,0.0,49,5.2,3,20250116
139,6.1,7.7,4.3,0.9,82,14.2,4,20250116
140,7.4,9.6,6.0,0.0,92,5.6,5,20250116
141,0.3,3.1,-1.4,0.1,93,9.1,6,20250116
142,1.1,3.7,-1.4,0.0,88,10.3,7,20250116
143,17.8,22.6,13.7,0.0,66,11.8,8,20250116
144,28.8,36.0,21.4,0.0,35,9.4,9,20250116
145,17.4,21.2,14.0,0.0,29,9.0,1,20250117
146,22.3,28.6,17.5,0.0,46,10.7,2,20250117
147,11.0,15.9,7.3,0.0,70,6.2,3,20250117
148,5.9,9.1,4.0,0.0,74,7.9,4,20250117
149,5.3,6.5,3.6,0.0,86,5.8,5,20250117
150,-1.1,0.3,-2.9,0.0,95,7.5,6,20250117
151,-0.4,1.3,-1.7,0.0,92,5.3,7,20250117
152,17.2,21.1,14.1,0.0,71,12.4,8,20250117
153,28.8,35.1,22.0,0.0,34,10.1,9,20250117
154,15.3,19.5,10.7,0.0,34,6.3,1,20250118
155,22.0,28.7,16.9,0.0,51,7.3,2,20250118
156,9.8,15.6,5.3,0.0,67,4.9,3,20250118
157,5.7,9.6,2.8,0.0,78,2.9,4,20250118
158,2.6,3.4,2.2,0.0,91,4.1,5,20250118
159,-1.5,0.9,-2.9,0.0,89,5.3,6,20250118
160,-0.9,1.9,-1.8,0.0,88,4.7,7,20250118
161,16.9,21.3,12.4,0.0,61,10.5,8,20250118
162,28.5,35.4,21.6,0.0,37,10.2,9,20250118
163,15.4,19.6,10.6,0.0,35,5.7,1,20250119
164,22.2,29.0,16.8,0.0,41,8.7,2,20250119
165,9.4,15.4,4.7,0.0,69,4.8,3,20250119
166,5.8,10.3,1.9,0.0,86,3.8,4,20250119
167,2.5,3.4,1.8,0.2,84,5.7,5,20250119
168,-0.6,6.3,-4.7,0.0,76,3.3,6,20250119
169,-0.5,2.6,-2.6,0.4,90,2.2,7,20250119
170,16.0,20.4,11.2,0.0,60,5.8,8,20250119
171,28.5,34.8,22.6,0.0,36,11.4,9,20250119
172,15.7,20.2,10.9,0.0,34,6.7,1,20250120
173,23.0,28.1,18.7,0.0,35,8.6,2,20250120
174,10.1,15.1,6.3,0.0,71,8.4,3,20250120
175,6.4,9.4,4.8,0.0,77,10.5,4,20250120
176,3.5,6.0,2.2,0.1,88,4.1,5,20250120
177,0.3,7.4,-3.9,0.0,78,4.6,6,20250120
178,-0.8,4.1,-3.8,0.0,91,1.6,7,20250120
179,16.8,22.4,11.2,0.0,53,5.0,8,20250120
180,28.3,35.0,22.2,0.0,30,12.6,9,20250120
181,15.8,21.1,10.4,0.0,30,7.3,1,20250121
182,23.5,28.8,18.4,0.0,32,9.3,2,20250121
183,10.1,15.2,6.2,0.0,64,9.5,3,20250121
184,6.9,10.0,4.4,0.0,81,6.1,4,20250121
185,2.3,4.9,-1.0,0.0,93,5.1,5,20250121
186,0.2,5.9,-2.4,0.0,81,3.1,6,20250121
187,-0.8,4.7,-3.3,0.3,92,1.7,7,20250121
188,18.2,23.6,13.9,0.6,43,7.5,8,20250121
189,27.4,34.4,20.5,0.0,19,11.8,9,20250121
190,13.3,18.2,8.2,0.0,31,5.9,1,20250122
191,23.9,28.0,20.7,0.0,24,19.8,2,20250122
192,10.0,14.5,6.8,0.1,47,9.5,3,20250122
193,9.2,11.5,7.3,2.8,89,4.8,4,20250122
194,3.2,4.3,2.3,1.0,93,5.4,5,20250122
195,-0.1,4.8,-3.3,0.0,81,5.0,6,20250122
196,-1.2,1.1,-3.4,0.0,95,2.3,7,20250122
197,17.1,21.8,12.7,0.1,68,7.1,8,20250122
198,26.9,33.5,20.4,0.0,22,11.8,9,20250122
199,14.3,18.9,9.4,0.0,29,6.9,1,20250123
200,22.1,28.2,17.8,0.0,32,16.2,2,20250123
201,10.1,14.1,7.7,0.4,74,8.5,3,20250123
202,7.9,10.6,5.5,0.0,95,5.1,4,20250123
203,4.6,8.2,1.5,4.7,88,14.1,5,20250123
204,2.0,5.2,-0.4,1.1,84,11.5,6,20250123
205,1.9,5.9,-2.1,4.7,93,5.0,7,20250123
206,16.4,20.8,12.3,0.0,67,6.2,8,20250123
207,26.1,32.3,20.0,0.0,25,13.9,9,20250123
208,15.8,20.4,11.2,0.0,40,7.8,1,20250124
209,22.2,27.4,18.9,0.0,51,11.3,2,20250124
210,9.5,14.4,6.6,0.8,81,5.6,3,20250124
211,10.2,12.6,6.5,0.0,85,10.0,4,20250124
212,8.9,10.8,6.5,3.8,74,20.5,5,20250124
213,4.0,11.1,-0.1,0.0,79,8.7,6,20250124
214,3.0,8.2,-0.7,0.0,89,5.2,7,20250124
215,16.3,21.5,11.4,0.0,62,4.4,8,20250124
216,24.4,30.1,19.2,0.0,20,14.3,9,20250124
217,17.5,22.5,12.6,0.3,46,6.5,1,20250125
218,21.9,27.8,17.6,0.0,49,9.4,2,20250125
219,10.2,15.0,5.5,0.0,68,3.3,3,20250125
220,9.1,10.5,6.0,22.4,84,8.9,4,20250125
221,5.4,8.0,2.7,2.1,81,7.5,5,20250125
222,6.0,13.5,2.1,0.0,68,7.8,6,20250125
223,5.6,13.3,1.8,0.0,75,4.4,7,20250125
224,16.5,21.1,11.6,0.0,58,4.7,8,20250125
225,23.1,30.2,16.1,0.0,25,9.6,9,20250125
226,16.3,20.2,13.6,2.6,53,5.5,1,20250126
227,21.9,27.9,17.8,0.0,48,9.0,2,20250126
228,10.7,16.4,6.5,0.2,57,6.7,3,20250126
229,7.4,11.6,4.9,0.0,85,7.7,4,20250126
230,4.8,8.9,1.6,8.3,83,17.3,5,20250126
231,4.8,7.2,2.2,0.1,76,13.2,6,20250126
232,4.9,8.8,2.4,1.6,80,8.0,7,20250126
233,16.7,22.0,11.8,0.0,55,5.5,8,20250126
234,23.7,30.1,17.0,0.0,23,9.2,9,20250126
235,15.4,20.1,11.9,0.4,67,5.2,1,20250127
236,21.9,27.1,17.1,0.0,56,6.0,2,20250127
237,11.2,16.2,6.9,0.6,51,5.3,3,20250127
238,7.4,10.6,4.3,0.0,92,5.7,4,20250127
239,7.6,9.4,6.8,9.0,80,23.0,5,20250127
240,5.7,12.2,1.1,2.0,78,6.6,6,20250127
241,5.2,8.6,2.9,20.7,87,7.1,7,20250127
242,16.3,21.4,10.8,0.0,61,5.3,8,20250127
243,24.2,30.4,17.5,0.0,21,11.6,9,20250127
244,15.5,19.8,12.3,0.0,65,5.7,1,20250128
245,22.6,29.2,17.1,0.0,52,5.9,2,20250128
246,9.5,14.3,4.8,0.0,60,10.0,3,20250128
247,9.4,11.9,6.3,0.0,86,9.2,4,20250128
248,8.4,9.5,7.3,4.0,83,20.1,5,20250128
249,3.3,5.4,1.5,14.6,93,11.7,6,20250128
250,4.6,7.1,2.7,9.5,86,6.7,7,20250128
251,16.6,21.3,12.7,0.0,59,9.5,8,20250128
252,22.9,29.1,16.7,0.0,19,11.3,9,20250128
253,15.3,19.4,11.2,0.0,39,6.3,1,20250129
254,24.3,31.7,18.3,0.0,41,10.8,2,20250129
255,10.6,15.9,6.2,0.0,50,9.7,3,20250129
256,12.2,14.9,10.4,0.0,75,15.2,4,20250129
257,6.0,7.8,4.0,0.2,86,9.4,5,20250129
258,4.1,8.5,0.9,5.3,75,14.9,6,20250129
259,5.3,9.2,0.7,3.6,74,12.3,7,20250129
260,16.9,22.9,11.4,0.0,50,8.6,8,20250129
261,21.7,28.1,15.6,0.0,22,11.3,9,20250129
262,14.4,18.6,10.0,0.0,43,8.0,1,20250130
263,25.6,32.1,20.7,0.0,37,11.8,2,20250130
264,11.2,17.2,5.5,0.0,41,7.3,3,20250130
265,11.8,14.2,9.5,0.0,74,7.1,4,20250130
266,4.6,7.5,1.9,0.0,79,9.7,5,20250130
267,2.3,8.0,-2.5,0.0,77,5.9,6,20250130
268,2.4,7.6,-0.9,0.0,88,2.4,7,20250130
269,17.2,23.8,11.5,0.0,62,7.3,8,20250130
270,22.2,29.7,14.5,0.0,26,10.4,9,20250130
271,13.5,18.0,9.1,0.0,34,7.1,1,20250131
272,24.4,28.1,21.1,0.0,30,27.0,2,20250131
273,10.8,14.7,8.0,0.0,56,10.4,3,20250131
274,11.2,13.4,9.4,0.2,81,4.0,4,20250131
275,5.2,8.0,2.1,3.5,91,7.8,5,20250131
276,2.7,4.5,0.3,1.3,86,9.0,6,20250131
277,3.3,4.8,2.0,3.9,93,6.6,7,20250131
278,16.6,22.3,11.0,0.0,58,7.3,8,20250131
279,24.0,30.6,17.3,0.0,26,12.0,9,20250131
280,15.1,22.4,7.9,0.0,25,3.7,1,20250201
281,22.2,27.1,17.8,0.0,16,18.2,2,20250201
282,10.4,15.5,6.2,0.0,70,5.8,3,20250201
283,8.7,13.1,6.7,0.0,93,5.1,4,20250201
284,5.2,6.9,2.8,0.0,86,7.3,5,20250201
285,0.7,3.3,-1.1,0.0,83,9.5,6,20250201
286,2.0,3.2,1.2,0.0,85,9.7,7,20250201
287,16.4,21.9,10.7,0.0,59,7.1,8,20250201
288,24.9,31.5,18.1,0.0,32,10.7,9,20250201
289,15.1,19.1,11.0,0.0,25,7.8,1,20250202
290,20.6,26.3,14.2,0.0,19,14.8,2,20250202
291,11.3,17.4,5.9,0.0,53,4.9,3,20250202
292,9.0,12.3,7.5,0.0,83,10.0,4,20250202
293,3.4,7.5,-0.4,0.0,85,6.7,5,20250202
294,-0.7,1.4,-2.8,0.0,89,4.6,6,20250202
295,1.6,3.5,-0.3,0.0,89,4.1,7,20250202
296,16.4,22.0,11.7,0.0,58,10.9,8,20250202
297,26.0,32.2,19.7,0.0,37,10.0,9,20250202
298,14.2,19.0,8.6,0.0,27,4.5,1,20250203
299,22.1,26.7,17.9,0.0,30,17.6,2,20250203
300,12.7,19.2,7.7,0.0,35,4.2,3,20250203
301,7.1,11.4,3.9,0.0,91,7.1,4,20250203
302,4.1,7.8,-1.2,0.0,93,8.5,5,20250203
303,-0.6,1.7,-3.4,0.0,90,3.6,6,20250203
304,1.2,3.5,-0.9,0.0,93,3.5,7,20250203
305,17.6,23.3,12.0,0.0,55,7.9,8,20250203
306,26.9,33.4,20.5,0.0,35,9.0,9,20250203
307,16.9,23.7,10.1,0.0,21,6.1,1,20250204
308,21.5,27.5,16.1,0.0,19,15.7,2,20250204
309,13.3,19.8,8.2,0.0,38,5.4,3,20250204
310,5.7,7.0,4.1,0.1,67,19.8,4,20250204
311,8.2,10.1,6.1,0.2,87,15.3,5,20250204
312,-1.0,3.0,-4.1,0.0,88,3.8,6,20250204
313,0.4,3.7,-1.4,0.0,94,2.3,7,20250204
314,16.9,21.8,12.6,0.0,69,7.2,8,20250204
315,28.0,34.9,21.0,0.0,31,8.8,9,20250204
316,18.7,26.0,11.1,0.0,18,7.8,1,20250205
317,20.3,25.2,14.9,0.0,42,8.6,2,20250205
318,9.1,11.4,7.1,3.0,86,16.4,3,20250205
319,3.5,4.7,2.1,1.6,70,18.4,4,20250205
320,5.9,9.1,2.5,0.0,84,7.6,5,20250205
321,-0.2,5.6,-2.9,0.0,86,4.4,6,20250205
322,-0.5,3.8,-3.5,0.0,89,2.4,7,20250205
323,16.0,20.8,12.0,0.0,62,10.2,8,20250205
324,28.4,35.2,21.7,0.0,30,11.5,9,20250205
325,23.2,28.9,18.2,0.0,23,10.1,1,20250206
326,21.5,25.2,17.9,0.0,68,7.3,2,20250206
327,5.1,6.5,4.2,17.1,91,22.5,3,20250206
328,2.7,4.1,2.0,3.6,74,18.5,4,20250206
329,3.9,7.3,0.7,0.0,84,10.8,5,20250206
330,-0.1,2.0,-2.3,0.0,84,9.2,6,20250206
331,0.5,2.2,-1.5,0.1,87,7.2,7,20250206
332,13.9,15.7,12.7,0.0,50,14.9,8,20250206
333,26.4,33.0,19.7,0.0,22,13.8,9,20250206
334,18.3,22.8,13.9,0.0,32,9.7,1,20250207
335,21.6,25.0,18.1,0.0,69,6.0,2,20250207
336,5.7,8.3,4.0,0.9,87,13.8,3,20250207
337,3.2,4.8,1.9,7.1,78,16.7,4,20250207
338,3.4,4.0,2.6,4.6,86,16.8,5,20250207
339,0.5,3.0,-0.8,0.0,81,11.1,6,20250207
340,1.2,5.4,-1.2,0.0,84,6.6,7,20250207
341,14.0,17.1,11.4,0.0,50,8.5,8,20250207
342,25.5,32.8,18.6,0.0,24,13.9,9,20250207
343,15.0,20.7,9.3,0.0,31,5.5,1,20250208
344,22.1,25.5,19.1,0.0,68,6.8,2,20250208
345,5.7,9.9,3.2,0.0,71,11.2,3,20250208
346,4.3,5.9,3.1,3.8,82,17.1,4,20250208
347,4.7,6.2,3.4,2.2,90,10.0,5,20250208
348,1.4,8.5,-2.1,0.0,77,4.5,6,20250208
349,1.1,7.5,-2.4,0.0,83,2.8,7,20250208
350,13.8,18.2,9.7,0.1,48,6.5,8,20250208
351,25.1,32.0,18.2,0.0,20,13.1,9,20250208
352,14.7,18.8,10.2,0.0,28,5.6,1,20250209
353,21.8,26.3,18.4,0.0,74,6.0,2,20250209
354,5.6,9.5,1.7,0.0,75,6.8,3,20250209
355,4.3,6.5,3.2,1.2,75,17.8,4,20250209
356,3.4,5.8,1.3,1.0,90,9.6,5,20250209
357,1.4,6.4,-1.5,0.0,83,3.5,6,20250209
358,2.5,6.2,-0.5,0.0,88,3.5,7,20250209
359,13.4,17.1,9.5,0.2,56,6.6,8,20250209
360,25.3,32.9,17.9,0.0,18,11.3,9,20250209
361,15.7,21.0,10.6,0.0,32,10.1,1,20250210
362,22.4,26.4,18.5,0.0,73,4.8,2,20250210
363,6.7,9.7,4.9,0.8,87,12.5,3,20250210
364,3.8,6.0,2.2,1.0,74,15.5,4,20250210
365,3.6,4.6,2.5,3.5,89,15.0,5,20250210
366,0.8,5.2,-1.5,0.0,90,4.1,6,20250210
367,1.9,6.5,-0.9,0.7,94,3.4,7,20250210
368,13.9,18.3,9.7,0.0,57,7.3,8,20250210
369,26.1,33.7,18.6,0.0,18,10.6,9,20250210
370,18.0,23.6,12.5,0.0,34,11.9,1,20250211
371,23.1,26.8,19.2,0.0,73,5.7,2,20250211
372,7.7,12.1,4.1,0.2,78,7.1,3,20250211
373,2.1,3.5,1.0,6.1,85,14.6,4,20250211
374,3.7,5.0,2.6,0.0,88,6.5,5,20250211
375,1.4,4.9,-0.9,1.4,91,3.6,6,20250211
376,4.2,7.3,2.1,6.1,96,2.1,7,20250211
377,13.6,18.5,9.1,0.0,54,6.5,8,20250211
378,26.6,33.8,19.5,0.0,22,10.2,9,20250211
379,21.3,26.7,16.3,0.0,32,10.9,1,20250212
380,23.5,27.2,19.8,0.0,74,5.7,2,20250212
381,6.7,11.1,3.6,0.4,85,8.6,3,20250212
382,2.5,5.2,-0.4,7.8,86,10.5,4,20250212
383,4.4,6.0,3.2,0.2,85,6.9,5,20250212
384,5.6,11.9,2.0,3.6,89,4.6,6,20250212
385,6.1,11.6,1.6,0.6,88,3.6,7,20250212
386,13.5,18.9,8.6,0.0,56,7.5,8,20250212
387,26.0,31.9,19.8,0.0,28,12.1,9,20250212
388,18.4,21.6,16.3,9.1,65,4.8,1,20250213
389,23.0,28.0,17.7,0.0,74,5.0,2,20250213
390,7.0,10.0,5.1,0.1,82,14.9,3,20250213
391,5.0,6.9,2.9,0.0,71,7.4,4,20250213
392,3.4,4.7,2.4,0.2,81,8.0,5,20250213
393,3.8,6.0,0.0,8.7,93,11.7,6,20250213
394,4.5,6.5,2.4,10.3,93,7.0,7,20250213
395,13.6,18.9,9.1,0.0,51,6.6,8,20250213
396,26.5,32.5,20.3,0.0,29,11.1,9,20250213
397,18.0,23.0,15.5,2.4,79,6.5,1,20250214
398,23.4,27.8,19.9,0.0,62,4.1,2,20250214
399,7.3,12.6,2.4,0.0,73,4.8,3,20250214
400,7.2,9.7,4.6,0.0,72,8.8,4,20250214
401,2.5,4.9,0.9,0.0,75,9.6,5,20250214
402,-1.2,-0.3,-2.3,0.8,84,6.6,6,20250214
403,-0.4,2.2,-1.7,2.3,86,8.9,7,20250214
404,13.6,19.4,7.8,0.0,50,8.8,8,20250214
405,28.1,34.7,21.2,0.0,31,9.0,9,20250214
406,13.1,15.2,11.4,11.8,88,6.9,1,20250215
407,23.8,28.7,19.4,0.0,62,4.3,2,20250215
408,8.6,14.8,3.3,3.8,57,11.0,3,20250215
409,9.6,12.6,6.9,3.2,80,12.0,4,20250215
410,3.2,5.6,1.8,0.9,84,7.6,5,20250215
411,-1.4,1.6,-3.4,0.0,72,7.0,6,20250215
412,-1.0,2.6,-2.7,0.0,78,7.7,7,20250215
413,15.0,21.2,9.1,0.0,57,8.8,8,20250215
414,28.0,34.2,22.0,0.0,21,10.4,9,20250215
415,14.8,19.5,10.9,1.8,86,8.5,1,20250216
416,24.1,28.6,19.8,0.0,51,3.9,2,20250216
417,8.5,13.5,4.3,0.6,68,7.2,3,20250216
418,7.7,9.8,6.2,3.8,90,12.2,4,20250216
419,2.8,4.3,2.0,0.0,79,10.8,5,20250216
420,-2.5,-1.2,-3.7,3.0,79,8.9,6,20250216
421,-0.1,3.9,-2.6,0.0,80,4.7,7,20250216
422,16.1,22.0,10.7,0.0,54,3.4,8,20250216
423,26.2,32.7,19.7,0.0,9,10.8,9,20250216
424,17.3,21.8,13.5,0.5,85,5.9,1,20250217
425,23.8,28.5,19.2,0.0,60,4.3,2,20250217
426,9.8,15.9,4.9,0.0,67,6.0,3,20250217
427,5.5,6.1,4.9,19.8,93,15.7,4,20250217
428,1.7,5.1,-0.5,0.0,76,9.6,5,20250217
429,-2.4,1.1,-5.1,0.0,66,8.6,6,20250217
430,0.2,3.2,-2.5,0.0,82,5.9,7,20250217
431,17.1,22.6,11.4,0.0,44,7.8,8,20250217
432,27.1,34.9,19.2,0.0,11,10.2,9,20250217
433,15.1,17.9,13.0,1.2,77,6.1,1,20250218
434,24.4,30.0,20.1,0.0,48,4.5,2,20250218
435,11.0,17.3,5.7,0.0,57,2.8,3,20250218
436,5.7,7.3,4.9,0.5,77,16.0,4,20250218
437,2.4,6.3,-0.1,0.0,77,10.3,5,20250218
438,-2.5,1.1,-5.8,0.0,66,8.7,6,20250218
439,0.6,5.0,-2.3,0.0,84,6.5,7,20250218
440,17.9,23.5,12.6,0.0,32,7.2,8,20250218
441,28.5,35.7,21.4,0.0,14,10.9,9,20250218
442,14.3,18.3,11.3,3.7,70,5.4,1,20250219
443,24.9,30.9,20.3,0.0,47,4.7,2,20250219
444,11.6,16.1,8.7,0.0,55,6.1,3,20250219
445,3.6,5.1,1.8,5.6,81,15.9,4,20250219
446,4.5,7.8,1.4,0.0,80,8.5,5,20250219
447,-2.6,2.5,-6.3,0.0,56,9.0,6,20250219
448,0.4,5.4,-2.8,0.0,82,3.9,7,20250219
449,17.4,22.4,13.3,0.0,55,7.6,8,20250219
450,28.6,35.5,21.7,0.0,12,11.1,9,20250219
451,17.7,24.6,11.9,1.0,56,9.9,1,20250220
452,23.9,28.3,20.0,0.0,63,5.6,2,20250220
453,8.8,11.2,6.5,2.2,82,19.0,3,20250220
454,1.5,3.1,0.0,2.2,68,17.7,4,20250220
455,11.0,12.8,7.9,3.1,91,18.1,5,20250220
456,2.2,10.7,-3.8,0.0,69,4.5,6,20250220
457,2.9,10.8,-0.9,0.0,84,2.0,7,20250220
458,15.9,20.1,12.5,0.2,62,7.9,8,20250220
459,27.4,33.6,21.2,0.0,11,15.0,9,20250220
460,17.6,22.8,12.6,0.0,43,6.4,1,20250221
461,23.5,27.6,19.6,0.0,78,6.4,2,20250221
462,6.2,8.4,2.9,1.4,81,14.9,3,20250221
463,0.6,1.8,-0.5,4.4,74,17.2,4,20250221
464,12.7,15.0,11.1,5.3,86,17.2,5,20250221
465,5.9,13.7,0.7,0.0,81,7.6,6,20250221
466,4.0,11.1,-1.0,0.0,82,1.5,7,20250221
467,13.7,17.4,10.3,0.0,53,7.6,8,20250221
468,26.2,32.7,19.9,0.0,13,13.7,9,20250221
469,20.7,28.7,13.9,0.0,34,10.1,1,20250222
470,23.9,28.2,20.3,0.0,72,5.6,2,20250222
471,4.2,6.4,1.8,2.2,79,7.9,3,20250222
472,-0.4,1.4,-2.4,8.3,75,10.8,4,20250222
473,10.4,12.9,7.9,6.1,87,9.6,5,20250222
474,4.8,11.6,-1.0,0.0,86,4.7,6,20250222
475,5.7,13.7,-0.3,0.0,83,2.9,7,20250222
476,12.8,17.3,8.9,0.0,50,8.9,8,20250222
477,26.3,33.3,19.3,0.0,19,12.5,9,20250222
478,18.4,22.7,14.4,0.0,44,9.0,1,20250223
479,24.6,29.8,20.3,0.0,72,5.0,2,20250223
480,2.6,5.7,-0.0,0.0,77,11.1,3,20250223
481,-1.0,1.5,-3.7,1.0,77,6.7,4,20250223
482,9.0,10.8,6.6,1.4,87,17.9,5,20250223
483,6.7,10.6,4.2,0.2,85,6.6,6,20250223
484,6.7,10.7,3.7,4.4,91,1.9,7,20250223
485,12.4,16.7,9.0,0.0,49,9.8,8,20250223
486,27.5,34.5,20.4,0.0,20,12.8,9,20250223
487,15.2,20.9,11.2,0.2,42,7.1,1,20250224
488,24.5,29.2,20.8,0.0,76,5.2,2,20250224
489,1.3,5.0,-1.2,0.2,73,7.9,3,20250224
490,0.7,3.7,-3.6,0.0,70,4.3,4,20250224
491,10.5,12.5,7.7,13.8,86,16.8,5,20250224
492,8.0,13.2,3.9,0.6,83,5.1,6,20250224
493,6.0,10.2,2.3,0.0,90,2.4,7,20250224
494,11.8,15.9,8.0,0.1,52,9.1,8,20250224
495,28.3,34.9,21.7,0.0,24,14.3,9,20250224
496,10.1,13.5,7.0,0.0,35,10.5,1,20250225
497,24.9,29.4,20.5,0.0,71,5.6,2,20250225
498,2.7,8.8,-2.4,0.0,64,5.5,3,20250225
499,4.5,7.0,0.8,0.0,67,6.8,4,20250225
500,8.1,10.4,5.4,0.8,80,8.7,5,20250225
501,8.6,13.4,5.4,2.7,76,6.6,6,20250225
502,6.6,9.7,3.8,0.4,88,3.6,7,20250225
503,11.6,16.1,7.1,0.0,51,10.8,8,20250225
504,28.7,35.2,22.3,0.0,21,13.2,9,20250225
505,11.3,17.0,6.6,0.0,18,5.5,1,20250226
506,26.9,33.0,22.5,0.0,51,9.6,2,20250226
507,5.3,11.2,0.3,0.0,57,4.9,3,20250226
508,5.7,9.7,0.4,0.0,80,3.7,4,20250226
509,5.5,7.8,3.2,5.8,87,12.3,5,20250226
510,5.2,6.7,3.7,6.6,81,16.0,6,20250226
511,4.5,6.2,0.6,1.4,81,15.9,7,20250226
512,13.4,18.8,9.0,0.0,48,11.4,8,20250226
513,29.4,36.3,22.3,0.0,18,10.4,9,20250226
514,12.7,18.8,10.0,0.0,29,5.9,1,20250227
515,26.3,32.8,20.3,0.0,40,7.2,2,20250227
516,7.5,13.2,2.4,0.0,40,3.2,3,20250227
517,9.5,12.6,6.6,0.0,74,4.7,4,20250227
518,5.6,9.2,3.2,0.0,75,11.4,5,20250227
519,2.9,6.7,0.2,1.3,86,9.7,6,20250227
520,1.5,4.7,-1.0,5.2,94,4.9,7,20250227
521,14.9,20.5,9.7,0.0,52,11.0,8,20250227
522,30.2,37.5,22.6,0.0,20,11.5,9,20250227
523,13.2,18.2,8.4,0.0,26,6.2,1,20250228
524,26.0,32.8,21.1,0.0,44,5.0,2,20250228
525,9.0,14.7,4.4,0.0,40,5.7,3,20250228
526,9.4,13.0,6.4,0.7,83,9.1,4,20250228
527,4.7,8.8,0.9,0.0,77,4.9,5,20250228
528,2.2,6.4,-0.4,3.3,82,10.0,6,20250228
529,2.6,6.6,-1.0,0.2,79,4.4,7,20250228
530,15.9,21.9,10.0,0.0,50,7.7,8,20250228
531,29.3,35.6,23.4,0.0,17,13.7,9,20250228
532,16.8,22.9,10.9,0.0,28,9.7,1,20250301
533,25.8,30.3,21.5,0.0,44,5.5,2,20250301
534,8.9,13.4,5.5,0.2,72,9.0,3,20250301
535,7.3,11.7,4.9,0.0,84,10.8,4,20250301
536,4.0,8.8,0.1,0.0,84,3.9,5,20250301
537,1.4,5.0,-1.2,0.1,85,6.1,6,20250301
538,2.1,5.0,0.3,0.0,82,13.3,7,20250301
539,16.5,21.8,11.4,0.0,48,6.0,8,20250301
540,27.5,34.5,20.8,0.0,13,13.8,9,20250301
541,16.1,20.9,10.5,0.0,25,8.6,1,20250302
542,25.0,29.2,21.0,0.0,56,5.6,2,20250302
543,10.5,17.2,4.7,0.0,61,4.1,3,20250302
544,7.3,13.1,3.9,3.3,81,9.0,4,20250302
545,3.6,8.7,-1.3,0.0,85,2.8,5,20250302
546,1.6,7.1,-2.2,0.0,79,7.8,6,20250302
547,2.7,7.2,-0.4,0.0,78,7.9,7,20250302
548,16.7,22.6,10.7,0.0,55,8.0,8,20250302
549,27.8,35.2,20.5,0.0,14,12.1,9,20250302
550,15.9,20.6,10.6,0.0,18,6.7,1,20250303
551,25.5,31.7,20.9,0.0,53,10.3,2,20250303
552,13.3,19.5,8.4,0.0,34,7.0,3,20250303
553,5.8,7.1,4.1,1.8,80,15.5,4,20250303
554,4.3,10.3,-0.8,0.0,81,2.3,5,20250303
555,2.2,8.9,-2.5,0.0,68,4.5,6,20250303
556,2.6,9.2,-1.8,0.0,85,2.3,7,20250303
557,17.0,23.5,10.5,0.0,57,9.2,8,20250303
558,27.5,34.9,19.8,0.0,13,9.5,9,20250303
559,16.7,22.4,12.0,2.2,32,11.4,1,20250304
560,25.9,29.6,22.3,0.0,46,10.3,2,20250304
561,14.1,20.2,8.7,0.0,34,5.6,3,20250304
562,5.5,7.4,4.1,0.2,73,16.6,4,20250304
563,5.3,10.9,0.8,0.0,79,4.1,5,20250304
564,3.2,10.1,-1.3,0.0,63,3.9,6,20250304
565,3.0,10.8,-3.3,0.0,84,1.3,7,20250304
566,16.7,21.7,11.7,0.0,60,9.3,8,20250304
567,27.8,34.9,20.2,0.0,12,8.8,9,20250304
568,21.4,27.7,14.8,0.0,40,7.8,1,20250305
569,25.6,28.4,23.7,0.3,72,9.2,2,20250305
570,11.9,17.5,8.9,0.2,57,9.0,3,20250305
571,6.1,10.2,3.2,0.0,75,12.7,4,20250305
572,6.4,12.9,1.0,0.0,77,6.8,5,20250305
573,4.5,12.4,-1.4,0.0,71,3.5,6,20250305
574,3.9,12.3,-2.4,0.0,81,1.0,7,20250305
575,16.0,22.1,11.2,1.8,62,5.7,8,20250305
576,28.2,35.6,20.2,0.0,10,9.2,9,20250305
577,22.7,27.5,18.6,0.9,50,8.9,1,20250306
578,25.1,29.0,21.6,0.0,74,5.1,2,20250306
579,10.6,16.4,6.5,0.5,69,15.9,3,20250306
580,8.1,15.1,3.4,0.0,66,10.7,4,20250306
581,9.4,15.8,4.6,0.0,69,7.8,5,20250306
582,6.5,14.9,-1.4,0.0,70,6.2,6,20250306
583,5.8,14.4,0.5,0.0,72,2.4,7,20250306
584,16.4,22.1,11.8,0.0,64,5.0,8,20250306
585,26.6,32.5,20.7,0.0,14,13.4,9,20250306
586,23.3,28.3,19.4,2.1,56,6.3,1,20250307
587,23.9,27.8,20.2,0.0,74,6.2,2,20250307
588,9.5,11.8,8.1,21.1,90,13.4,3,20250307
589,8.4,13.1,5.5,0.0,61,15.1,4,20250307
590,12.2,16.0,9.7,0.0,74,10.3,5,20250307
591,6.5,14.5,-0.5,0.0,70,5.0,6,20250307
592,6.3,14.3,0.4,0.0,69,2.4,7,20250307
593,17.3,23.8,12.0,0.0,62,6.0,8,20250307
594,24.6,30.7,18.6,0.0,18,12.5,9,20250307
595,21.8,26.8,18.5,3.0,54,7.2,1,20250308
596,23.4,27.6,19.1,0.0,77,6.9,2,20250308
597,11.4,16.1,8.0,0.1,85,13.2,3,20250308
598,8.8,13.3,6.4,0.0,77,13.1,4,20250308
599,11.2,15.8,7.0,0.0,71,9.4,5,20250308
600,6.6,14.6,-0.8,0.0,67,5.2,6,20250308
601,6.3,15.3,-0.3,0.0,72,2.5,7,20250308
602,17.7,24.4,13.0,0.0,61,5.5,8,20250308
603,24.5,30.9,17.7,0.0,16,10.9,9,20250308
604,21.4,26.8,16.0,0.0,37,4.7,1,20250309
605,25.0,29.2,20.2,0.0,76,6.5,2,20250309
606,11.7,17.5,6.7,0.1,72,5.3,3,20250309
607,8.9,12.0,6.4,0.0,86,6.0,4,20250309
608,10.9,16.2,7.1,0.0,72,9.5,5,20250309
609,8.3,17.3,1.3,0.0,66,5.9,6,20250309
610,8.1,17.6,1.1,0.0,64,3.9,7,20250309
611,18.9,25.5,13.3,0.0,47,4.9,8,20250309
612,25.9,32.8,18.5,0.0,16,11.4,9,20250309
613,21.7,26.2,17.2,0.1,41,9.7,1,20250310
614,25.1,29.8,21.4,0.1,74,5.9,2,20250310
615,11.7,17.0,7.3,0.5,72,5.5,3,20250310
616,10.1,15.5,6.6,0.0,80,6.3,4,20250310
617,9.2,13.8,6.9,0.4,79,9.0,5,20250310
618,7.7,11.5,4.7,2.9,76,10.8,6,20250310
619,7.1,10.9,4.0,1.2,82,5.5,7,20250310
620,20.5,26.8,14.6,0.0,36,7.8,8,20250310
621,26.7,33.1,19.8,0.0,18,11.6,9,20250310
622,21.3,27.6,16.8,0.0,43,8.3,1,20250311
623,25.8,31.1,21.1,0.0,49,4.5,2,20250311
624,13.4,18.9,8.2,0.0,65,5.2,3,20250311
625,13.4,18.2,9.4,0.0,67,14.0,4,20250311
626,6.5,8.2,4.2,0.4,74,12.7,5,20250311
627,7.6,13.8,2.6,0.0,75,5.2,6,20250311
628,7.0,13.7,1.7,1.1,79,2.6,7,20250311
629,20.7,26.6,14.6,0.0,36,8.3,8,20250311
630,27.4,34.2,20.1,0.0,16,11.5,9,20250311
631,20.4,25.8,15.7,0.0,46,9.0,1,20250312
632,26.6,32.9,21.5,0.0,44,4.3,2,20250312
633,15.4,21.3,9.6,0.0,53,10.1,3,20250312
634,16.3,21.3,13.1,0.8,57,15.5,4,20250312
635,4.4,7.4,2.1,4.0,79,7.2,5,20250312
636,6.1,10.7,2.2,3.2,88,4.8,6,20250312
637,5.8,8.2,4.3,5.2,95,3.4,7,20250312
638,20.5,28.5,13.5,0.0,58,10.4,8,20250312
639,27.7,35.0,19.8,0.0,14,8.8,9,20250312
640,21.2,26.5,17.2,0.1,42,6.1,1,20250313
641,27.0,33.4,22.2,0.0,45,5.0,2,20250313
642,17.5,24.4,11.9,0.0,47,14.2,3,20250313
643,17.2,21.5,13.3,0.0,53,11.5,4,20250313
644,3.7,7.1,1.5,0.7,82,10.5,5,20250313
645,4.3,6.6,1.6,6.1,92,6.6,6,20250313
646,5.4,9.4,3.0,3.8,85,6.7,7,20250313
647,23.9,31.9,16.4,0.0,35,5.4,8,20250313
648,29.1,36.8,21.0,0.0,11,8.6,9,20250313
649,22.3,28.1,16.9,0.0,32,6.8,1,20250314
650,27.9,32.2,23.5,0.0,47,4.2,2,20250314
651,19.2,26.3,13.0,0.0,42,5.9,3,20250314
652,18.8,24.0,14.9,0.0,44,12.6,4,20250314
653,3.6,7.9,0.0,0.4,82,6.3,5,20250314
654,3.5,5.9,1.4,4.8,86,6.0,6,20250314
655,4.0,7.2,1.3,0.5,77,7.0,7,20250314
656,25.6,32.5,18.2,0.0,25,6.4,8,20250314
657,30.8,38.2,22.8,0.0,13,9.9,9,20250314
658,22.7,28.3,17.4,0.0,23,6.7,1,20250315
659,28.7,34.5,24.1,0.0,37,7.0,2,20250315
660,21.3,27.7,14.9,0.0,34,5.4,3,20250315
661,18.7,25.3,13.5,0.0,51,11.0,4,20250315
662,4.0,7.7,0.9,0.2,70,12.4,5,20250315
663,3.7,5.0,2.2,2.4,84,16.2,6,20250315
664,4.5,6.5,3.2,1.7,81,13.7,7,20250315
665,23.9,31.2,17.2,0.0,40,11.2,8,20250315
666,31.7,38.4,24.1,0.0,16,11.5,9,20250315
667,21.7,24.7,16.7,1.1,31,5.2,1,20250316
668,28.2,33.6,24.0,0.0,36,6.2,2,20250316
669,21.8,28.3,15.1,0.0,32,5.6,3,20250316
670,20.4,25.3,17.0,0.0,42,14.8,4,20250316
671,3.9,8.0,-0.4,0.0,74,11.2,5,20250316
672,3.0,4.7,1.7,0.4,85,10.3,6,20250316
673,3.4,4.9,2.4,6.3,92,5.3,7,20250316
674,25.7,35.0,17.6,0.0,40,9.7,8,20250316
675,31.7,38.3,24.8,0.0,17,9.3,9,20250316
676,23.6,29.0,17.6,0.0,31,6.0,1,20250317
677,27.1,31.3,23.5,0.0,49,5.3,2,20250317
678,22.0,28.6,16.1,0.0,24,4.7,3,20250317
679,14.7,19.8,10.0,0.3,68,9.8,4,20250317
680,5.8,8.1,4.0,0.3,79,11.7,5,20250317
681,2.3,4.9,-0.9,0.2,76,9.2,6,20250317
682,4.3,8.0,1.9,0.0,77,10.9,7,20250317
683,27.8,35.6,19.4,0.0,27,6.3,8,20250317
684,31.7,38.6,23.6,0.0,15,8.5,9,20250317
685,25.9,31.8,19.3,0.0,24,4.6,1,20250318
686,26.8,30.5,23.6,0.0,61,5.4,2,20250318
687,20.9,26.2,15.7,0.0,36,9.3,3,20250318
688,6.9,10.0,2.9,21.5,83,20.3,4,20250318
689,5.7,10.1,2.4,0.0,69,11.6,5,20250318
690,0.6,5.6,-3.1,0.0,58,14.2,6,20250318
691,3.3,9.7,-2.0,0.0,73,7.4,7,20250318
692,23.6,30.1,17.5,0.0,46,8.9,8,20250318
693,32.4,39.0,25.0,0.0,16,8.5,9,20250318
694,28.3,35.3,21.2,0.0,19,8.3,1,20250319
695,27.8,33.0,23.7,0.0,58,5.5,2,20250319
696,13.9,17.8,10.1,0.0,65,12.9,3,20250319
697,5.0,6.6,3.8,0.9,54,20.8,4,20250319
698,8.5,16.5,1.9,0.0,72,5.7,5,20250319
699,3.3,11.1,-2.8,0.0,72,4.5,6,20250319
700,5.2,13.3,-1.1,0.0,72,1.8,7,20250319
701,19.3,26.0,14.6,0.0,55,10.2,8,20250319
702,32.6,39.6,23.5,0.0,13,8.7,9,20250319
703,29.0,33.7,25.5,0.4,21,10.8,1,20250320
704,27.2,31.3,23.4,0.0,64,6.1,2,20250320
705,8.5,11.0,5.4,1.6,76,27.7,3,20250320
706,6.4,8.9,4.0,2.8,74,12.6,4,20250320
707,12.4,19.2,5.7,0.0,70,6.2,5,20250320
708,7.8,16.3,0.5,0.0,68,6.5,6,20250320
709,7.6,16.8,0.6,0.0,71,1.8,7,20250320
710,15.6,19.5,13.7,0.0,44,16.2,8,20250320
711,32.6,38.9,26.1,0.0,15,11.4,9,20250320
712,24.3,28.1,21.2,4.0,53,5.8,1,20250321
713,27.2,32.5,22.7,0.0,54,6.2,2,20250321
714,5.9,8.1,3.7,2.5,82,14.3,3,20250321
715,7.6,10.9,5.1,0.0,65,9.3,4,20250321
716,13.1,17.1,9.5,0.8,69,11.5,5,20250321
717,9.9,17.5,2.7,0.0,64,8.9,6,20250321
718,9.3,17.7,2.7,0.0,66,3.9,7,20250321
719,15.4,19.2,12.4,0.1,45,11.1,8,20250321
720,29.6,35.8,24.5,0.0,15,15.4,9,20250321
721,22.7,28.3,19.4,6.6,65,5.3,1,20250322
722,25.8,29.6,21.0,0.0,68,7.5,2,20250322
723,7.7,12.0,4.3,0.5,77,5.8,3,20250322
724,8.1,11.6,4.7,0.0,62,4.8,4,20250322
725,12.9,15.5,11.0,1.4,82,7.7,5,20250322
726,11.1,16.7,6.5,0.0,66,7.7,6,20250322
727,12.0,17.8,7.0,0.0,58,6.5,7,20250322
728,15.4,20.0,10.9,0.0,49,7.5,8,20250322
729,24.5,30.8,18.3,0.0,13,14.7,9,20250322
730,17.7,20.3,15.3,0.0,54,11.0,1,20250323
731,26.3,29.8,22.3,0.0,67,7.5,2,20250323
732,9.6,16.0,4.2,0.0,67,3.6,3,20250323
733,10.8,16.1,6.2,1.0,61,6.2,4,20250323
734,10.8,14.7,8.2,2.8,88,8.1,5,20250323
735,9.4,13.9,7.0,3.5,77,8.0,6,20250323
736,9.1,13.1,6.4,3.6,80,4.7,7,20250323
737,16.3,22.5,9.7,0.0,47,8.8,8,20250323
738,23.7,31.0,16.2,0.0,14,12.6,9,20250323
739,17.2,21.8,12.7,0.0,29,10.8,1,20250324
740,26.8,30.2,23.2,0.0,69,6.7,2,20250324
741,13.1,20.7,6.5,0.0,50,3.5,3,20250324
742,14.3,16.9,10.5,1.1,61,15.6,4,20250324
743,9.3,12.7,7.1,0.0,76,8.5,5,20250324
744,8.2,12.5,5.1,6.0,87,5.4,6,20250324
745,8.9,14.0,4.9,1.4,83,4.1,7,20250324
746,18.3,25.9,12.2,0.0,49,14.4,8,20250324
747,25.6,33.6,17.0,0.0,16,10.4,9,20250324
748,18.2,23.6,12.7,0.0,22,9.0,1,20250325
749,29.3,33.5,26.1,0.0,26,25.0,2,20250325
750,17.9,24.7,11.5,0.0,31,4.1,3,20250325
751,16.2,19.1,13.8,0.0,53,12.6,4,20250325
752,10.1,14.5,4.9,0.2,82,7.5,5,20250325
753,8.8,13.0,5.7,6.9,86,7.0,6,20250325
754,8.4,13.7,5.0,5.5,88,2.2,7,20250325
755,21.3,29.9,14.0,0.0,46,13.0,8,20250325
756,28.7,36.6,19.9,0.0,17,9.0,9,20250325
757,19.9,25.0,14.1,0.0,17,7.1,1,20250326
758,28.1,33.3,23.6,0.0,8,19.3,2,20250326
759,20.3,26.7,14.3,0.0,25,5.8,3,20250326
760,15.4,20.2,12.3,0.0,63,6.8,4,20250326
761,12.0,15.6,9.3,0.3,75,4.8,5,20250326
762,7.2,10.4,4.2,10.3,86,9.0,6,20250326
763,8.1,11.2,4.6,7.0,85,4.2,7,20250326
764,24.2,32.9,16.7,0.0,38,9.8,8,20250326
765,30.9,37.8,23.1,0.0,22,8.8,9,20250326
766,22.3,28.2,15.4,0.0,18,3.5,1,20250327
767,26.7,32.6,21.5,0.0,18,12.2,2,20250327
768,22.3,29.2,15.7,0.0,23,8.7,3,20250327
769,16.2,23.4,11.9,0.0,50,10.6,4,20250327
770,10.1,14.9,5.8,0.0,81,9.3,5,20250327
771,6.3,8.3,4.7,1.2,86,8.0,6,20250327
772,7.8,10.2,6.0,0.1,79,13.0,7,20250327
773,27.1,35.8,18.2,0.0,35,5.4,8,20250327
774,31.8,38.5,23.7,0.0,17,7.2,9,20250327
775,24.8,30.6,18.1,0.0,16,5.8,1,20250328
776,26.1,30.9,21.9,0.0,32,6.5,2,20250328
777,23.0,29.6,17.0,0.0,18,7.7,3,20250328
778,13.2,19.3,10.8,1.8,72,14.7,4,20250328
779,10.1,14.2,7.4,0.8,72,13.3,5,20250328
780,7.0,11.6,1.9,0.1,74,6.5,6,20250328
781,6.2,10.1,2.2,0.0,83,4.0,7,20250328
782,26.5,32.7,18.9,0.0,27,11.3,8,20250328
783,32.8,39.8,24.2,0.0,17,4.7,9,20250328
784,26.4,32.4,20.1,0.0,12,6.8,1,20250329
785,24.7,28.9,20.5,0.0,62,7.5,2,20250329
786,18.2,22.3,14.6,2.8,59,7.9,3,20250329
787,13.5,17.4,9.9,1.2,76,5.6,4,20250329
788,8.6,13.6,3.7,0.0,63,11.3,5,20250329
789,7.3,8.8,6.0,9.9,89,10.6,6,20250329
790,7.6,10.4,6.1,9.6,89,4.8,7,20250329
791,20.1,25.7,14.5,0.0,52,7.0,8,20250329
792,33.7,40.6,26.2,0.0,13,7.5,9,20250329
793,27.3,33.0,22.0,0.0,12,10.5,1,20250330
794,25.1,29.1,20.7,0.0,63,7.6,2,20250330
795,13.6,18.2,10.4,2.7,68,10.2,3,20250330
796,13.7,18.2,9.8,0.2,74,5.6,4,20250330
797,12.2,15.9,9.6,0.0,65,14.6,5,20250330
798,8.3,12.3,5.3,4.2,73,15.3,6,20250330
799,8.5,13.6,3.4,1.2,75,7.8,7,20250330
800,21.3,27.7,14.2,0.0,38,5.9,8,20250330
801,34.1,41.1,26.1,0.0,12,8.2,9,20250330
802,29.1,35.5,23.3,0.0,13,10.4,1,20250331
803,25.5,29.8,21.1,0.0,61,7.3,2,20250331
804,15.1,21.3,8.6,0.0,46,8.1,3,20250331
805,13.1,18.6,9.5,0.6,78,8.1,4,20250331
806,10.6,16.3,5.9,0.0,62,6.5,5,20250331
807,5.2,7.5,3.2,5.5,81,13.8,6,20250331
808,7.0,10.6,4.2,0.8,73,7.9,7,20250331
809,25.0,31.6,18.6,0.0,17,9.1,8,20250331
810,35.2,43.1,26.2,0.0,10,8.1,9,20250331
811,30.4,36.3,24.1,0.0,15,9.2,1,20250401
812,26.0,30.8,21.1,0.0,56,5.0,2,20250401
813,18.9,24.5,15.1,1.3,47,12.1,3,20250401
814,12.2,17.6,9.3,6.2,84,12.6,4,20250401
815,9.2,13.7,5.4,0.0,68,14.1,5,20250401
816,4.7,8.0,1.6,2.9,81,10.4,6,20250401
817,6.1,9.7,3.0,0.0,68,19.8,7,20250401
818,23.7,28.0,20.2,0.4,24,7.7,8,20250401
819,36.3,43.8,28.0,0.0,12,5.7,9,20250401
820,32.5,38.5,26.0,0.0,13,7.3,1,20250402
821,27.0,31.4,23.0,0.0,48,4.5,2,20250402
822,17.3,21.7,13.1,0.0,48,11.9,3,20250402
823,10.7,13.5,9.1,0.3,89,13.8,4,20250402
824,11.1,15.9,7.3,0.0,60,16.0,5,20250402
825,8.3,13.3,4.4,0.0,70,19.5,6,20250402
826,8.7,15.8,2.5,0.0,71,10.7,7,20250402
827,22.7,28.2,16.8,0.0,30,6.6,8,20250402
828,37.1,44.3,29.2,0.0,13,7.8,9,20250402
829,33.1,38.4,27.9,0.0,13,9.0,1,20250403
830,27.2,31.8,22.2,0.0,49,5.0,2,20250403
831,16.0,22.1,9.9,0.0,40,6.5,3,20250403
832,11.6,14.8,9.6,3.2,82,8.1,4,20250403
833,13.2,18.6,8.8,0.0,61,13.2,5,20250403
834,10.3,16.3,5.7,0.0,65,12.7,6,20250403
835,10.0,18.0,3.6,0.0,73,4.2,7,20250403
836,22.4,28.9,15.9,0.0,33,7.9,8,20250403
837,36.0,42.5,29.0,0.0,15,12.6,9,20250403
838,32.1,37.5,25.9,0.0,12,12.2,1,20250404
839,26.6,31.3,21.9,0.0,68,5.9,2,20250404
840,15.2,20.6,10.7,0.0,50,8.1,3,20250404
841,11.5,15.7,8.6,0.1,76,7.1,4,20250404
842,14.8,21.4,10.1,0.0,56,12.2,5,20250404
843,10.5,17.2,4.0,0.0,64,8.5,6,20250404
844,11.0,19.2,3.6,0.0,76,3.8,7,20250404
845,20.6,26.1,15.0,0.0,48,6.8,8,20250404
846,34.1,40.2,27.6,0.0,13,13.7,9,20250404
847,32.8,38.1,27.3,0.0,11,8.6,1,20250405
848,26.4,30.4,23.2,0.0,72,5.7,2,20250405
849,14.1,19.3,8.7,0.0,57,9.5,3,20250405
850,10.5,14.0,8.5,0.0,87,7.4,4,20250405
851,11.3,17.8,6.5,0.0,55,15.2,5,20250405
852,10.6,18.0,3.0,0.0,64,7.7,6,20250405
853,11.6,19.0,4.7,0.0,66,2.2,7,20250405
854,22.6,29.6,15.0,0.0,41,5.5,8,20250405
855,32.8,39.3,26.6,0.0,15,12.8,9,20250405
856,30.1,34.9,25.9,0.0,21,12.6,1,20250406
857,26.4,30.4,22.4,0.0,65,5.2,2,20250406
858,20.7,28.7,12.7,0.0,24,12.2,3,20250406
859,11.7,17.4,7.9,8.0,77,17.9,4,20250406
860,9.8,15.2,6.3,0.0,54,13.6,5,20250406
861,3.6,6.4,0.4,0.0,56,10.8,6,20250406
862,7.5,10.4,3.4,0.0,59,14.2,7,20250406
863,25.2,33.2,17.0,0.0,28,8.8,8,20250406
864,33.6,40.8,26.2,0.0,17,10.0,9,20250406
865,29.3,35.3,24.4,0.0,22,9.4,1,20250407
866,27.4,33.2,22.6,0.0,65,5.2,2,20250407
867,22.6,27.1,18.2,0.0,25,9.1,3,20250407
868,6.8,9.2,5.0,8.3,84,17.8,4,20250407
869,9.3,15.0,4.2,0.0,55,10.0,5,20250407
870,3.2,8.1,-1.9,0.0,56,9.2,6,20250407
871,5.6,12.2,-0.4,0.0,60,7.7,7,20250407
872,22.6,29.1,15.8,0.0,47,9.6,8,20250407
873,34.4,41.2,26.3,0.0,14,7.5,9,20250407
874,29.7,35.4,23.3,0.0,22,6.5,1,20250408
875,28.0,32.9,23.8,0.0,58,5.8,2,20250408
876,25.0,31.2,18.8,0.0,24,10.2,3,20250408
877,6.7,9.0,4.9,0.0,62,14.6,4,20250408
878,9.9,16.0,4.1,0.0,56,8.1,5,20250408
879,5.8,11.6,0.2,0.0,61,7.4,6,20250408
880,6.8,13.9,0.3,0.0,66,5.2,7,20250408
881,27.0,37.0,16.4,0.0,31,11.2,8,20250408
882,35.1,41.6,27.5,0.0,9,7.1,9,20250408
883,32.2,38.4,25.5,0.0,19,6.4,1,20250409
884,28.6,34.1,23.9,0.0,53,6.1,2,20250409
885,22.0,25.9,12.9,0.0,34,13.8,3,20250409
886,7.2,9.7,5.5,0.0,56,10.6,4,20250409
887,9.0,13.5,3.9,0.0,61,10.2,5,20250409
888,6.2,10.8,1.0,0.0,66,5.6,6,20250409
889,8.4,15.1,2.2,0.0,69,4.0,7,20250409
890,21.5,26.5,17.0,0.0,54,10.3,8,20250409
891,36.0,43.0,27.5,0.0,7,8.4,9,20250409
892,34.2,39.4,28.1,0.0,13,10.8,1,20250410
893,28.4,32.9,24.2,0.0,56,6.3,2,20250410
894,12.2,16.6,8.8,0.0,64,17.5,3,20250410
895,9.2,11.9,6.2,2.7,64,15.0,4,20250410
896,10.6,16.0,5.4,0.0,61,5.3,5,20250410
897,8.1,13.7,3.3,0.0,65,8.6,6,20250410
898,9.5,16.4,2.8,0.0,65,2.3,7,20250410
899,18.4,23.8,14.4,0.2,49,10.6,8,20250410
900,36.2,43.1,29.1,0.0,9,12.8,9,20250410
901,31.8,36.6,26.3,0.0,18,7.9,1,20250411
902,27.6,31.5,24.2,0.0,65,7.3,2,20250411
903,10.4,14.3,7.4,0.5,64,14.2,3,20250411
904,6.1,8.6,2.9,4.9,54,15.4,4,20250411
905,14.3,22.6,6.4,0.0,56,5.2,5,20250411
906,9.9,16.7,3.9,0.0,68,8.6,6,20250411
907,10.4,18.3,3.3,0.0,68,1.7,7,20250411
908,17.0,21.4,12.6,0.0,47,9.3,8,20250411
909,31.7,37.6,26.2,0.0,14,16.7,9,20250411
910,30.7,35.9,26.4,0.0,18,8.4,1,20250412
911,27.5,31.7,24.2,0.2,77,9.8,2,20250412
912,10.7,14.7,7.4,0.9,73,14.6,3,20250412
913,8.1,9.5,5.6,4.6,66,12.7,4,20250412
914,15.3,22.2,8.0,0.0,50,8.7,5,20250412
915,11.7,18.8,4.0,0.0,68,8.0,6,20250412
916,11.5,19.8,4.1,0.0,74,2.9,7,20250412
917,18.2,23.7,12.4,0.0,49,5.9,8,20250412
918,28.6,35.0,22.0,0.0,11,13.8,9,20250412
919,26.8,31.8,20.8,0.0,25,9.7,1,20250413
920,28.0,31.6,24.6,0.0,73,10.0,2,20250413
921,11.3,16.7,7.3,0.2,62,8.1,3,20250413
922,7.9,11.3,3.6,0.0,68,5.8,4,20250413
923,13.7,16.5,11.0,0.3,57,11.5,5,20250413
924,13.3,18.5,9.0,0.0,70,7.1,6,20250413
925,12.6,17.2,8.8,0.2,77,6.3,7,20250413
926,18.3,22.6,13.8,0.0,46,9.9,8,20250413
927,27.9,34.2,21.1,0.0,12,10.0,9,20250413
928,29.3,35.5,22.9,0.0,18,9.4,1,20250414
929,28.2,31.6,25.2,0.0,73,9.7,2,20250414
930,10.8,14.6,7.0,0.6,66,13.1,3,20250414
931,9.9,14.0,6.6,0.0,61,9.2,4,20250414
932,11.3,15.1,6.4,0.1,65,10.5,5,20250414
933,13.6,18.9,8.9,0.1,77,7.0,6,20250414
934,13.7,18.9,9.4,3.4,79,5.3,7,20250414
935,19.0,25.4,13.2,0.0,47,8.0,8,20250414
936,28.5,35.1,20.8,0.0,13,10.4,9,20250414
937,25.5,30.6,19.8,0.0,16,9.4,1,20250415
938,28.1,31.8,25.2,0.0,76,9.2,2,20250415
939,11.7,16.7,8.3,0.1,63,16.1,3,20250415
940,11.5,18.5,6.2,0.0,64,10.8,4,20250415
941,12.7,17.5,9.9,9.8,77,8.4,5,20250415
942,15.2,20.7,10.7,0.0,71,5.7,6,20250415
943,12.5,18.1,7.7,1.4,84,2.5,7,20250415
944,19.5,25.7,13.7,0.0,49,5.3,8,20250415
945,29.6,36.7,21.3,0.0,13,9.9,9,20250415
946,25.4,30.7,20.1,0.0,18,8.2,1,20250416
947,28.0,31.8,25.0,0.0,75,8.4,2,20250416
948,14.2,21.3,6.5,0.0,41,5.5,3,20250416
949,14.2,21.1,8.8,0.0,49,8.6,4,20250416
950,11.1,14.9,8.5,0.2,58,19.6,5,20250416
951,15.9,24.0,8.8,0.0,64,10.0,6,20250416
952,10.9,15.8,8.1,1.9,84,7.7,7,20250416
953,20.1,26.9,13.9,0.0,44,13.2,8,20250416
954,31.2,38.7,23.3,0.0,11,9.4,9,20250416
955,24.2,29.9,18.5,0.0,21,8.0,1,20250417
956,27.5,31.3,24.1,0.0,76,8.0,2,20250417
957,18.1,24.0,12.0,0.0,28,8.2,3,20250417
958,13.7,19.6,9.8,0.0,65,14.3,4,20250417
959,11.7,17.4,5.8,0.0,58,6.0,5,20250417
960,11.6,17.0,7.6,0.0,81,9.4,6,20250417
961,7.5,9.3,5.7,12.9,90,9.7,7,20250417
962,21.5,30.0,14.3,0.0,48,13.4,8,20250417
963,32.6,39.9,24.6,0.0,8,10.5,9,20250417
964,25.3,30.5,19.9,0.0,23,6.7,1,20250418
965,27.4,31.6,23.7,0.0,70,7.4,2,20250418
966,21.1,27.5,14.4,0.0,21,9.2,3,20250418
967,12.6,20.0,8.3,0.5,75,11.2,4,20250418
968,13.0,16.9,9.1,0.1,58,12.3,5,20250418
969,8.9,10.9,7.1,0.8,75,11.7,6,20250418
970,7.6,10.8,5.5,1.9,80,5.6,7,20250418
971,22.7,31.5,14.8,0.0,46,11.7,8,20250418
972,32.9,40.1,24.8,0.0,7,9.3,9,20250418
973,26.9,31.9,22.1,0.0,20,6.8,1,20250419
974,27.5,32.6,23.2,0.0,65,6.7,2,20250419
975,22.9,29.7,16.6,0.0,20,6.3,3,20250419
976,12.1,18.4,8.6,0.0,76,8.3,4,20250419
977,12.6,16.0,8.1,0.2,57,15.6,5,20250419
978,11.5,19.2,3.8,0.0,71,4.7,6,20250419
979,10.0,19.1,1.6,0.0,76,4.9,7,20250419
980,23.9,32.7,15.7,0.0,39,9.7,8,20250419
981,33.3,40.3,25.5,0.0,8,9.8,9,20250419
982,28.0,32.6,24.1,0.0,24,8.4,1,20250420
983,28.2,33.1,24.2,0.0,59,5.5,2,20250420
984,22.3,29.6,15.4,0.0,23,6.6,3,20250420
985,12.9,17.5,8.8,0.0,71,5.6,4,20250420
986,10.1,15.3,5.4,0.0,67,11.5,5,20250420
987,14.0,23.6,6.9,0.0,63,8.3,6,20250420
988,10.0,13.5,6.5,2.6,76,7.8,7,20250420
989,25.0,33.3,16.9,0.0,30,8.1,8,20250420
990,33.6,40.0,25.9,0.0,9,10.4,9,20250420
991,30.3,35.8,24.5,0.0,22,9.2,1,20250421
992,30.4,37.2,25.1,0.0,36,5.5,2,20250421
993,20.7,26.4,13.6,0.0,26,7.9,3,20250421
994,14.9,22.7,9.1,0.0,66,6.3,4,20250421
995,12.2,16.1,9.7,3.7,73,5.6,5,20250421
996,12.1,17.1,7.6,0.0,65,6.5,6,20250421
997,9.7,15.2,5.0,0.3,79,5.8,7,20250421
998,28.0,36.5,18.8,0.0,34,6.0,8,20250421
999,35.7,42.8,26.7,0.0,10,8.1,9,20250421
1000,33.1,38.7,26.7,0.0,14,10.3,1,20250422
1001,30.7,36.4,26.1,0.0,39,4.4,2,20250422
1002,25.6,32.2,19.4,0.0,16,12.1,3,20250422
1003,14.4,19.4,10.9,0.0,68,14.3,4,20250422
1004,11.9,17.4,6.9,0.0,64,10.1,5,20250422
1005,13.3,17.2,9.8,0.0,57,7.0,6,20250422
1006,11.5,17.2,5.6,0.0,73,2.2,7,20250422
1007,34.2,41.3,27.4,0.0,12,11.2,8,20250422
1008,37.1,43.1,30.8,0.0,19,9.9,9,20250422
1009,32.7,37.9,26.3,0.0,9,8.2,1,20250423
1010,30.1,34.5,26.3,0.0,49,4.4,2,20250423
1011,27.0,33.7,21.5,0.0,18,12.1,3,20250423
1012,12.9,17.5,10.4,0.0,79,16.0,4,20250423
1013,10.1,11.9,8.4,9.5,77,13.9,5,20250423
1014,13.8,19.7,8.0,7.9,66,6.3,6,20250423
1015,10.8,17.8,6.0,13.2,81,4.8,7,20250423
1016,30.7,36.3,23.6,0.0,22,11.4,8,20250423
1017,37.5,43.7,30.0,0.0,17,9.2,9,20250423
1018,33.5,39.0,26.3,0.0,10,6.1,1,20250424
1019,29.7,34.0,26.1,0.0,53,4.9,2,20250424
1020,24.0,30.2,18.5,0.3,31,11.2,3,20250424
1021,12.3,16.3,10.3,0.0,80,14.7,4,20250424
1022,11.0,14.7,7.4,0.0,73,8.3,5,20250424
1023,10.3,12.8,8.1,7.2,78,13.6,6,20250424
1024,9.6,13.0,7.7,2.9,80,7.9,7,20250424
1025,23.5,29.5,19.8,0.0,48,8.5,8,20250424
1026,37.1,43.0,30.4,0.0,21,8.7,9,20250424
1027,34.3,39.7,28.3,0.0,9,5.4,1,20250425
1028,28.6,33.3,24.9,0.0,66,5.5,2,20250425
1029,18.9,24.4,13.7,0.0,48,9.9,3,20250425
1030,13.3,16.2,11.1,0.0,73,6.6,4,20250425
1031,10.6,15.3,6.0,0.0,75,7.0,5,20250425
1032,9.8,13.2,6.9,3.0,81,8.7,6,20250425
1033,9.5,12.9,7.7,17.4,88,5.4,7,20250425
1034,22.8,28.3,16.5,0.0,46,7.0,8,20250425
1035,36.6,42.6,30.3,0.0,23,8.2,9,20250425
1036,35.0,39.8,29.0,0.0,9,6.1,1,20250426
1037,28.2,32.7,25.0,0.0,73,6.2,2,20250426
1038,16.7,22.2,11.7,0.0,54,8.8,3,20250426
1039,15.6,21.0,11.8,0.1,73,8.9,4,20250426
1040,12.4,17.1,8.1,0.0,73,8.2,5,20250426
1041,10.3,13.9,7.5,2.6,78,12.1,6,20250426
1042,11.1,15.7,6.9,0.2,78,9.4,7,20250426
1043,23.2,28.7,17.7,0.0,43,7.7,8,20250426
1044,35.7,41.6,29.3,0.0,18,9.3,9,20250426
1045,35.5,40.5,29.9,0.0,8,6.9,1,20250427
1046,27.9,32.3,24.5,0.0,76,7.6,2,20250427
1047,17.7,24.4,10.4,0.0,46,4.3,3,20250427
1048,13.2,15.6,10.8,0.0,74,19.6,4,20250427
1049,14.8,20.7,8.0,0.0,62,3.7,5,20250427
1050,11.5,16.8,6.4,0.0,69,9.6,6,20250427
1051,11.8,17.3,6.5,0.0,78,3.8,7,20250427
1052,23.0,29.5,16.7,0.0,47,8.9,8,20250427
1053,35.3,42.0,28.1,0.0,11,12.4,9,20250427
1054,35.3,40.5,29.6,0.0,8,7.0,1,20250428
1055,28.1,32.3,24.5,0.0,76,6.5,2,20250428
1056,19.7,27.0,13.4,0.0,44,6.7,3,20250428
1057,11.5,14.0,9.8,0.0,59,25.3,4,20250428
1058,17.2,24.0,10.2,0.0,52,5.2,5,20250428
1059,13.9,19.6,7.8,0.0,70,6.2,6,20250428
1060,13.7,20.6,7.5,0.0,76,4.2,7,20250428
1061,23.3,30.1,17.0,0.0,46,8.7,8,20250428
1062,33.8,40.2,27.2,0.0,9,12.7,9,20250428
1063,34.9,39.7,29.6,0.0,9,7.6,1,20250429
1064,28.2,32.7,24.4,0.0,74,7.3,2,20250429
1065,18.7,24.4,12.7,0.0,46,8.3,3,20250429
1066,10.6,13.0,8.4,0.0,60,25.7,4,20250429
1067,16.9,23.0,10.6,0.0,47,9.0,5,20250429
1068,15.7,21.8,8.3,0.0,65,6.1,6,20250429
1069,15.1,22.3,8.7,0.0,74,3.9,7,20250429
1070,23.9,30.7,17.2,0.0,45,9.7,8,20250429
1071,33.1,39.7,26.1,0.0,9,11.5,9,20250429
1072,33.5,38.3,27.3,0.0,14,8.9,1,20250430
1073,28.6,32.7,24.4,0.0,73,8.5,2,20250430
1074,23.3,32.5,15.0,0.0,32,12.2,3,20250430
1075,11.3,14.3,9.4,0.0,65,21.2,4,20250430
1076,17.8,25.9,9.7,0.0,54,7.2,5,20250430
1077,17.1,23.2,10.3,0.0,56,5.7,6,20250430
1078,15.5,23.1,8.1,0.0,69,2.6,7,20250430
1079,25.4,33.8,20.4,0.0,34,13.6,8,20250430
1080,33.7,40.7,25.5,0.0,8,8.2,9,20250430
1081,33.5,38.4,27.8,0.0,15,7.5,1,20250501
1082,28.6,32.7,25.1,0.1,76,7.7,2,20250501
1083,19.2,24.9,15.0,0.5,53,9.6,3,20250501
1084,11.0,12.8,9.6,12.8,78,19.8,4,20250501
1085,20.7,28.5,11.8,0.0,47,7.0,5,20250501
1086,17.3,24.6,7.9,0.0,50,7.1,6,20250501
1087,16.3,24.5,8.0,0.0,66,2.1,7,20250501
1088,22.4,27.7,17.3,0.0,40,8.0,8,20250501
1089,35.2,42.6,26.6,0.0,8,8.5,9,20250501
1090,35.1,40.0,29.3,0.0,14,10.0,1,20250502
1091,28.1,32.1,24.1,0.1,73,6.7,2,20250502
1092,17.6,21.9,12.3,0.0,40,8.3,3,20250502
1093,12.6,17.1,9.4,0.0,74,11.9,4,20250502
1094,19.7,25.4,14.8,1.5,55,6.7,5,20250502
1095,20.0,27.5,10.3,0.0,42,7.3,6,20250502
1096,17.3,25.5,9.0,0.0,67,3.0,7,20250502
1097,22.2,27.3,16.9,0.0,39,9.9,8,20250502
1098,35.2,42.0,28.0,0.0,11,13.5,9,20250502
1099,36.2,40.7,30.8,0.0,10,8.8,1,20250503
1100,28.1,31.8,23.8,0.0,73,7.5,2,20250503
1101,18.2,24.7,12.7,0.0,39,8.1,3,20250503
1102,13.2,18.6,8.9,0.0,66,7.4,4,20250503
1103,14.7,21.3,10.9,0.0,60,10.2,5,20250503
1104,18.4,22.3,14.5,2.3,54,12.0,6,20250503
1105,16.6,21.3,12.9,9.7,78,7.1,7,20250503
1106,21.1,26.6,16.9,0.7,52,6.7,8,20250503
1107,32.8,39.2,26.7,0.0,12,15.1,9,20250503
1108,35.6,40.6,30.8,0.0,14,7.7,1,20250504
1109,29.3,32.8,25.8,0.0,73,9.8,2,20250504
1110,16.7,22.2,12.6,0.3,54,9.6,3,20250504
1111,15.5,22.1,10.0,0.0,51,5.2,4,20250504
1112,10.3,13.3,7.6,0.0,59,13.7,5,20250504
1113,12.7,16.7,9.2,4.8,76,12.7,6,20250504
1114,13.4,18.9,9.5,22.2,87,9.2,7,20250504
1115,20.6,26.0,16.0,0.6,57,6.8,8,20250504
1116,29.9,35.8,23.6,0.0,11,13.1,9,20250504
1117,34.2,38.5,30.3,0.0,16,7.3,1,20250505
1118,29.6,32.8,26.7,0.0,74,11.6,2,20250505
1119,15.2,19.6,11.4,1.0,72,13.5,3,20250505
1120,19.4,25.1,13.4,0.0,45,6.9,4,20250505
1121,9.4,13.4,5.1,0.9,62,16.2,5,20250505
1122,7.1,9.0,6.1,14.3,91,16.1,6,20250505
1123,7.6,9.2,6.3,23.1,92,13.9,7,20250505
1124,23.0,29.1,16.5,0.0,46,5.4,8,20250505
1125,28.9,35.4,22.4,0.0,12,11.5,9,20250505
1126,30.0,33.9,25.9,0.0,14,11.4,1,20250506
1127,29.8,33.2,27.0,0.0,71,8.6,2,20250506
1128,18.4,24.9,11.6,0.0,45,6.3,3,20250506
1129,20.9,26.8,17.0,0.0,51,8.4,4,20250506
1130,10.1,13.9,6.3,0.1,63,11.8,5,20250506
1131,7.4,10.1,5.2,4.1,80,10.7,6,20250506
1132,8.2,10.4,6.4,2.9,82,14.1,7,20250506
1133,25.9,32.9,17.6,0.0,32,6.2,8,20250506
1134,29.6,36.5,21.9,0.0,12,8.0,9,20250506
1135,29.5,34.9,23.9,0.0,14,9.9,1,20250507
1136,29.6,33.7,26.5,0.0,74,7.2,2,20250507
1137,21.7,29.0,13.8,0.0,27,4.4,3,20250507
1138,22.1,26.7,17.5,0.0,50,8.9,4,20250507
1139,11.2,16.6,6.0,0.0,63,11.8,5,20250507
1140,9.2,12.7,5.4,1.9,72,8.5,6,20250507
1141,9.1,11.7,6.5,7.4,82,8.5,7,20250507
1142,26.3,33.4,19.5,0.0,31,10.3,8,20250507
1143,31.7,38.7,24.0,0.0,12,8.7,9,20250507
1144,30.1,35.3,24.6,0.0,14,7.2,1,20250508
1145,32.2,39.8,25.8,0.0,47,5.6,2,20250508
1146,25.1,32.2,17.8,0.0,22,7.1,3,20250508
1147,20.0,25.3,15.5,0.0,61,10.1,4,20250508
1148,11.9,15.8,8.6,0.0,61,11.0,5,20250508
1149,8.9,11.7,6.9,0.3,74,9.4,6,20250508
1150,10.7,14.4,7.7,0.0,74,8.0,7,20250508
1151,26.6,34.6,19.5,0.0,32,12.8,8,20250508
1152,33.5,40.6,25.6,0.0,9,9.3,9,20250508
1153,32.0,37.7,26.3,0.0,12,6.2,1,20250509
1154,32.2,40.2,26.6,0.0,37,4.3,2,20250509
1155,26.7,34.2,21.0,0.0,20,7.3,3,20250509
1156,19.4,23.5,15.9,0.5,64,11.0,4,20250509
1157,12.8,18.1,6.2,0.0,53,11.7,5,20250509
1158,8.8,12.7,5.0,0.0,68,11.9,6,20250509
1159,9.5,13.6,6.3,4.0,76,9.5,7,20250509
1160,28.6,37.1,20.2,0.0,30,12.4,8,20250509
1161,35.2,42.1,27.4,0.0,7,9.6,9,20250509
1162,33.8,39.0,28.0,0.0,10,4.7,1,20250510
1163,30.8,36.9,25.7,0.0,40,6.2,2,20250510
1164,27.4,34.4,21.2,0.0,20,6.9,3,20250510
1165,14.2,16.0,12.0,4.0,78,20.6,4,20250510
1166,15.9,22.6,9.1,0.0,49,11.4,5,20250510
1167,10.4,16.4,4.0,0.0,59,9.3,6,20250510
1168,11.4,18.5,4.0,0.0,74,4.0,7,20250510
1169,30.8,37.8,23.1,0.0,24,10.2,8,20250510
1170,37.0,43.5,29.8,0.0,10,9.6,9,20250510
1171,35.0,40.3,29.1,0.0,11,7.3,1,20250511
1172,28.6,32.3,24.4,0.0,60,6.2,2,20250511
1173,26.6,33.0,20.9,0.0,22,9.1,3,20250511
1174,13.8,17.2,11.4,0.0,70,12.5,4,20250511
1175,17.9,24.0,11.0,0.0,52,10.7,5,20250511
1176,12.9,19.6,4.8,0.0,53,10.0,6,20250511
1177,13.6,20.4,6.5,0.0,71,5.3,7,20250511
1178,33.4,40.5,24.7,0.0,16,8.8,8,20250511
1179,37.8,44.4,30.5,0.0,10,9.7,9,20250511
1180,35.6,41.8,29.2,0.0,9,7.7,1,20250512
1181,28.3,31.9,24.3,0.0,71,11.0,2,20250512
1182,24.6,29.8,16.8,0.2,34,14.3,3,20250512
1183,13.9,19.5,9.7,0.0,71,8.9,4,20250512
1184,18.1,23.0,13.8,4.7,68,6.4,5,20250512
1185,13.4,18.7,7.9,0.0,52,9.8,6,20250512
1186,14.1,20.0,10.1,1.4,74,5.8,7,20250512
1187,27.0,32.8,20.7,0.0,40,9.2,8,20250512
1188,37.8,44.2,31.4,0.0,13,5.5,9,20250512
1189,36.7,42.3,31.0,0.0,9,8.6,1,20250513
1190,29.1,32.6,25.8,0.2,71,9.1,2,20250513
1191,20.2,25.6,14.2,0.0,44,11.6,3,20250513
1192,13.9,16.6,11.8,0.4,68,15.4,4,20250513
1193,17.8,23.4,12.9,0.0,57,8.5,5,20250513
1194,13.2,18.1,6.6,0.0,44,8.4,6,20250513
1195,13.7,18.9,9.2,1.1,74,3.3,7,20250513
1196,28.9,36.4,24.2,0.2,27,11.5,8,20250513
1197,36.7,41.5,31.1,0.0,22,5.1,9,20250513
1198,34.4,39.0,28.9,0.0,10,9.8,1,20250514
1199,29.1,32.4,25.9,0.4,78,7.9,2,20250514
1200,19.2,23.1,15.2,0.2,49,13.3,3,20250514
1201,14.1,17.7,10.8,0.0,55,11.8,4,20250514
1202,15.9,22.6,9.2,0.0,52,11.2,5,20250514
1203,15.2,21.7,6.1,0.0,40,6.0,6,20250514
1204,14.1,20.0,7.1,0.0,65,3.2,7,20250514
1205,25.0,30.9,19.2,0.0,47,9.0,8,20250514
1206,36.5,42.5,29.5,0.0,24,6.3,9,20250514
1207,34.9,40.2,28.9,0.0,12,7.0,1,20250515
1208,29.0,31.5,26.4,2.8,82,6.2,2,20250515
1209,18.2,24.0,12.3,0.0,55,10.1,3,20250515
1210,15.6,20.8,10.6,0.0,44,6.3,4,20250515
1211,12.2,15.2,8.7,0.0,66,14.1,5,20250515
1212,14.1,18.1,10.8,0.1,41,14.2,6,20250515
1213,14.2,20.4,8.1,0.0,63,8.1,7,20250515
1214,25.1,31.4,18.8,0.0,41,5.8,8,20250515
1215,36.3,43.2,28.0,0.0,21,7.7,9,20250515
1216,34.1,38.3,30.4,0.0,13,8.6,1,20250516
1217,29.0,32.3,25.8,0.5,78,5.5,2,20250516
1218,22.3,30.6,12.9,0.0,35,5.3,3,20250516
1219,18.7,24.7,15.1,0.2,45,7.7,4,20250516
1220,13.2,18.6,7.7,0.0,63,10.6,5,20250516
1221,10.9,15.1,5.2,0.1,43,8.8,6,20250516
1222,12.1,16.5,6.9,0.0,50,7.4,7,20250516
1223,30.0,39.0,20.5,0.0,31,8.2,8,20250516
1224,37.1,43.4,30.4,0.0,10,12.2,9,20250516
1225,31.3,36.0,26.1,0.0,12,11.3,1,20250517
1226,29.3,33.6,25.2,0.0,71,6.5,2,20250517
1227,29.6,37.9,21.4,0.0,14,7.6,3,20250517
1228,17.4,19.5,15.1,23.9,77,11.1,4,20250517
1229,14.1,18.7,9.0,0.0,60,10.2,5,20250517
1230,12.4,16.7,7.7,0.9,52,12.1,6,20250517
1231,13.2,17.8,8.5,0.0,59,3.5,7,20250517
1232,34.0,43.6,26.6,0.0,20,8.0,8,20250517
1233,37.3,44.5,29.7,0.0,9,7.8,9,20250517
1234,32.1,38.0,26.3,0.0,11,10.6,1,20250518
1235,30.1,35.6,25.4,0.0,66,7.0,2,20250518
1236,29.0,35.1,23.1,0.0,22,9.2,3,20250518
1237,15.3,17.8,13.2,3.1,80,5.9,4,20250518
1238,13.5,17.8,9.3,0.0,64,8.6,5,20250518
1239,13.3,18.3,7.9,0.6,56,14.0,6,20250518
1240,13.8,19.7,8.4,1.9,68,5.2,7,20250518
1241,27.4,36.5,21.5,0.0,46,13.7,8,20250518
1242,37.4,44.3,30.0,0.0,12,7.2,9,20250518
1243,34.7,41.1,27.7,0.0,9,7.9,1,20250519
1244,30.7,36.5,25.4,0.0,59,8.0,2,20250519
1245,23.8,29.5,18.8,0.0,29,9.9,3,20250519
1246,16.4,20.6,13.1,0.0,72,7.5,4,20250519
1247,14.6,19.6,10.5,0.2,60,10.6,5,20250519
1248,15.4,21.1,8.3,0.0,45,6.1,6,20250519
1249,15.5,22.7,7.8,0.0,60,3.7,7,20250519
1250,25.0,32.7,19.0,0.0,46,13.3,8,20250519
1251,37.6,44.4,30.6,0.0,13,6.6,9,20250519
1252,37.0,42.4,29.9,0.0,7,5.0,1,20250520
1253,30.5,35.9,26.0,0.0,54,6.2,2,20250520
1254,22.6,29.8,16.3,0.0,28,8.0,3,20250520
1255,17.5,20.6,14.6,0.9,74,5.9,4,20250520
1256,16.1,22.6,9.1,0.0,49,7.2,5,20250520
1257,16.2,21.3,9.9,1.2,47,6.8,6,20250520
1258,15.7,22.3,11.9,4.1,68,5.6,7,20250520
1259,23.7,31.6,17.3,0.0,43,12.5,8,20250520
1260,37.0,44.5,28.3,0.0,15,5.5,9,20250520
1261,37.9,43.3,31.4,0.0,9,6.1,1,20250521
1262,30.5,34.1,27.3,0.0,65,4.6,2,20250521
1263,23.1,31.0,14.8,0.0,28,6.6,3,20250521
1264,19.8,25.1,13.8,0.0,57,6.5,4,20250521
1265,15.0,18.0,12.0,3.0,58,6.1,5,20250521
1266,16.5,21.7,13.3,0.9,56,8.9,6,20250521
1267,13.9,17.6,11.7,21.6,88,5.8,7,20250521
1268,24.9,32.9,17.6,0.0,45,9.3,8,20250521
1269,36.9,43.7,28.8,0.0,15,5.6,9,20250521
1270,38.2,43.8,32.1,0.0,7,5.9,1,20250522
1271,29.8,33.7,26.2,0.0,72,4.8,2,20250522
1272,25.6,34.9,18.7,0.0,32,8.7,3,20250522
1273,22.8,28.1,16.9,0.0,45,7.1,4,20250522
1274,11.9,14.6,8.2,0.0,66,6.3,5,20250522
1275,12.1,14.5,10.3,4.1,75,10.2,6,20250522
1276,10.6,12.0,8.8,14.7,91,5.6,7,20250522
1277,25.6,33.9,17.8,0.0,45,9.5,8,20250522
1278,36.9,44.5,28.5,0.0,14,5.6,9,20250522
1279,38.5,44.1,32.2,0.0,6,7.4,1,20250523
1280,29.5,33.6,26.1,0.0,73,6.0,2,20250523
1281,22.9,27.7,17.7,0.0,37,16.7,3,20250523
1282,23.9,29.1,18.3,0.0,45,6.9,4,20250523
1283,12.8,18.4,6.8,0.1,60,9.0,5,20250523
1284,10.4,14.4,5.9,1.4,62,9.0,6,20250523
1285,10.5,14.8,6.8,7.2,77,6.8,7,20250523
1286,27.8,36.6,19.1,0.0,36,9.1,8,20250523
1287,37.0,43.1,30.3,0.0,10,8.4,9,20250523
1288,38.2,43.7,32.6,0.0,7,6.7,1,20250524
1289,29.4,33.5,26.2,0.0,76,7.3,2,20250524
1290,24.6,30.9,18.8,0.0,33,12.6,3,20250524
1291,23.0,29.2,19.5,0.0,56,9.6,4,20250524
1292,16.5,21.3,12.4,6.0,76,16.0,5,20250524
1293,12.2,16.2,7.1,0.2,50,6.1,6,20250524
1294,11.7,16.2,7.4,0.4,63,5.3,7,20250524
1295,30.0,38.6,21.3,0.0,27,8.5,8,20250524
1296,36.7,43.0,29.4,0.0,9,8.8,9,20250524
1297,37.0,42.7,30.7,0.0,7,7.4,1,20250525
1298,30.0,33.2,27.3,0.9,75,9.5,2,20250525
1299,27.1,34.2,19.8,0.0,20,7.9,3,20250525
1300,19.4,23.8,16.5,1.5,72,13.7,4,20250525
1301,16.6,19.6,13.5,1.0,62,19.2,5,20250525
1302,12.6,15.7,10.5,3.2,72,11.5,6,20250525
1303,13.6,18.7,10.0,2.2,78,7.2,7,20250525
1304,31.7,39.8,22.7,0.0,24,7.6,8,20250525
1305,36.3,42.8,29.0,0.0,8,8.2,9,20250525
1306,36.2,41.2,30.6,0.0,9,6.5,1,20250526
1307,29.6,33.0,26.8,0.1,78,8.1,2,20250526
1308,29.2,36.3,21.1,0.0,18,7.9,3,20250526
1309,17.3,20.4,15.4,24.1,85,9.9,4,20250526
1310,14.6,18.0,11.2,0.0,62,17.8,5,20250526
1311,13.9,17.4,11.7,6.5,79,14.0,6,20250526
1312,13.2,16.1,11.2,15.5,83,7.4,7,20250526
1313,32.1,42.2,22.7,0.0,27,12.0,8,20250526
1314,36.0,42.8,28.2,0.0,8,6.3,9,20250526
1315,36.7,42.1,30.6,0.0,8,5.3,1,20250527
1316,29.9,33.3,26.8,0.0,75,8.3,2,20250527
1317,23.8,28.0,17.6,0.0,42,14.1,3,20250527
1318,17.0,19.8,13.8,0.6,72,8.8,4,20250527
1319,15.4,16.9,13.4,6.6,80,19.7,5,20250527
1320,13.6,17.6,9.3,0.1,69,8.6,6,20250527
1321,13.9,17.9,10.6,0.4,76,4.7,7,20250527
1322,25.3,32.1,20.6,0.0,49,11.1,8,20250527
1323,36.4,43.4,28.7,0.0,8,7.0,9,20250527
1324,38.2,44.0,31.7,0.0,7,7.5,1,20250528
1325,29.9,34.4,26.5,0.0,70,7.0,2,20250528
1326,19.5,25.5,14.3,0.0,51,14.8,3,20250528
1327,18.5,21.9,15.1,0.4,78,6.7,4,20250528
1328,17.0,20.2,13.9,1.1,66,15.7,5,20250528
1329,14.5,19.0,11.6,4.6,71,18.3,6,20250528
1330,13.8,17.6,10.8,8.9,83,9.9,7,20250528
1331,25.3,32.5,18.4,0.0,43,8.5,8,20250528
1332,35.0,42.0,27.0,0.0,25,8.1,9,20250528
1333,38.0,43.8,32.0,0.0,7,7.4,1,20250529
1334,29.6,33.9,25.8,0.0,69,6.2,2,20250529
1335,19.6,24.7,14.2,0.0,47,13.8,3,20250529
1336,19.3,23.8,15.6,3.9,71,6.3,4,20250529
1337,18.1,24.1,13.7,2.1,71,15.6,5,20250529
1338,13.3,16.3,10.2,6.6,79,13.0,6,20250529
1339,14.9,20.0,10.6,1.3,78,5.6,7,20250529
1340,26.8,32.8,20.1,0.0,31,7.2,8,20250529
1341,34.6,40.7,27.9,0.0,10,8.5,9,20250529
1342,35.7,41.3,29.4,0.0,10,9.0,1,20250530
1343,30.2,33.5,27.6,0.0,66,6.2,2,20250530
1344,21.3,26.2,15.6,0.0,36,10.9,3,20250530
1345,18.7,23.1,15.2,0.3,75,13.0,4,20250530
1346,19.0,24.9,14.9,0.2,68,13.1,5,20250530
1347,18.3,24.1,12.5,0.0,65,7.5,6,20250530
1348,17.9,25.0,10.1,0.0,73,2.4,7,20250530
1349,27.2,33.1,20.4,0.0,34,6.6,8,20250530
1350,33.9,40.1,27.2,0.0,10,9.4,9,20250530
1351,34.6,39.8,28.9,0.0,10,7.4,1,20250531
1352,29.5,33.8,26.8,0.0,74,7.2,2,20250531
1353,24.0,31.4,17.0,0.0,29,9.1,3,20250531
1354,18.2,20.9,16.2,1.8,74,16.8,4,20250531
1355,20.9,27.5,16.5,0.0,59,9.8,5,20250531
1356,21.5,28.6,13.7,0.0,57,5.5,6,20250531
1357,19.8,27.9,11.2,0.4,75,2.3,7,20250531
1358,26.8,32.7,21.6,0.0,38,9.8,8,20250531
1359,33.4,39.5,26.2,0.0,11,6.6,9,20250531
1360,36.2,41.9,29.6,0.0,9,4.9,1,20250601
1361,29.0,34.9,25.7,0.0,75,8.0,2,20250601
1362,22.7,27.8,17.4,0.0,39,9.1,3,20250601
1363,19.5,23.7,15.6,1.3,67,11.2,4,20250601
1364,17.5,21.5,14.1,0.0,54,14.9,5,20250601
1365,20.3,26.4,16.2,1.8,66,7.9,6,20250601
1366,20.5,26.2,16.4,5.1,77,6.2,7,20250601
1367,26.0,33.6,20.3,0.0,47,9.5,8,20250601
1368,34.0,40.7,26.4,0.0,9,6.7,9,20250601
1369,37.1,42.6,30.4,0.0,8,5.4,1,20250602
1370,28.2,32.2,24.3,0.0,76,6.8,2,20250602
1371,20.7,26.1,16.4,0.0,47,11.5,3,20250602
1372,20.3,25.3,15.7,0.3,64,5.8,4,20250602
1373,16.7,21.8,12.4,0.4,50,10.9,5,20250602
1374,18.5,22.6,16.0,5.5,74,10.5,6,20250602
1375,16.9,20.2,14.4,14.3,88,6.6,7,20250602
1376,25.6,32.4,19.7,0.0,46,9.8,8,20250602
1377,34.6,41.6,25.9,0.0,10,7.2,9,20250602
1378,34.6,39.3,29.6,0.0,10,9.9,1,20250603
1379,29.2,33.0,25.8,0.4,78,7.9,2,20250603
1380,20.0,26.3,14.8,0.0,59,13.4,3,20250603
1381,22.5,28.1,16.4,0.0,51,6.2,4,20250603
1382,14.4,17.4,11.8,3.7,74,18.7,5,20250603
1383,18.7,23.3,14.5,6.9,77,4.8,6,20250603
1384,17.5,22.2,13.4,0.5,84,3.8,7,20250603
1385,25.5,32.4,19.1,0.0,49,9.5,8,20250603
1386,35.0,41.5,28.2,0.0,11,11.9,9,20250603
1387,33.8,38.5,28.9,0.0,13,6.1,1,20250604
1388,28.6,32.5,25.6,0.0,75,8.5,2,20250604
1389,21.7,27.4,15.9,0.0,49,12.7,3,20250604
1390,24.6,30.0,19.4,0.0,46,6.1,4,20250604
1391,14.5,18.1,10.5,0.1,65,13.4,5,20250604
1392,19.3,26.6,14.0,13.5,76,6.2,6,20250604
1393,17.4,22.1,14.6,10.2,86,5.3,7,20250604
1394,26.9,34.8,19.4,0.0,47,10.3,8,20250604
1395,34.5,40.9,27.4,0.0,12,9.0,9,20250604
1396,34.5,39.8,29.5,0.0,13,5.4,1,20250605
1397,28.6,34.9,23.9,0.0,74,9.5,2,20250605
1398,25.1,33.2,16.6,0.0,36,5.2,3,20250605
1399,25.3,29.8,21.5,0.0,39,14.2,4,20250605
1400,14.0,16.7,12.5,9.2,82,14.9,5,20250605
1401,16.4,19.5,14.4,11.0,82,8.5,6,20250605
1402,16.6,19.9,13.3,3.6,83,7.0,7,20250605
1403,28.2,36.0,20.3,0.0,37,10.7,8,20250605
1404,35.0,41.6,27.6,0.0,11,7.6,9,20250605
1405,33.6,38.8,28.3,0.0,13,6.9,1,20250606
1406,29.3,33.7,25.7,0.0,73,7.4,2,20250606
1407,27.3,34.0,19.7,0.0,25,7.5,3,20250606
1408,22.8,27.4,19.2,0.0,65,16.4,4,20250606
1409,14.9,18.9,10.9,0.9,67,14.5,5,20250606
1410,18.6,24.6,13.7,0.0,69,11.4,6,20250606
1411,17.9,22.6,14.0,4.6,79,8.6,7,20250606
1412,28.9,37.7,20.4,0.0,38,9.9,8,20250606
1413,34.2,40.2,26.7,0.0,15,6.4,9,20250606
1414,34.7,39.8,28.8,0.0,11,6.0,1,20250607
1415,28.5,32.6,25.5,0.0,77,6.2,2,20250607
1416,26.7,33.7,19.5,0.0,26,7.3,3,20250607
1417,21.7,26.0,18.5,0.0,69,15.0,4,20250607
1418,13.4,17.6,11.2,13.5,82,11.5,5,20250607
1419,16.5,20.1,14.2,10.3,82,10.1,6,20250607
1420,16.4,20.8,14.2,19.6,89,6.1,7,20250607
1421,29.4,37.8,21.3,0.0,40,9.4,8,20250607
1422,36.0,42.5,28.1,0.0,11,8.3,9,20250607
1423,35.7,40.8,29.8,0.0,8,6.2,1,20250608
1424,28.4,32.0,25.0,0.0,76,8.8,2,20250608
1425,26.5,32.5,20.7,0.0,27,9.8,3,20250608
1426,21.8,26.2,18.2,0.0,71,11.2,4,20250608
1427,13.4,17.1,9.2,0.0,64,14.1,5,20250608
1428,14.6,18.0,11.8,2.7,75,15.2,6,20250608
1429,15.3,18.4,12.4,7.0,76,13.0,7,20250608
1430,29.2,37.6,21.5,0.0,45,9.5,8,20250608
1431,37.3,43.6,30.2,0.0,10,10.1,9,20250608
1432,36.0,42.4,29.0,0.0,9,11.1,1,20250609
1433,29.0,32.3,26.7,0.0,75,7.3,2,20250609
1434,26.2,32.0,20.4,0.0,36,11.4,3,20250609
1435,22.0,27.2,18.3,0.0,66,11.0,4,20250609
1436,15.3,19.8,10.9,0.0,68,11.3,5,20250609
1437,14.3,19.0,9.0,0.0,64,7.2,6,20250609
1438,15.9,21.3,10.6,0.0,66,3.9,7,20250609
1439,29.5,37.9,21.2,0.0,44,6.9,8,20250609
1440,37.7,44.8,29.7,0.0,10,8.5,9,20250609
1441,37.9,44.3,31.9,0.0,8,9.7,1,20250610
1442,29.1,32.5,26.3,0.0,75,6.9,2,20250610
1443,28.4,37.2,21.1,0.0,34,8.9,3,20250610
1444,22.6,27.0,19.5,0.0,74,17.9,4,20250610
1445,17.6,22.0,13.1,0.2,67,12.7,5,20250610
1446,17.3,23.9,9.4,0.0,64,8.6,6,20250610
1447,17.7,24.3,10.1,0.0,72,4.0,7,20250610
1448,30.4,38.9,22.2,0.0,42,7.6,8,20250610
1449,37.4,43.9,30.2,0.0,11,11.7,9,20250610
1450,38.3,44.0,31.0,0.0,6,5.4,1,20250611
1451,28.9,32.4,26.0,0.0,75,6.6,2,20250611
1452,27.6,33.6,21.7,0.0,37,9.6,3,20250611
1453,23.2,27.2,20.0,0.0,70,17.4,4,20250611
1454,17.5,23.2,12.8,0.2,69,11.5,5,20250611
1455,17.5,22.6,13.0,0.0,65,8.4,6,20250611
1456,19.1,25.0,12.6,0.0,69,5.0,7,20250611
1457,30.6,38.6,22.3,0.0,39,6.8,8,20250611
1458,36.9,42.9,29.9,0.0,10,10.0,9,20250611
1459,38.7,43.9,31.4,0.0,7,5.4,1,20250612
1460,29.2,32.4,26.0,0.0,72,5.3,2,20250612
1461,28.2,34.4,22.1,0.0,23,8.6,3,20250612
1462,23.5,28.2,20.1,0.0,71,13.8,4,20250612
1463,19.6,25.0,14.2,0.8,66,12.0,5,20250612
1464,18.7,24.9,12.0,0.0,59,9.9,6,20250612
1465,21.0,28.7,13.4,0.0,69,3.1,7,20250612
1466,31.1,38.5,23.7,0.0,37,6.8,8,20250612
1467,37.5,44.1,30.1,0.0,10,10.1,9,20250612
1468,39.1,45.1,31.9,0.0,7,6.2,1,20250613
1469,29.3,32.4,26.3,0.0,74,5.7,2,20250613
1470,28.4,35.3,20.6,0.0,24,7.3,3,20250613
1471,22.4,26.0,19.8,0.0,67,16.9,4,20250613
1472,22.8,28.6,16.6,0.6,58,8.9,5,20250613
1473,21.5,28.6,13.6,0.0,50,10.0,6,20250613
1474,23.9,31.3,16.0,0.0,69,3.2,7,20250613
1475,30.8,39.6,22.5,0.0,43,10.3,8,20250613
1476,38.6,45.4,31.0,0.0,10,10.6,9,20250613
1477,38.9,44.2,32.3,0.0,8,7.2,1,20250614
1478,29.4,32.9,26.2,0.0,74,6.5,2,20250614
1479,28.9,35.9,22.5,0.0,24,9.1,3,20250614
1480,21.6,25.1,19.2,0.0,60,14.5,4,20250614
1481,20.2,23.5,16.3,4.6,63,13.7,5,20250614
1482,23.5,32.1,14.7,0.0,45,5.7,6,20250614
1483,23.7,29.5,18.2,4.9,73,3.2,7,20250614
1484,30.4,39.1,22.9,0.0,38,9.8,8,20250614
1485,36.9,43.2,28.8,0.0,16,6.0,9,20250614
1486,38.8,44.3,32.4,0.0,7,8.7,1,20250615
1487,29.9,33.4,27.2,0.3,77,8.9,2,20250615
1488,26.4,31.4,22.0,0.0,28,11.6,3,20250615
1489,21.2,24.8,17.5,0.0,56,9.5,4,20250615
1490,18.3,23.5,13.2,0.2,62,11.9,5,20250615
1491,24.0,31.0,18.4,7.7,56,7.6,6,20250615
1492,21.4,27.9,17.4,15.9,79,5.6,7,20250615
1493,28.7,36.6,21.8,0.0,40,9.5,8,20250615
1494,36.6,42.3,30.3,0.0,21,11.6,9,20250615
1495,39.3,45.5,32.5,0.0,6,8.1,1,20250616
1496,30.2,33.5,27.8,0.8,79,9.5,2,20250616
1497,25.3,32.0,19.0,0.0,38,8.7,3,20250616
1498,22.5,27.1,16.8,0.0,48,5.7,4,20250616
1499,20.8,27.3,14.7,0.0,56,6.9,5,20250616
1500,17.3,20.6,13.9,2.8,72,10.0,6,20250616
1501,17.9,21.8,14.1,0.9,75,8.5,7,20250616
1502,27.6,35.3,20.8,0.0,48,9.5,8,20250616
1503,36.2,42.2,29.2,0.0,15,6.5,9,20250616
1504,39.0,45.1,32.6,0.0,7,9.1,1,20250617
1505,29.7,32.5,27.1,0.5,79,11.0,2,20250617
1506,25.8,32.3,19.3,0.0,34,7.3,3,20250617
1507,24.9,29.3,19.2,0.0,40,5.7,4,20250617
1508,21.4,26.8,15.4,0.0,54,9.1,5,20250617
1509,18.5,23.0,13.5,0.0,62,7.9,6,20250617
1510,19.1,24.7,13.4,0.0,65,9.9,7,20250617
1511,28.2,35.7,21.0,0.0,50,8.2,8,20250617
1512,35.2,41.5,28.6,0.0,21,8.0,9,20250617
1513,37.5,42.5,32.1,0.0,9,6.9,1,20250618
1514,29.6,33.2,27.2,0.0,74,6.6,2,20250618
1515,26.7,34.6,18.2,0.0,33,7.0,3,20250618
1516,24.4,29.7,19.7,0.0,59,12.9,4,20250618
1517,22.8,28.8,15.9,0.0,50,6.1,5,20250618
1518,20.7,26.8,13.4,0.0,53,5.2,6,20250618
1519,20.4,27.1,12.8,0.0,66,2.5,7,20250618
1520,29.3,36.8,22.1,0.0,44,9.9,8,20250618
1521,34.6,40.4,27.7,0.0,22,6.1,9,20250618
1522,36.1,41.1,30.4,0.0,9,8.9,1,20250619
1523,29.5,33.7,26.0,0.0,72,6.3,2,20250619
1524,27.0,34.0,20.2,0.0,28,7.4,3,20250619
1525,24.4,28.8,20.5,0.0,59,11.9,4,20250619
1526,25.3,32.0,18.9,0.0,45,5.7,5,20250619
1527,22.8,28.0,16.0,0.0,48,7.6,6,20250619
1528,22.8,29.4,15.4,0.0,63,5.9,7,20250619
1529,29.8,36.9,22.4,0.0,37,8.3,8,20250619
1530,34.4,40.5,26.2,0.0,22,4.7,9,20250619
1531,35.7,40.9,29.9,0.0,8,11.6,1,20250620
1532,29.2,33.1,25.3,0.0,70,6.6,2,20250620
1533,26.4,32.9,20.1,0.0,27,9.8,3,20250620
1534,23.7,29.9,19.7,0.1,61,10.8,4,20250620
1535,23.4,28.8,17.5,0.0,54,9.4,5,20250620
1536,21.0,25.4,15.6,0.0,50,9.5,6,20250620
1537,23.3,29.2,17.2,0.0,53,8.8,7,20250620
1538,29.7,37.7,21.8,0.0,41,8.3,8,20250620
1539,34.3,40.5,27.1,0.0,24,7.0,9,20250620
1540,35.7,41.0,29.9,0.0,7,9.6,1,20250621
1541,28.1,32.4,24.3,0.0,78,6.8,2,20250621
1542,26.7,32.8,20.3,0.0,29,8.8,3,20250621
1543,22.8,25.6,21.0,0.0,57,19.3,4,20250621
1544,25.5,31.5,18.4,0.0,44,9.4,5,20250621
1545,21.8,27.3,15.0,0.0,36,10.4,6,20250621
1546,22.6,29.1,15.5,0.0,57,4.9,7,20250621
1547,30.2,38.2,22.6,0.0,41,9.4,8,20250621
1548,34.6,41.0,26.9,0.0,13,5.2,9,20250621
1549,36.0,41.1,29.8,0.0,7,8.7,1,20250622
1550,28.1,32.0,24.9,0.0,77,8.5,2,20250622
1551,26.4,32.3,20.7,0.0,35,9.1,3,20250622
1552,22.0,24.6,19.5,0.0,49,15.5,4,20250622
1553,22.1,26.8,17.6,0.0,55,17.1,5,20250622
1554,24.4,31.5,14.6,0.0,32,6.6,6,20250622
1555,24.1,31.6,15.0,0.0,62,5.1,7,20250622
1556,30.2,38.2,23.1,0.0,42,10.9,8,20250622
1557,35.5,41.8,28.3,0.0,11,7.6,9,20250622
1558,36.6,41.7,30.3,0.0,7,7.2,1,20250623
1559,28.5,31.8,25.8,0.2,77,10.1,2,20250623
1560,25.1,31.8,18.9,0.0,49,8.3,3,20250623
1561,23.7,29.1,17.9,0.0,46,6.4,4,20250623
1562,18.9,22.7,16.2,0.4,52,18.8,5,20250623
1563,23.5,28.0,19.4,6.5,56,14.6,6,20250623
1564,23.0,27.8,18.8,5.2,68,10.2,7,20250623
1565,29.0,36.4,22.3,0.0,39,8.9,8,20250623
1566,35.0,41.4,27.8,0.0,11,6.8,9,20250623
1567,37.6,43.1,31.2,0.0,7,4.2,1,20250624
1568,28.6,32.5,25.9,0.0,76,9.4,2,20250624
1569,25.6,32.8,19.0,0.0,52,7.4,3,20250624
1570,26.6,32.1,20.4,0.0,33,7.9,4,20250624
1571,19.3,24.4,14.1,0.3,67,15.8,5,20250624
1572,22.6,28.1,16.4,0.0,51,14.0,6,20250624
1573,23.0,29.8,15.7,0.0,55,6.1,7,20250624
1574,29.1,36.9,21.1,0.0,46,8.5,8,20250624
1575,35.6,41.5,28.7,0.0,12,8.8,9,20250624
1576,37.6,42.6,31.8,0.0,9,4.8,1,20250625
1577,28.5,32.1,26.2,0.0,76,9.2,2,20250625
1578,26.3,33.0,20.7,0.0,38,8.7,3,20250625
1579,27.3,33.6,21.5,0.0,36,7.9,4,20250625
1580,21.4,27.4,16.4,0.0,65,9.4,5,20250625
1581,25.8,32.4,17.5,0.0,40,8.9,6,20250625
1582,25.4,33.3,16.8,0.0,52,3.7,7,20250625
1583,30.0,37.4,22.4,0.0,39,8.5,8,20250625
1584,34.8,41.1,27.1,0.0,20,7.1,9,20250625
1585,37.2,42.1,31.2,0.0,9,7.0,1,20250626
1586,28.3,31.4,26.0,0.5,78,10.7,2,20250626
1587,27.4,34.3,20.4,0.0,28,8.5,3,20250626
1588,28.3,35.1,21.6,0.0,39,11.4,4,20250626
1589,20.2,24.1,17.5,3.7,64,15.6,5,20250626
1590,24.4,31.8,19.5,6.7,54,10.9,6,20250626
1591,22.6,27.0,19.2,4.4,70,8.0,7,20250626
1592,29.7,36.6,22.2,0.0,39,7.2,8,20250626
1593,35.4,41.1,28.0,0.0,15,5.1,9,20250626
1594,37.7,42.8,31.6,0.0,8,8.6,1,20250627
1595,27.9,31.1,25.9,0.8,80,8.9,2,20250627
1596,29.3,36.0,22.1,0.0,21,8.5,3,20250627
1597,28.2,33.5,22.7,0.0,40,14.9,4,20250627
1598,20.0,26.9,13.8,1.8,65,12.8,5,20250627
1599,20.8,25.0,17.2,2.2,73,12.1,6,20250627
1600,21.8,26.8,16.1,0.4,68,5.2,7,20250627
1601,31.0,38.5,22.6,0.0,40,5.3,8,20250627
1602,35.8,42.0,28.7,0.0,13,6.4,9,20250627
1603,38.6,43.7,31.6,0.0,8,5.5,1,20250628
1604,27.5,30.1,25.9,2.4,83,11.7,2,20250628
1605,30.4,37.1,24.5,0.0,19,9.3,3,20250628
1606,25.5,29.9,22.3,0.1,54,15.3,4,20250628
1607,23.3,30.1,18.5,0.1,69,14.7,5,20250628
1608,22.8,28.0,17.4,0.4,67,7.3,6,20250628
1609,24.7,31.1,17.7,0.0,59,2.8,7,20250628
1610,31.8,39.8,23.0,0.0,39,6.0,8,20250628
1611,35.0,40.6,28.1,0.0,19,7.3,9,20250628
1612,38.3,43.1,33.0,0.0,8,10.9,1,20250629
1613,27.3,29.7,25.9,2.6,86,9.9,2,20250629
1614,29.6,34.6,25.4,0.0,19,10.4,3,20250629
1615,23.1,24.6,21.2,0.5,57,19.6,4,20250629
1616,23.7,29.8,18.1,0.0,60,8.0,5,20250629
1617,25.5,31.4,18.2,0.0,56,5.4,6,20250629
1618,26.7,33.7,19.0,0.0,54,5.2,7,20250629
1619,31.0,39.2,23.3,0.0,44,8.1,8,20250629
1620,35.1,40.8,28.4,0.0,21,10.6,9,20250629
1621,37.1,41.7,32.5,0.0,7,14.6,1,20250630
1622,27.0,29.4,25.3,0.7,86,8.6,2,20250630
1623,28.1,32.9,23.4,0.0,24,10.7,3,20250630
1624,24.5,28.5,20.6,0.0,49,4.7,4,20250630
1625,25.7,31.9,18.7,0.0,54,7.9,5,20250630
1626,26.0,31.2,19.5,0.2,51,7.0,6,20250630
1627,25.7,32.1,20.8,10.4,59,4.6,7,20250630
1628,31.0,38.3,23.2,0.0,44,6.8,8,20250630
1629,33.8,38.8,29.7,0.0,32,12.7,9,20250630
1630,37.3,41.8,32.6,0.0,10,12.0,1,20250701
1631,27.2,30.4,25.0,0.0,83,6.8,2,20250701
1632,27.1,32.3,21.5,0.0,31,11.5,3,20250701
1633,25.2,29.2,22.3,0.0,58,13.5,4,20250701
1634,28.2,33.6,23.6,0.0,47,5.8,5,20250701
1635,26.7,32.0,19.1,0.0,46,5.0,6,20250701
1636,25.7,31.6,21.0,0.9,65,3.9,7,20250701
1637,32.1,38.5,26.3,0.0,42,7.9,8,20250701
1638,32.3,38.8,25.3,0.0,44,11.6,9,20250701
1639,36.4,41.0,31.0,0.0,11,8.1,1,20250702
1640,26.4,30.6,23.8,0.1,86,5.7,2,20250702
1641,26.7,31.6,22.4,0.0,33,10.7,3,20250702
1642,23.6,27.3,19.8,0.0,54,13.1,4,20250702
1643,20.5,24.2,17.0,4.1,62,9.1,5,20250702
1644,27.4,34.4,18.6,0.0,40,6.4,6,20250702
1645,26.7,33.6,19.6,0.0,61,3.8,7,20250702
1646,30.3,37.4,23.8,0.0,49,8.7,8,20250702
1647,32.3,37.5,28.5,0.0,44,14.6,9,20250702
1648,36.7,41.4,31.2,0.0,11,7.4,1,20250703
1649,25.2,29.5,22.5,0.0,86,5.9,2,20250703
1650,26.6,32.0,21.5,0.0,36,12.1,3,20250703
1651,23.8,28.8,18.7,0.0,51,9.1,4,20250703
1652,18.6,23.6,12.7,0.0,45,7.2,5,20250703
1653,24.0,27.8,20.4,3.3,63,9.1,6,20250703
1654,24.3,29.6,20.9,0.3,66,6.8,7,20250703
1655,31.6,39.1,23.8,0.0,42,6.6,8,20250703
1656,32.3,38.1,26.5,0.0,45,12.9,9,20250703
1657,36.8,41.0,32.0,0.0,13,6.4,1,20250704
1658,27.2,32.0,23.0,0.0,79,7.2,2,20250704
1659,25.9,31.0,21.1,0.0,35,13.0,3,20250704
1660,24.3,29.0,19.6,0.0,54,11.0,4,20250704
1661,20.7,26.2,14.4,0.0,43,10.6,5,20250704
1662,20.4,24.6,17.1,6.6,73,5.6,6,20250704
1663,21.7,26.2,18.2,5.9,76,4.7,7,20250704
1664,31.6,39.3,24.3,0.0,43,8.8,8,20250704
1665,34.6,40.4,27.9,0.0,33,10.7,9,20250704
1666,36.4,40.8,31.8,0.0,12,7.8,1,20250705
1667,27.4,30.7,25.2,0.2,76,8.2,2,20250705
1668,25.2,31.4,19.3,0.0,37,10.8,3,20250705
1669,25.0,29.7,20.3,0.0,49,13.7,4,20250705
1670,19.4,21.7,16.4,2.1,66,16.9,5,20250705
1671,22.7,30.0,14.8,0.0,55,6.3,6,20250705
1672,22.8,28.3,16.8,0.0,63,4.5,7,20250705
1673,31.0,38.4,23.2,0.0,39,9.6,8,20250705
1674,33.9,38.6,28.6,0.0,36,13.1,9,20250705
1675,34.3,38.8,29.9,0.0,10,11.4,1,20250706
1676,27.2,30.4,24.7,0.0,79,8.0,2,20250706
1677,25.8,33.0,18.6,0.0,43,9.0,3,20250706
1678,25.9,30.9,21.3,0.0,58,16.0,4,20250706
1679,19.3,22.5,17.3,3.8,69,10.4,5,20250706
1680,21.6,27.0,16.7,0.6,47,8.5,6,20250706
1681,21.0,27.6,15.5,0.9,51,7.3,7,20250706
1682,30.7,38.4,23.0,0.0,42,9.5,8,20250706
1683,35.3,40.7,29.4,0.0,31,10.6,9,20250706
1684,34.5,39.7,28.7,0.0,11,11.5,1,20250707
1685,27.2,30.6,24.9,0.4,80,9.3,2,20250707
1686,26.6,33.3,19.8,0.0,38,11.6,3,20250707
1687,26.9,33.5,21.9,0.0,59,11.5,4,20250707
1688,16.5,19.6,13.5,10.0,69,13.5,5,20250707
1689,17.2,21.5,13.9,14.3,74,14.8,6,20250707
1690,16.0,20.1,13.1,13.6,81,10.3,7,20250707
1691,30.9,39.4,22.3,0.0,40,8.0,8,20250707
1692,34.9,39.9,29.4,0.0,33,12.1,9,20250707
1693,35.6,40.8,29.4,0.0,10,10.0,1,20250708
1694,27.2,30.2,25.2,0.5,82,9.2,2,20250708
1695,27.5,33.3,21.9,0.0,34,12.7,3,20250708
1696,27.0,33.8,21.7,0.0,61,8.5,4,20250708
1697,17.4,21.9,12.4,0.2,59,9.4,5,20250708
1698,12.7,15.5,10.5,15.7,85,14.7,6,20250708
1699,13.0,16.1,11.1,12.7,83,11.3,7,20250708
1700,31.2,39.2,23.3,0.0,39,7.4,8,20250708
1701,31.6,38.5,27.8,0.0,47,14.0,9,20250708
1702,36.2,41.4,30.0,0.0,9,8.4,1,20250709
1703,26.9,29.7,24.9,1.2,84,9.5,2,20250709
1704,27.5,33.1,21.0,0.0,26,10.8,3,20250709
1705,29.4,37.0,22.4,0.0,46,6.0,4,20250709
1706,19.9,25.2,13.7,0.9,60,5.4,5,20250709
1707,13.7,17.5,9.8,5.7,73,13.4,6,20250709
1708,15.1,19.6,10.4,1.7,70,3.9,7,20250709
1709,31.0,38.5,22.6,0.0,42,7.5,8,20250709
1710,31.3,35.3,28.5,0.0,48,13.8,9,20250709
1711,36.9,42.5,30.0,0.0,8,7.5,1,20250710
1712,26.7,29.9,24.5,0.3,84,7.4,2,20250710
1713,28.6,35.1,22.5,0.0,27,9.8,3,20250710
1714,24.5,29.0,21.9,0.0,54,16.9,4,20250710
1715,23.8,30.0,17.7,0.0,52,6.1,5,20250710
1716,16.5,21.4,11.6,0.7,65,7.1,6,20250710
1717,17.3,22.9,10.8,0.0,66,5.0,7,20250710
1718,32.1,40.0,24.1,0.0,41,6.4,8,20250710
1719,31.2,39.0,27.2,2.4,48,12.0,9,20250710
1720,37.4,42.3,31.6,0.0,8,8.1,1,20250711
1721,26.4,29.7,24.5,1.0,85,8.1,2,20250711
1722,29.8,36.1,23.7,0.0,30,9.3,3,20250711
1723,24.8,28.8,21.2,0.0,58,14.8,4,20250711
1724,25.4,31.7,19.0,0.0,46,5.1,5,20250711
1725,17.0,21.2,14.1,1.0,70,7.4,6,20250711
1726,19.0,25.0,12.5,0.1,68,2.9,7,20250711
1727,31.5,38.6,24.1,0.0,46,7.3,8,20250711
1728,30.2,34.7,25.1,0.6,52,10.7,9,20250711
1729,37.8,43.0,31.4,0.0,8,7.6,1,20250712
1730,26.6,30.1,24.5,0.3,84,6.2,2,20250712
1731,29.7,36.1,23.6,0.0,25,8.0,3,20250712
1732,25.0,28.1,22.3,0.0,63,16.4,4,20250712
1733,24.0,28.8,19.9,0.0,49,7.5,5,20250712
1734,18.7,24.8,13.6,0.4,62,9.4,6,20250712
1735,20.5,26.1,14.4,0.0,59,3.9,7,20250712
1736,31.6,39.4,24.7,0.0,47,8.9,8,20250712
1737,31.5,36.6,26.9,0.0,48,10.9,9,20250712
1738,38.6,43.9,32.3,0.0,10,9.4,1,20250713
1739,26.6,29.9,24.8,0.5,85,6.6,2,20250713
1740,28.1,34.9,21.7,0.0,31,9.5,3,20250713
1741,26.0,30.0,21.8,0.0,56,16.4,4,20250713
1742,22.2,27.7,15.8,0.1,57,5.3,5,20250713
1743,21.1,28.3,12.8,0.3,54,9.0,6,20250713
1744,21.9,27.1,15.8,0.9,63,6.3,7,20250713
1745,30.4,37.7,23.6,0.0,47,8.8,8,20250713
1746,32.1,38.6,26.1,2.8,45,9.4,9,20250713
1747,39.4,44.9,33.0,0.0,10,9.7,1,20250714
1748,26.4,29.3,24.7,1.4,87,6.3,2,20250714
1749,27.8,34.3,21.4,0.0,31,8.8,3,20250714
1750,26.1,30.7,21.6,0.0,59,15.9,4,20250714
1751,21.3,24.9,18.3,0.9,57,15.2,5,20250714
1752,20.5,23.2,17.0,3.9,65,14.5,6,20250714
1753,21.0,25.0,17.8,4.0,74,8.6,7,20250714
1754,30.1,37.3,23.2,0.0,47,7.5,8,20250714
1755,33.5,38.7,27.8,0.0,40,9.5,9,20250714
1756,39.4,44.7,33.2,0.0,8,8.6,1,20250715
1757,26.9,30.0,24.8,0.2,84,7.3,2,20250715
1758,27.0,32.7,20.7,0.0,31,11.1,3,20250715
1759,26.9,31.3,23.1,0.0,62,18.3,4,20250715
1760,18.5,21.6,14.5,0.7,58,16.0,5,20250715
1761,18.6,24.2,15.5,12.2,78,11.6,6,20250715
1762,19.8,23.8,16.4,3.3,80,7.8,7,20250715
1763,31.0,37.3,24.2,0.0,34,5.1,8,20250715
1764,31.5,36.4,27.8,0.0,46,11.8,9,20250715
1765,39.5,44.6,33.1,0.0,8,6.7,1,20250716
1766,26.6,29.7,24.6,0.8,83,7.8,2,20250716
1767,27.6,32.7,22.5,0.0,28,11.6,3,20250716
1768,27.5,32.4,22.8,0.0,51,14.4,4,20250716
1769,19.9,23.8,15.2,0.0,59,12.4,5,20250716
1770,17.3,22.3,14.6,9.1,77,14.1,6,20250716
1771,18.5,21.5,16.2,5.2,74,7.3,7,20250716
1772,33.1,39.7,24.5,0.0,30,6.6,8,20250716
1773,28.8,32.9,25.4,2.8,60,13.4,9,20250716
1774,39.6,44.5,34.4,0.0,9,11.0,1,20250717
1775,26.9,30.4,24.6,0.0,82,6.1,2,20250717
1776,28.4,33.6,22.8,0.0,24,11.2,3,20250717
1777,27.9,33.6,22.4,0.0,54,11.7,4,20250717
1778,22.0,25.8,18.8,0.8,63,6.2,5,20250717
1779,16.3,20.4,12.1,2.3,75,12.2,6,20250717
1780,18.5,23.6,14.4,2.5,72,3.7,7,20250717
1781,34.1,40.9,26.2,0.0,26,9.4,8,20250717
1782,30.7,36.1,26.2,0.0,51,9.0,9,20250717
1783,38.9,43.7,33.3,0.0,9,9.9,1,20250718
1784,26.8,29.8,25.0,1.9,86,8.8,2,20250718
1785,28.5,33.8,23.4,0.0,25,9.8,3,20250718
1786,25.5,27.9,23.0,0.0,60,14.1,4,20250718
1787,23.6,29.4,18.2,0.0,59,8.9,5,20250718
1788,19.4,24.8,13.9,0.0,62,7.1,6,20250718
1789,20.1,25.9,14.0,0.0,70,2.8,7,20250718
1790,33.6,40.0,26.5,0.0,30,8.6,8,20250718
1791,34.1,39.9,28.3,0.0,39,8.7,9,20250718
1792,38.1,43.1,32.7,0.0,10,11.5,1,20250719
1793,26.4,29.0,24.7,0.9,86,8.0,2,20250719
1794,26.0,31.7,20.8,0.0,38,9.8,3,20250719
1795,25.9,30.0,22.2,0.0,60,13.9,4,20250719
1796,20.2,22.5,17.9,16.1,76,5.7,5,20250719
1797,21.2,29.6,13.1,0.4,63,7.1,6,20250719
1798,19.8,27.4,15.2,10.4,84,4.4,7,20250719
1799,31.9,38.8,24.7,0.0,39,8.5,8,20250719
1800,28.9,33.9,24.6,7.5,60,11.8,9,20250719
1801,37.5,42.5,31.7,0.0,9,11.6,1,20250720
1802,26.1,29.2,24.4,0.7,86,5.4,2,20250720
1803,25.4,31.3,19.5,0.0,51,10.7,3,20250720
1804,27.6,32.5,22.2,0.0,45,9.2,4,20250720
1805,18.2,20.4,16.1,2.8,79,12.0,5,20250720
1806,24.7,31.7,17.2,1.9,55,7.0,6,20250720
1807,21.0,27.5,15.5,2.0,80,3.4,7,20250720
1808,31.0,37.6,24.2,0.0,46,7.2,8,20250720
1809,31.5,37.2,26.2,0.0,44,10.5,9,20250720
1810,37.9,43.6,31.1,0.0,8,9.2,1,20250721
1811,26.0,28.8,24.5,1.3,88,4.9,2,20250721
1812,27.7,33.8,21.8,0.0,41,9.7,3,20250721
1813,29.2,33.6,23.5,0.0,30,6.1,4,20250721
1814,18.1,22.6,14.4,0.6,74,8.1,5,20250721
1815,18.6,21.6,16.7,13.4,80,8.3,6,20250721
1816,18.5,21.8,16.7,23.1,85,5.0,7,20250721
1817,31.8,39.3,24.6,0.0,44,7.2,8,20250721
1818,34.1,40.3,28.2,0.0,37,8.8,9,20250721
1819,38.7,44.0,32.4,0.0,9,9.5,1,20250722
1820,26.1,29.1,24.4,1.8,85,8.4,2,20250722
1821,29.9,36.5,23.2,0.0,35,7.8,3,20250722
1822,31.0,36.5,24.5,0.0,27,7.1,4,20250722
1823,18.8,22.3,15.3,1.0,76,9.8,5,20250722
1824,19.1,22.9,15.8,1.1,65,15.1,6,20250722
1825,18.3,22.6,14.8,8.8,73,11.5,7,20250722
1826,32.8,39.8,25.1,0.0,36,5.3,8,20250722
1827,32.4,37.8,26.9,0.0,44,10.1,9,20250722
1828,39.0,44.2,32.6,0.0,9,8.3,1,20250723
1829,26.2,29.2,24.3,0.3,85,7.8,2,20250723
1830,30.0,35.8,24.2,0.0,31,12.8,3,20250723
1831,32.2,38.1,27.4,0.0,28,9.5,4,20250723
1832,18.6,22.0,15.0,1.7,69,7.1,5,20250723
1833,20.1,25.3,14.4,0.0,58,6.2,6,20250723
1834,19.6,24.2,14.8,0.2,66,3.1,7,20250723
1835,34.0,41.0,25.9,0.0,32,7.4,8,20250723
1836,34.7,40.8,28.4,0.0,36,9.0,9,20250723
1837,38.7,43.4,32.8,0.0,10,9.3,1,20250724
1838,26.5,29.5,24.0,0.0,83,6.1,2,20250724
1839,29.6,34.2,26.5,0.0,25,18.4,3,20250724
1840,28.3,33.5,24.5,0.0,65,19.2,4,20250724
1841,18.1,20.8,15.4,0.9,77,11.4,5,20250724
1842,17.2,20.4,15.2,13.2,84,4.5,6,20250724
1843,17.6,20.6,15.3,19.2,83,3.5,7,20250724
1844,34.3,40.9,26.8,0.0,24,6.5,8,20250724
1845,35.6,41.2,29.3,0.0,33,10.9,9,20250724
1846,38.6,44.0,32.0,0.0,10,7.7,1,20250725
1847,26.3,29.4,24.3,0.0,82,9.3,2,20250725
1848,29.4,34.5,24.3,0.0,29,15.4,3,20250725
1849,28.4,32.9,24.5,0.0,61,16.2,4,20250725
1850,20.5,25.4,15.4,0.0,67,6.5,5,20250725
1851,17.0,20.7,14.4,9.5,87,4.3,6,20250725
1852,17.4,21.4,15.3,10.8,80,3.1,7,20250725
1853,33.4,41.4,24.3,0.0,37,7.2,8,20250725
1854,36.1,41.5,30.5,0.0,30,12.4,9,20250725
1855,39.2,44.4,32.6,0.0,9,7.6,1,20250726
1856,26.6,29.9,24.2,0.3,81,10.3,2,20250726
1857,30.3,35.9,24.6,0.0,31,10.5,3,20250726
1858,28.5,32.5,24.9,0.0,52,19.5,4,20250726
1859,20.1,23.2,15.9,0.2,64,8.1,5,20250726
1860,15.6,18.7,14.0,9.0,94,7.2,6,20250726
1861,16.9,21.4,14.3,21.2,86,3.4,7,20250726
1862,34.3,42.9,25.9,0.0,42,6.3,8,20250726
1863,32.9,39.1,27.3,0.2,45,15.5,9,20250726
1864,39.9,44.8,33.7,0.0,9,6.2,1,20250727
1865,26.6,29.5,24.6,0.5,80,9.4,2,20250727
1866,30.5,35.7,25.3,0.0,26,11.9,3,20250727
1867,28.3,33.4,23.9,0.0,62,12.9,4,20250727
1868,18.5,21.5,15.2,0.3,57,9.1,5,20250727
1869,16.6,19.7,14.4,14.8,86,11.0,6,20250727
1870,16.4,20.2,14.4,23.1,89,8.1,7,20250727
1871,35.6,42.8,28.1,0.0,30,7.2,8,20250727
1872,33.9,39.3,28.6,0.0,39,14.9,9,20250727
1873,40.1,45.6,33.5,0.0,9,6.3,1,20250728
1874,26.1,29.1,24.5,1.4,84,9.6,2,20250728
1875,30.3,34.7,26.4,0.0,23,11.0,3,20250728
1876,27.7,35.0,22.2,0.0,72,8.6,4,20250728
1877,20.0,24.2,15.0,0.0,50,9.6,5,20250728
1878,14.5,16.7,13.3,13.3,90,12.5,6,20250728
1879,14.3,16.3,13.3,13.1,92,9.4,7,20250728
1880,33.8,40.5,26.6,0.0,37,7.8,8,20250728
1881,34.4,39.9,29.0,0.0,37,15.0,9,20250728
1882,40.1,45.6,33.3,0.0,8,5.5,1,20250729
1883,26.0,29.4,24.0,0.8,83,9.7,2,20250729
1884,27.9,32.9,23.0,0.0,45,11.9,3,20250729
1885,28.3,32.6,23.1,0.0,61,6.8,4,20250729
1886,18.4,21.9,15.2,0.8,63,6.3,5,20250729
1887,14.5,17.9,11.9,7.6,81,11.1,6,20250729
1888,15.7,19.8,12.0,0.8,78,3.7,7,20250729
1889,32.4,39.9,25.9,0.0,49,9.3,8,20250729
1890,33.7,39.5,28.1,0.0,41,15.6,9,20250729
1891,39.9,46.2,33.3,0.0,8,6.1,1,20250730
1892,25.9,29.4,23.8,0.0,83,7.5,2,20250730
1893,27.8,33.5,23.0,0.0,44,13.3,3,20250730
1894,26.7,28.7,25.2,0.4,74,16.1,4,20250730
1895,20.4,24.7,16.2,0.8,65,8.3,5,20250730
1896,15.1,18.7,12.1,0.9,78,9.6,6,20250730
1897,16.3,20.7,12.3,0.6,81,5.6,7,20250730
1898,31.0,37.6,24.8,0.0,49,7.5,8,20250730
1899,33.0,37.7,28.5,0.0,42,13.0,9,20250730
1900,39.5,44.4,33.6,0.0,10,8.4,1,20250731
1901,25.6,29.3,23.2,0.0,83,5.8,2,20250731
1902,25.4,30.9,20.8,0.0,50,13.9,3,20250731
1903,26.3,29.1,24.4,0.0,64,20.6,4,20250731
1904,18.7,22.6,16.6,26.7,79,8.2,5,20250731
1905,15.9,20.4,11.9,2.8,81,11.0,6,20250731
1906,17.4,22.0,13.5,4.9,80,5.7,7,20250731
1907,30.6,36.5,25.8,0.0,48,9.4,8,20250731
1908,33.1,37.9,27.5,0.2,42,10.0,9,20250731
1909,38.7,44.0,32.8,0.0,10,8.9,1,20250801
1910,25.8,29.1,23.8,0.6,84,8.0,2,20250801
1911,24.9,31.5,19.4,0.0,58,11.3,3,20250801
1912,26.2,29.1,24.0,0.1,58,21.6,4,20250801
1913,16.5,19.7,13.1,1.2,73,8.8,5,20250801
1914,16.8,21.6,14.6,2.3,79,10.6,6,20250801
1915,17.2,22.4,14.5,13.1,85,8.0,7,20250801
1916,30.6,37.0,25.1,0.0,46,8.8,8,20250801
1917,33.3,39.9,28.5,0.0,40,13.0,9,20250801
1918,39.0,44.2,33.0,0.0,10,9.2,1,20250802
1919,25.9,29.1,24.0,0.4,84,7.8,2,20250802
1920,25.9,32.7,18.9,0.0,51,7.3,3,20250802
1921,26.4,29.4,23.4,0.3,61,19.3,4,20250802
1922,16.7,19.9,13.1,0.0,64,7.8,5,20250802
1923,14.2,15.8,12.5,9.1,92,7.8,6,20250802
1924,14.8,17.8,13.0,11.1,88,6.2,7,20250802
1925,30.7,36.9,25.3,0.0,51,6.4,8,20250802
1926,31.9,38.8,26.1,0.0,48,13.5,9,20250802
1927,39.3,44.0,33.2,0.0,12,7.0,1,20250803
1928,25.7,29.2,23.8,0.7,84,7.5,2,20250803
1929,26.7,33.3,20.9,0.0,53,8.5,3,20250803
1930,26.7,30.4,23.6,0.0,58,13.2,4,20250803
1931,18.3,23.0,12.8,2.5,76,11.1,5,20250803
1932,14.0,17.6,11.3,3.0,83,11.4,6,20250803
1933,15.5,19.4,11.6,0.4,80,3.4,7,20250803
1934,30.7,36.6,25.0,0.0,48,7.3,8,20250803
1935,32.2,37.6,27.4,0.8,43,10.0,9,20250803
1936,39.3,43.9,33.9,0.0,12,7.8,1,20250804
1937,25.2,28.1,23.3,1.0,85,7.3,2,20250804
1938,26.1,32.5,20.3,0.0,49,8.4,3,20250804
1939,26.6,30.6,22.9,0.0,62,14.3,4,20250804
1940,19.2,21.5,16.3,1.0,79,14.6,5,20250804
1941,15.1,18.9,12.2,1.7,82,9.5,6,20250804
1942,17.1,21.7,13.0,0.0,82,3.1,7,20250804
1943,30.7,36.8,25.1,0.0,47,7.2,8,20250804
1944,31.1,36.6,27.0,0.0,48,10.1,9,20250804
1945,38.9,43.8,33.2,0.0,11,9.5,1,20250805
1946,25.3,28.6,23.6,1.1,86,7.7,2,20250805
1947,25.2,32.0,19.1,0.0,52,8.0,3,20250805
1948,26.8,30.1,23.9,0.0,68,18.0,4,20250805
1949,17.1,20.7,13.1,0.0,58,14.2,5,20250805
1950,18.9,24.7,13.8,2.3,73,9.3,6,20250805
1951,19.3,25.5,14.8,1.6,83,5.5,7,20250805
1952,30.6,36.6,25.0,0.0,47,8.4,8,20250805
1953,32.7,39.2,27.4,0.0,43,11.4,9,20250805
1954,38.7,43.7,32.8,0.0,11,9.8,1,20250806
1955,25.3,28.1,23.7,0.6,86,7.9,2,20250806
1956,26.6,34.2,19.5,0.0,51,8.8,3,20250806
1957,27.1,30.5,25.1,0.1,70,21.8,4,20250806
1958,17.1,22.2,11.7,0.0,60,7.4,5,20250806
1959,16.4,20.5,12.0,0.5,76,6.5,6,20250806
1960,17.5,22.0,13.9,0.6,75,7.5,7,20250806
1961,30.6,38.4,23.9,0.0,48,9.4,8,20250806
1962,33.4,39.3,27.1,0.0,42,11.8,9,20250806
1963,38.8,43.8,32.5,0.0,13,7.5,1,20250807
1964,25.3,28.4,23.4,0.3,86,6.8,2,20250807
1965,28.4,35.7,21.6,0.0,43,7.4,3,20250807
1966,26.5,30.2,23.7,1.2,63,20.0,4,20250807
1967,18.8,23.0,14.6,0.0,66,13.4,5,20250807
1968,17.9,24.9,10.8,0.0,72,5.0,6,20250807
1969,19.0,26.4,12.4,0.0,75,2.7,7,20250807
1970,30.0,37.1,24.5,0.0,51,10.0,8,20250807
1971,33.8,41.1,27.0,0.0,40,12.1,9,20250807
1972,39.9,45.0,34.4,0.0,12,6.0,1,20250808
1973,25.4,28.4,23.3,0.0,86,6.4,2,20250808
1974,32.4,41.7,24.0,0.0,32,7.7,3,20250808
1975,26.2,29.2,23.4,0.2,68,22.4,4,20250808
1976,20.4,25.1,15.5,0.0,58,9.4,5,20250808
1977,21.9,28.9,15.1,0.0,67,5.1,6,20250808
1978,22.3,29.3,15.6,0.0,77,2.4,7,20250808
1979,30.6,37.3,24.5,0.0,48,7.7,8,20250808
1980,32.7,39.1,26.6,0.0,41,15.1,9,20250808
1981,40.4,44.5,36.9,0.0,11,8.6,1,20250809
1982,25.4,28.7,22.9,0.4,85,5.4,2,20250809
1983,34.1,41.6,27.0,0.0,33,5.6,3,20250809
1984,26.0,29.1,23.7,0.0,66,19.2,4,20250809
1985,19.7,24.8,14.5,0.0,52,11.3,5,20250809
1986,23.8,30.9,16.3,0.0,65,5.1,6,20250809
1987,24.0,31.2,17.8,0.0,79,2.0,7,20250809
1988,32.2,39.4,25.2,0.0,42,6.8,8,20250809
1989,32.1,37.9,26.6,0.2,45,13.4,9,20250809
1990,39.2,43.7,33.7,0.0,13,5.2,1,20250810
1991,25.3,28.3,22.8,1.7,87,8.1,2,20250810
1992,34.3,41.0,26.9,0.0,32,5.3,3,20250810
1993,26.4,30.2,23.4,0.0,67,20.3,4,20250810
1994,20.7,26.2,14.8,0.0,55,3.8,5,20250810
1995,22.7,27.2,18.4,0.0,66,8.4,6,20250810
1996,23.5,28.2,19.4,0.0,70,5.4,7,20250810
1997,34.5,41.3,27.1,0.0,34,6.5,8,20250810
1998,34.1,40.2,28.4,0.0,36,11.8,9,20250810
1999,40.1,45.2,34.5,0.0,11,5.0,1,20250811
2000,25.0,26.9,23.5,5.2,90,10.0,2,20250811
2001,34.9,40.2,28.7,0.1,26,4.8,3,20250811
2002,26.4,30.4,22.9,0.0,64,17.5,4,20250811
2003,22.8,29.7,16.4,0.5,54,5.9,5,20250811
2004,20.4,26.0,15.1,0.0,65,9.5,6,20250811
2005,22.0,27.5,16.8,0.0,71,7.1,7,20250811
2006,34.5,41.5,26.9,0.0,33,7.5,8,20250811
2007,32.6,39.0,28.7,0.4,43,13.8,9,20250811
2008,39.8,44.0,35.1,0.0,13,6.8,1,20250812
2009,25.2,27.4,23.4,2.0,90,8.4,2,20250812
2010,35.8,42.6,29.9,0.1,21,7.0,3,20250812
2011,26.2,29.1,24.2,0.0,63,21.4,4,20250812
2012,24.7,31.0,18.8,0.6,53,9.1,5,20250812
2013,22.1,29.9,14.8,0.0,65,6.7,6,20250812
2014,23.5,30.9,16.8,0.0,77,3.7,7,20250812
2015,33.6,41.8,26.5,0.0,41,11.9,8,20250812
2016,32.9,38.9,27.0,0.0,41,10.8,9,20250812
2017,39.6,44.2,34.2,0.0,13,8.8,1,20250813
2018,25.6,29.1,23.4,1.3,88,6.9,2,20250813
2019,36.5,42.5,30.6,0.0,19,8.3,3,20250813
2020,25.6,28.6,23.4,0.0,63,22.4,4,20250813
2021,22.2,27.8,18.3,0.0,70,7.2,5,20250813
2022,26.2,33.3,18.5,0.0,53,7.6,6,20250813
2023,25.3,32.7,18.3,0.0,68,2.9,7,20250813
2024,34.6,43.1,26.4,0.0,42,10.9,8,20250813
2025,32.1,36.3,27.2,0.8,46,9.4,9,20250813
2026,39.0,44.2,33.7,0.0,8,10.7,1,20250814
2027,25.6,29.2,23.5,0.2,84,5.7,2,20250814
2028,35.7,41.6,30.0,0.0,17,7.0,3,20250814
2029,25.4,28.0,23.3,0.0,63,25.2,4,20250814
2030,21.8,26.9,16.6,0.0,66,9.7,5,20250814
2031,25.0,31.5,16.1,0.0,56,5.1,6,20250814
2032,25.2,31.4,19.4,0.0,66,2.5,7,20250814
2033,34.6,43.9,26.4,0.0,41,10.8,8,20250814
2034,31.7,36.3,27.0,0.4,44,8.8,9,20250814
2035,37.8,43.2,31.7,0.0,6,9.1,1,20250815
2036,25.7,28.5,23.9,0.9,87,6.4,2,20250815
2037,32.7,37.3,28.0,0.0,21,13.3,3,20250815
2038,25.8,28.3,24.0,0.0,58,26.3,4,20250815
2039,23.1,29.5,17.8,0.0,60,7.1,5,20250815
2040,25.2,31.5,17.4,2.5,57,5.8,6,20250815
2041,24.7,30.5,19.6,0.2,74,2.2,7,20250815
2042,33.7,41.8,26.6,0.0,36,11.1,8,20250815
2043,30.0,35.1,26.5,0.1,49,11.3,9,20250815
2044,38.2,43.7,32.1,0.0,8,10.5,1,20250816
2045,25.9,29.4,24.2,1.0,87,7.4,2,20250816
2046,28.7,34.4,24.1,0.0,36,10.6,3,20250816
2047,25.2,27.7,23.4,0.0,54,23.9,4,20250816
2048,19.5,22.5,16.4,0.1,69,11.1,5,20250816
2049,22.0,26.7,18.0,3.6,74,6.1,6,20250816
2050,22.0,28.2,17.7,2.4,81,2.9,7,20250816
2051,31.2,38.0,25.7,0.0,50,10.5,8,20250816
2052,31.1,36.8,24.8,0.0,48,11.2,9,20250816
2053,37.7,42.8,32.0,0.0,7,10.6,1,20250817
2054,25.8,28.9,24.2,1.2,88,6.2,2,20250817
2055,26.0,32.9,20.8,0.0,52,10.6,3,20250817
2056,24.9,27.9,22.0,0.0,58,17.3,4,20250817
2057,18.2,24.4,13.0,0.0,69,9.5,5,20250817
2058,19.0,22.5,16.8,3.1,84,5.8,6,20250817
2059,20.1,24.4,16.9,1.1,79,5.7,7,20250817
2060,30.4,37.3,24.9,0.0,49,9.8,8,20250817
2061,32.5,37.7,26.8,0.0,43,11.0,9,20250817
2062,38.1,43.1,32.4,0.0,7,10.0,1,20250818
2063,25.5,28.1,24.0,10.1,89,7.3,2,20250818
2064,24.9,31.9,19.4,0.0,56,10.9,3,20250818
2065,24.9,28.4,22.6,0.0,66,5.9,4,20250818
2066,18.8,21.5,16.9,0.2,70,11.6,5,20250818
2067,18.1,23.6,12.4,0.0,70,6.3,6,20250818
2068,20.0,25.4,15.1,0.0,72,6.0,7,20250818
2069,30.9,38.6,23.6,0.0,45,9.6,8,20250818
2070,30.4,36.2,25.7,0.1,54,7.7,9,20250818
2071,37.3,42.1,32.2,0.0,11,9.0,1,20250819
2072,25.2,27.3,24.0,5.9,93,7.6,2,20250819
2073,25.6,32.0,19.9,0.0,44,12.6,3,20250819
2074,24.6,28.1,21.9,0.3,67,12.7,4,20250819
2075,19.4,25.1,15.1,0.1,69,12.7,5,20250819
2076,19.0,25.6,11.9,0.0,66,4.2,6,20250819
2077,21.1,27.9,14.5,0.0,72,3.7,7,20250819
2078,34.1,40.7,26.9,0.0,27,7.2,8,20250819
2079,29.4,35.1,26.2,0.0,58,12.8,9,20250819
2080,36.5,41.4,31.3,0.0,12,9.8,1,20250820
2081,25.1,26.6,24.0,11.3,95,5.6,2,20250820
2082,26.5,32.2,21.9,0.0,42,11.5,3,20250820
2083,24.3,27.3,21.7,0.0,61,13.0,4,20250820
2084,17.3,20.6,14.9,0.0,65,14.2,5,20250820
2085,19.1,25.9,14.0,5.4,76,5.4,6,20250820
2086,19.5,22.9,16.9,7.3,85,4.3,7,20250820
2087,31.6,38.0,25.7,0.0,43,10.6,8,20250820
2088,27.8,31.9,25.1,0.0,62,15.0,9,20250820
2089,37.2,42.3,31.2,0.0,13,10.7,1,20250821
2090,25.0,26.8,23.6,1.6,94,8.4,2,20250821
2091,25.9,31.8,20.5,0.0,48,8.4,3,20250821
2092,24.7,30.5,19.8,0.0,55,7.2,4,20250821
2093,16.8,20.0,13.5,0.1,62,11.2,5,20250821
2094,16.9,19.4,15.5,19.5,93,6.8,6,20250821
2095,16.3,17.5,15.5,41.8,94,8.1,7,20250821
2096,31.0,38.2,24.7,0.0,50,8.0,8,20250821
2097,27.7,31.3,24.8,0.0,63,10.7,9,20250821
2098,37.5,42.1,31.6,0.0,13,7.1,1,20250822
2099,25.1,27.1,23.9,1.9,93,11.3,2,20250822
2100,27.5,34.6,21.1,0.0,51,7.1,3,20250822
2101,26.0,32.7,20.3,0.0,50,5.6,4,20250822
2102,17.4,22.8,11.6,0.0,53,5.4,5,20250822
2103,16.5,19.6,13.0,2.8,76,7.6,6,20250822
2104,17.4,21.1,15.0,2.5,81,4.7,7,20250822
2105,31.0,38.3,23.9,0.0,50,7.4,8,20250822
2106,29.6,35.6,24.5,0.0,55,11.5,9,20250822
2107,37.2,42.4,30.5,0.0,12,5.6,1,20250823
2108,24.9,26.9,23.6,1.3,94,9.5,2,20250823
2109,28.3,34.4,22.6,0.0,42,9.6,3,20250823
2110,25.8,29.1,23.0,0.0,59,11.4,4,20250823
2111,19.1,21.9,16.1,0.0,57,5.2,5,20250823
2112,14.4,17.2,12.1,0.0,65,6.8,6,20250823
2113,16.3,19.8,13.8,0.3,68,4.9,7,20250823
2114,32.3,40.5,24.4,0.0,44,8.7,8,20250823
2115,30.2,36.2,25.5,2.1,52,10.4,9,20250823
2116,37.1,41.9,31.1,0.0,13,6.0,1,20250824
2117,25.0,27.3,23.4,3.3,92,7.9,2,20250824
2118,28.5,34.5,23.5,0.0,31,10.7,3,20250824
2119,24.3,27.4,21.9,0.2,57,11.8,4,20250824
2120,19.2,23.6,14.6,0.0,55,6.3,5,20250824
2121,14.5,19.0,9.7,0.0,72,5.3,6,20250824
2122,16.4,21.1,12.5,0.0,72,3.9,7,20250824
2123,32.7,40.5,24.9,0.0,42,8.8,8,20250824
2124,25.1,29.3,22.8,17.7,85,7.3,9,20250824
2125,37.4,42.4,31.0,0.0,12,7.1,1,20250825
2126,25.2,27.6,23.5,1.0,91,4.2,2,20250825
2127,26.3,31.9,21.3,0.0,46,10.8,3,20250825
2128,23.5,26.7,21.5,0.0,53,16.7,4,20250825
2129,20.6,26.0,15.1,0.0,50,8.4,5,20250825
2130,15.6,21.9,8.3,0.0,71,3.9,6,20250825
2131,17.1,23.4,11.0,0.0,76,2.7,7,20250825
2132,30.7,37.3,24.9,0.0,48,9.7,8,20250825
2133,25.7,29.6,22.7,4.3,81,8.5,9,20250825
2134,37.3,42.4,31.4,0.0,10,9.6,1,20250826
2135,25.7,27.9,24.2,1.4,93,5.3,2,20250826
2136,25.1,30.2,20.6,0.0,48,10.6,3,20250826
2137,22.9,25.9,19.9,0.0,53,15.6,4,20250826
2138,21.1,25.3,18.3,0.2,57,12.1,5,20250826
2139,18.4,26.0,10.8,0.0,65,7.0,6,20250826
2140,19.9,26.6,13.4,0.0,79,3.4,7,20250826
2141,29.7,35.9,24.0,0.0,47,8.6,8,20250826
2142,27.4,32.7,23.7,5.8,74,6.5,9,20250826
2143,36.8,40.9,32.1,0.0,11,10.2,1,20250827
2144,25.7,27.8,24.3,2.1,95,6.2,2,20250827
2145,24.3,30.0,19.4,0.0,64,10.3,3,20250827
2146,23.5,26.3,20.9,0.0,57,19.9,4,20250827
2147,18.2,21.8,15.5,1.3,73,13.6,5,20250827
2148,21.2,26.9,16.1,1.4,67,6.3,6,20250827
2149,20.4,25.3,16.5,1.3,82,3.7,7,20250827
2150,29.7,37.2,23.7,0.0,44,8.4,8,20250827
2151,25.3,29.7,22.9,20.2,83,5.9,9,20250827
2152,36.4,41.0,31.4,0.0,14,9.2,1,20250828
2153,25.9,28.3,24.4,1.8,93,7.9,2,20250828
2154,25.1,30.9,20.1,0.0,55,8.7,3,20250828
2155,23.8,26.7,21.5,0.0,60,19.8,4,20250828
2156,17.1,20.5,13.0,2.4,75,12.0,5,20250828
2157,18.6,23.3,15.1,8.9,82,8.5,6,20250828
2158,17.9,18.6,16.7,28.4,93,3.9,7,20250828
2159,29.0,35.1,23.2,0.0,44,6.7,8,20250828
2160,26.6,31.3,22.8,0.0,76,7.1,9,20250828
2161,36.6,42.0,31.0,0.0,15,10.5,1,20250829
2162,25.9,28.5,24.2,1.7,91,8.2,2,20250829
2163,25.5,32.1,19.5,0.0,45,7.3,3,20250829
2164,25.0,28.9,22.2,0.0,67,14.8,4,20250829
2165,16.5,19.7,14.3,19.5,81,11.0,5,20250829
2166,16.6,20.3,14.5,28.2,81,8.6,6,20250829
2167,16.9,20.5,13.4,14.3,78,5.8,7,20250829
2168,30.4,36.3,24.5,0.0,42,7.7,8,20250829
2169,27.4,32.0,23.7,0.1,73,6.2,9,20250829
2170,36.5,41.7,31.3,0.0,13,10.4,1,20250830
2171,25.7,28.4,24.1,1.7,91,8.3,2,20250830
2172,24.8,30.0,20.1,0.0,47,8.3,3,20250830
2173,24.2,28.1,20.8,0.0,75,6.6,4,20250830
2174,16.8,20.0,13.1,2.0,82,14.7,5,20250830
2175,15.7,19.0,13.0,1.5,79,10.1,6,20250830
2176,16.1,19.2,13.4,1.0,78,7.9,7,20250830
2177,30.5,36.6,24.5,0.0,43,7.4,8,20250830
2178,28.8,34.6,24.0,0.8,66,5.0,9,20250830
2179,36.6,42.0,31.2,0.0,12,10.5,1,20250831
2180,25.3,26.9,24.2,4.9,95,9.1,2,20250831
2181,24.9,31.5,19.7,0.0,48,10.1,3,20250831
2182,26.9,33.0,22.3,0.0,55,7.4,4,20250831
2183,17.0,20.2,14.0,0.9,76,14.4,5,20250831
2184,16.9,22.4,11.4,0.0,71,6.8,6,20250831
2185,17.0,22.8,11.7,0.0,80,2.5,7,20250831
2186,30.9,38.4,23.3,0.0,42,8.6,8,20250831
2187,30.1,36.7,24.7,0.0,62,6.2,9,20250831
2188,36.3,41.2,30.7,0.0,13,8.9,1,20250901
2189,25.5,27.6,24.1,3.0,93,8.9,2,20250901
2190,25.1,31.7,19.1,0.0,44,10.7,3,20250901
2191,25.6,29.0,22.3,0.1,61,7.3,4,20250901
2192,16.4,19.3,14.5,3.3,77,13.7,5,20250901
2193,17.1,22.5,11.5,2.0,77,7.7,6,20250901
2194,16.4,18.2,14.9,15.0,88,4.3,7,20250901
2195,31.7,38.9,24.2,0.0,35,8.4,8,20250901
2196,30.5,36.1,26.5,0.1,60,12.4,9,20250901
2197,36.3,41.0,30.8,0.0,15,5.7,1,20250902
2198,25.2,27.8,23.5,1.5,92,7.4,2,20250902
2199,25.3,31.0,20.4,0.0,52,12.4,3,20250902
2200,25.7,30.2,21.4,0.0,58,7.9,4,20250902
2201,15.7,19.0,12.8,1.8,83,11.5,5,20250902
2202,15.1,17.7,13.1,3.5,85,7.1,6,20250902
2203,15.8,18.5,13.2,6.1,82,4.3,7,20250902
2204,30.8,38.2,24.3,0.0,48,8.9,8,20250902
2205,31.0,36.7,26.2,0.0,53,11.8,9,20250902
2206,37.0,42.0,31.1,0.0,13,6.0,1,20250903
2207,25.1,28.1,23.6,0.9,91,4.7,2,20250903
2208,24.3,30.3,19.8,0.0,56,11.3,3,20250903
2209,25.3,30.1,21.6,0.0,69,12.9,4,20250903
2210,17.7,20.0,15.6,25.7,85,19.3,5,20250903
2211,17.3,23.3,11.1,0.0,68,6.8,6,20250903
2212,17.5,22.6,13.2,0.0,77,3.1,7,20250903
2213,29.6,36.1,23.8,0.0,50,7.9,8,20250903
2214,31.9,38.5,26.1,0.0,48,11.8,9,20250903
2215,36.3,41.4,29.4,0.0,11,6.3,1,20250904
2216,25.4,27.8,23.9,2.2,93,4.7,2,20250904
2217,24.9,30.5,19.2,0.0,50,8.5,3,20250904
2218,25.2,28.5,22.7,0.0,68,19.6,4,20250904
2219,16.1,18.8,14.1,4.7,75,13.9,5,20250904
2220,19.0,25.1,14.2,6.4,72,8.4,6,20250904
2221,17.9,23.0,15.4,21.1,87,6.3,7,20250904
2222,30.0,36.4,23.9,0.0,51,6.4,8,20250904
2223,33.0,39.2,27.5,0.0,43,9.8,9,20250904
2224,35.9,40.8,30.1,0.0,13,8.0,1,20250905
2225,25.3,27.4,23.5,3.1,93,6.6,2,20250905
2226,26.7,34.0,19.8,0.0,43,5.6,3,20250905
2227,25.1,28.0,23.5,0.0,66,21.7,4,20250905
2228,15.8,20.7,11.4,0.0,76,8.3,5,20250905
2229,13.8,15.6,10.9,15.2,88,10.7,6,20250905
2230,14.8,17.1,13.0,17.0,85,5.2,7,20250905
2231,31.0,38.1,24.2,0.0,48,7.2,8,20250905
2232,33.3,39.5,28.0,0.0,43,9.8,9,20250905
2233,35.5,39.9,30.3,0.0,22,7.6,1,20250906
2234,25.0,27.1,23.6,2.5,94,5.7,2,20250906
2235,27.1,33.9,20.8,0.0,39,5.9,3,20250906
2236,21.8,23.7,20.2,10.5,78,12.2,4,20250906
2237,17.6,22.0,13.3,0.0,73,10.5,5,20250906
2238,13.9,19.4,8.2,0.0,76,8.5,6,20250906
2239,15.0,20.5,9.7,0.0,79,4.9,7,20250906
2240,29.7,36.2,24.4,0.0,54,8.7,8,20250906
2241,31.9,38.3,27.7,0.0,51,10.4,9,20250906
2242,36.7,41.3,31.1,0.0,16,5.3,1,20250907
2243,25.3,27.6,23.5,2.6,94,6.7,2,20250907
2244,24.7,31.0,19.8,0.0,54,8.4,3,20250907
2245,21.8,24.4,20.1,0.4,71,13.7,4,20250907
2246,19.4,24.5,15.7,0.0,73,13.0,5,20250907
2247,14.7,21.2,8.9,0.0,82,5.3,6,20250907
2248,15.9,23.4,9.7,0.0,85,2.7,7,20250907
2249,28.9,35.2,23.6,0.0,50,9.0,8,20250907
2250,33.6,40.1,27.2,0.0,41,9.7,9,20250907
2251,36.7,41.8,29.7,0.0,11,3.8,1,20250908
2252,25.7,29.2,23.3,0.0,88,5.0,2,20250908
2253,23.2,29.1,17.4,0.0,61,8.2,3,20250908
2254,21.6,25.2,19.3,0.7,72,12.2,4,20250908
2255,16.4,19.6,13.6,0.1,71,10.2,5,20250908
2256,16.2,23.1,10.2,0.1,84,5.0,6,20250908
2257,17.6,22.4,13.7,0.0,89,2.4,7,20250908
2258,28.4,34.1,23.5,0.0,49,8.2,8,20250908
2259,34.1,40.7,27.6,0.0,37,10.3,9,20250908
2260,37.4,43.0,31.5,0.0,8,6.5,1,20250909
2261,25.9,29.0,23.1,0.0,88,4.8,2,20250909
2262,23.2,29.8,17.8,0.0,63,7.9,3,20250909
2263,22.3,25.7,19.8,0.0,74,7.0,4,20250909
2264,15.6,19.8,11.0,0.3,70,7.7,5,20250909
2265,15.4,19.1,13.2,2.6,91,7.8,6,20250909
2266,17.0,20.1,14.7,9.3,85,6.2,7,20250909
2267,28.3,34.0,22.8,0.0,47,5.9,8,20250909
2268,34.0,40.2,27.9,0.0,35,8.7,9,20250909
2269,36.8,42.1,31.1,0.0,10,8.0,1,20250910
2270,25.5,28.7,23.2,0.7,90,5.3,2,20250910
2271,23.5,30.6,17.2,0.0,53,6.8,3,20250910
2272,22.7,27.7,18.1,0.0,76,8.3,4,20250910
2273,15.6,18.0,14.3,7.7,80,13.2,5,20250910
2274,12.9,15.7,10.8,5.2,95,5.9,6,20250910
2275,15.7,19.4,13.7,3.9,85,3.5,7,20250910
2276,28.2,33.9,22.9,0.0,48,6.8,8,20250910
2277,32.2,38.0,27.5,0.0,42,11.2,9,20250910
2278,36.8,41.9,30.9,0.0,11,6.5,1,20250911
2279,25.8,27.5,24.3,4.3,94,6.0,2,20250911
2280,24.9,32.7,17.1,0.0,43,5.9,3,20250911
2281,22.9,27.1,20.2,0.0,76,10.1,4,20250911
2282,14.3,18.0,12.1,3.7,74,15.5,5,20250911
2283,15.1,19.9,11.2,0.3,81,11.3,6,20250911
2284,15.7,18.8,13.5,3.6,80,9.3,7,20250911
2285,28.7,35.3,22.6,0.0,52,10.6,8,20250911
2286,31.9,37.9,26.0,0.0,42,10.2,9,20250911
2287,36.9,42.3,31.1,0.0,12,6.3,1,20250912
2288,26.0,28.4,24.5,3.2,92,6.0,2,20250912
2289,26.2,33.6,19.1,0.0,37,5.5,3,20250912
2290,22.8,26.0,20.5,0.5,78,12.9,4,20250912
2291,13.9,17.6,10.9,4.4,73,14.0,5,20250912
2292,14.5,16.3,11.5,0.1,77,7.3,6,20250912
2293,14.2,16.9,12.0,4.1,81,4.0,7,20250912
2294,29.2,36.2,22.1,0.0,51,7.7,8,20250912
2295,31.9,37.7,26.9,0.0,43,9.4,9,20250912
2296,35.7,40.6,30.7,0.0,17,6.5,1,20250913
2297,26.0,28.9,24.2,0.8,91,5.2,2,20250913
2298,26.3,33.7,19.6,0.0,37,7.3,3,20250913
2299,22.9,25.5,20.9,0.0,70,16.4,4,20250913
2300,14.0,17.2,11.8,3.0,75,12.5,5,20250913
2301,15.2,20.3,10.9,0.8,75,5.1,6,20250913
2302,15.1,19.6,10.1,0.0,81,3.0,7,20250913
2303,30.1,37.2,22.7,0.0,47,6.8,8,20250913
2304,31.2,36.0,25.4,0.1,49,7.3,9,20250913
2305,34.3,38.9,29.3,0.0,12,9.1,1,20250914
2306,26.0,28.7,24.4,1.7,91,6.0,2,20250914
2307,26.9,33.7,20.7,0.0,35,6.2,3,20250914
2308,21.9,24.5,20.2,0.0,61,18.9,4,20250914
2309,13.6,17.8,9.2,3.5,83,12.1,5,20250914
2310,14.5,17.3,12.8,10.6,83,11.1,6,20250914
2311,16.4,20.3,13.0,10.2,78,10.7,7,20250914
2312,30.4,38.2,23.2,0.0,45,8.5,8,20250914
2313,34.4,41.0,27.6,0.0,34,5.9,9,20250914
2314,33.7,39.3,27.4,0.0,11,9.2,1,20250915
2315,25.6,27.0,24.8,6.9,93,12.3,2,20250915
2316,26.8,33.1,21.4,0.0,41,6.2,3,20250915
2317,21.6,24.7,19.5,0.0,61,13.0,4,20250915
2318,15.7,17.8,14.1,0.4,67,24.7,5,20250915
2319,18.9,24.6,14.4,0.2,73,13.8,6,20250915
2320,18.6,24.2,14.8,6.3,78,11.6,7,20250915
2321,28.9,36.2,22.7,0.0,55,8.6,8,20250915
2322,34.6,41.0,27.4,0.0,34,10.1,9,20250915
2323,33.9,39.3,27.4,0.0,11,6.7,1,20250916
2324,25.3,26.5,24.4,4.6,93,9.7,2,20250916
2325,25.5,31.9,19.6,0.0,52,6.4,3,20250916
2326,22.1,26.7,18.4,0.0,62,8.9,4,20250916
2327,14.7,18.3,12.0,0.0,67,16.8,5,20250916
2328,14.9,17.2,11.7,1.9,71,15.9,6,20250916
2329,15.0,18.6,12.8,1.3,74,10.5,7,20250916
2330,28.2,34.0,23.0,0.0,51,7.2,8,20250916
2331,34.9,40.8,28.7,0.0,34,12.1,9,20250916
2332,34.6,40.5,27.6,0.0,10,8.3,1,20250917
2333,25.5,27.6,24.1,3.4,91,12.1,2,20250917
2334,24.7,30.7,20.0,0.0,59,8.0,3,20250917
2335,22.1,27.5,18.5,0.0,61,12.0,4,20250917
2336,16.0,18.8,12.5,1.1,85,16.3,5,20250917
2337,13.4,17.1,9.8,0.0,70,10.8,6,20250917
2338,14.4,19.3,10.0,0.0,78,2.8,7,20250917
2339,28.6,34.4,23.2,0.0,48,5.5,8,20250917
2340,31.8,38.0,29.0,0.0,47,11.7,9,20250917
2341,35.8,41.4,27.9,0.0,11,6.2,1,20250918
2342,25.9,28.7,24.1,1.1,88,7.7,2,20250918
2343,24.5,30.9,19.1,0.0,52,8.6,3,20250918
2344,19.8,22.0,17.6,2.2,61,16.2,4,20250918
2345,18.6,21.5,16.1,0.0,85,16.7,5,20250918
2346,17.2,23.8,11.8,0.0,68,6.3,6,20250918
2347,16.9,23.9,11.3,0.0,83,1.9,7,20250918
2348,29.2,36.2,22.9,0.0,52,8.2,8,20250918
2349,33.3,39.2,27.5,0.1,39,5.9,9,20250918
2350,37.6,42.9,32.3,0.0,10,6.4,1,20250919
2351,25.5,28.9,23.4,0.1,86,5.7,2,20250919
2352,23.6,29.1,19.1,0.0,59,9.5,3,20250919
2353,20.6,23.0,18.8,0.0,45,14.8,4,20250919
2354,18.9,25.4,15.0,0.0,79,9.7,5,20250919
2355,17.9,25.9,9.8,0.0,76,7.3,6,20250919
2356,17.2,23.6,12.1,0.0,86,2.4,7,20250919
2357,28.3,35.3,22.5,0.0,54,8.3,8,20250919
2358,32.1,39.7,28.9,1.3,46,9.4,9,20250919
2359,37.5,42.8,30.5,0.0,10,8.4,1,20250920
2360,25.5,29.4,23.1,0.0,86,5.9,2,20250920
2361,23.9,30.3,17.4,0.0,41,6.0,3,20250920
2362,20.4,23.9,17.2,0.0,56,12.6,4,20250920
2363,16.7,21.1,13.8,0.0,81,14.5,5,20250920
2364,20.2,28.3,13.3,0.0,72,6.7,6,20250920
2365,18.7,26.7,13.2,0.0,87,2.3,7,20250920
2366,28.0,34.3,23.0,0.0,50,10.3,8,20250920
2367,29.2,34.8,24.7,4.5,64,7.2,9,20250920
2368,36.4,42.5,30.4,0.0,14,8.7,1,20250921
2369,26.8,30.0,24.2,0.6,86,5.5,2,20250921
2370,25.7,31.6,20.3,0.0,23,7.3,3,20250921
2371,21.3,24.5,18.3,0.0,63,15.9,4,20250921
2372,12.6,15.5,9.5,0.0,63,12.5,5,20250921
2373,19.7,26.3,14.5,5.8,75,7.9,6,20250921
2374,18.5,22.4,15.8,14.3,85,5.6,7,20250921
2375,27.3,33.1,22.0,0.0,42,8.2,8,20250921
2376,29.5,34.0,24.7,0.4,58,8.7,9,20250921
2377,34.6,40.0,30.0,0.0,22,7.4,1,20250922
2378,27.3,30.4,25.2,1.1,83,6.2,2,20250922
2379,26.3,32.3,20.3,0.0,21,7.1,3,20250922
2380,22.1,25.5,19.6,0.0,68,15.6,4,20250922
2381,11.4,15.7,7.5,0.0,64,11.3,5,20250922
2382,14.6,16.8,11.7,2.8,88,9.5,6,20250922
2383,13.5,16.2,11.9,22.1,94,11.3,7,20250922
2384,27.3,32.8,21.7,0.0,46,5.7,8,20250922
2385,31.0,36.4,25.8,0.2,52,7.0,9,20250922
2386,33.5,38.8,28.6,0.0,17,7.3,1,20250923
2387,27.0,30.2,24.9,0.2,83,4.4,2,20250923
2388,26.7,34.1,20.2,0.0,22,5.9,3,20250923
2389,21.5,26.0,18.2,0.0,72,8.0,4,20250923
2390,11.5,16.4,7.2,0.0,67,10.2,5,20250923
2391,11.6,14.5,9.3,0.9,86,11.8,6,20250923
2392,11.4,12.9,10.4,3.5,90,10.4,7,20250923
2393,27.7,33.5,22.0,0.0,50,6.5,8,20250923
2394,32.3,38.6,26.7,0.0,43,7.6,9,20250923
2395,32.6,37.4,27.9,0.0,14,6.5,1,20250924
2396,26.9,29.9,24.6,0.0,81,5.2,2,20250924
2397,24.1,29.3,19.4,0.0,51,7.8,3,20250924
2398,21.0,25.2,17.4,0.0,70,7.6,4,20250924
2399,13.2,17.5,9.6,0.0,65,12.2,5,20250924
2400,10.6,12.5,9.5,12.5,91,12.9,6,20250924
2401,11.0,13.2,10.0,5.4,93,6.3,7,20250924
2402,27.1,32.9,21.9,0.0,51,9.3,8,20250924
2403,33.7,39.5,27.0,0.0,36,8.1,9,20250924
2404,33.3,39.5,27.4,0.0,12,4.5,1,20250925
2405,26.4,31.3,23.7,0.0,85,6.1,2,20250925
2406,20.3,24.7,17.7,0.5,71,13.4,3,20250925
2407,20.7,23.7,18.3,0.0,72,14.8,4,20250925
2408,13.4,18.3,9.5,0.0,58,13.1,5,20250925
2409,10.8,13.5,9.0,4.6,87,5.5,6,20250925
2410,11.1,13.5,9.6,6.7,86,5.9,7,20250925
2411,26.0,31.4,20.4,0.0,52,6.2,8,20250925
2412,33.3,39.5,26.6,0.0,38,6.7,9,20250925
2413,35.0,41.5,29.2,0.0,10,8.8,1,20250926
2414,27.2,31.6,24.5,0.0,85,4.9,2,20250926
2415,21.8,28.3,16.7,0.0,65,8.7,3,20250926
2416,19.8,21.6,18.3,1.4,72,23.2,4,20250926
2417,12.8,16.1,9.4,1.1,69,8.5,5,20250926
2418,12.3,16.2,8.6,1.5,85,9.0,6,20250926
2419,10.9,14.1,8.8,2.9,87,4.9,7,20250926
2420,27.2,33.2,21.6,0.0,48,5.0,8,20250926
2421,33.4,39.2,28.0,0.0,39,9.3,9,20250926
2422,34.8,40.5,29.3,0.0,11,8.3,1,20250927
2423,27.3,31.1,24.4,0.1,81,4.6,2,20250927
2424,24.1,30.8,17.3,0.0,43,6.2,3,20250927
2425,18.2,20.0,17.2,0.0,55,22.0,4,20250927
2426,13.7,17.4,10.6,0.0,71,9.7,5,20250927
2427,12.3,15.2,9.2,1.3,87,5.9,6,20250927
2428,10.8,13.8,9.0,7.8,82,4.4,7,20250927
2429,27.5,34.2,21.7,0.0,55,7.0,8,20250927
2430,33.0,38.4,26.6,0.0,40,7.6,9,20250927
2431,35.1,40.0,30.1,0.0,15,6.5,1,20250928
2432,26.9,30.4,24.0,0.6,78,5.4,2,20250928
2433,26.1,32.7,20.6,0.0,23,5.8,3,20250928
2434,18.2,21.0,16.7,0.2,57,15.3,4,20250928
2435,13.8,16.8,11.8,0.5,83,6.8,5,20250928
2436,11.9,15.6,9.7,0.2,89,5.1,6,20250928
2437,11.8,16.2,8.2,0.3,86,5.8,7,20250928
2438,27.2,34.1,21.6,0.0,56,8.6,8,20250928
2439,34.5,39.8,28.3,0.3,24,3.7,9,20250928
2440,33.9,38.7,28.6,0.0,15,6.0,1,20250929
2441,27.1,30.8,24.4,0.0,78,4.0,2,20250929
2442,25.6,32.0,20.2,0.0,31,6.8,3,20250929
2443,16.5,17.6,15.8,10.9,87,9.1,4,20250929
2444,13.2,17.7,8.0,0.0,72,4.0,5,20250929
2445,11.7,15.5,8.4,1.5,87,4.9,6,20250929
2446,12.5,16.5,9.5,0.2,83,3.8,7,20250929
2447,27.5,34.7,21.2,0.0,53,9.6,8,20250929
2448,35.3,41.9,27.3,0.0,23,8.5,9,20250929
2449,33.8,39.2,27.8,0.0,13,5.9,1,20250930
2450,25.5,29.4,22.6,0.0,85,5.8,2,20250930
2451,22.6,27.2,18.8,0.0,54,10.7,3,20250930
2452,16.7,19.3,15.0,0.6,74,9.0,4,20250930
2453,13.7,18.3,8.9,0.0,72,2.7,5,20250930
2454,10.7,14.1,8.9,11.5,90,5.9,6,20250930
2455,11.5,15.7,8.9,4.1,90,2.9,7,20250930
2456,27.8,35.5,21.5,0.0,54,9.6,8,20250930
2457,35.0,40.9,27.8,0.0,25,5.2,9,20250930
2458,33.3,38.4,27.9,0.0,13,6.8,1,20251001
2459,27.0,32.4,23.7,0.1,85,6.1,2,20251001
2460,21.0,27.0,16.1,0.0,65,8.8,3,20251001
2461,16.8,20.3,13.8,0.0,65,9.7,4,20251001
2462,13.1,17.9,9.9,0.1,80,5.7,5,20251001
2463,8.4,11.6,5.7,0.1,77,7.6,6,20251001
2464,10.5,13.9,8.2,1.2,81,8.7,7,20251001
2465,27.1,33.6,21.1,0.0,50,7.7,8,20251001
2466,33.6,38.9,27.4,0.0,38,8.0,9,20251001
2467,31.1,35.5,26.1,0.0,17,6.5,1,20251002
2468,27.6,32.2,24.0,0.0,79,6.1,2,20251002
2469,21.4,27.8,15.5,0.0,58,5.8,3,20251002
2470,18.2,21.6,15.1,0.0,69,18.7,4,20251002
2471,14.5,18.5,10.2,0.0,80,9.0,5,20251002
2472,6.8,11.6,2.7,0.0,76,8.2,6,20251002
2473,8.2,12.9,4.0,0.0,80,6.7,7,20251002
2474,29.2,36.7,21.9,0.0,38,7.3,8,20251002
2475,33.5,39.1,26.9,0.0,39,9.1,9,20251002
2476,30.5,35.0,25.7,0.0,19,6.1,1,20251003
2477,26.5,30.7,23.4,0.0,79,6.2,2,20251003
2478,24.9,31.2,18.3,0.0,35,7.1,3,20251003
2479,19.5,23.1,17.8,4.7,77,7.4,4,20251003
2480,16.2,17.9,14.3,11.6,85,19.7,5,20251003
2481,7.1,12.1,2.9,0.0,73,8.4,6,20251003
2482,7.6,12.0,3.0,0.0,87,2.4,7,20251003
2483,28.5,33.4,23.2,0.0,39,8.7,8,20251003
2484,33.1,38.9,27.5,0.0,41,8.3,9,20251003
2485,29.6,34.7,24.1,0.0,17,7.4,1,20251004
2486,26.5,31.0,23.6,0.0,75,5.7,2,20251004
2487,26.3,33.2,19.8,0.0,25,5.9,3,20251004
2488,17.8,19.9,15.1,2.1,75,10.4,4,20251004
2489,13.2,17.1,11.3,4.4,70,23.6,5,20251004
2490,11.4,20.7,4.7,3.5,72,13.5,6,20251004
2491,12.7,20.3,9.4,6.2,83,10.7,7,20251004
2492,28.3,33.9,22.7,0.0,41,6.2,8,20251004
2493,32.6,37.5,27.7,0.0,36,9.5,9,20251004
2494,29.4,34.7,24.0,0.0,15,9.3,1,20251005
2495,25.5,30.2,21.5,0.0,77,7.8,2,20251005
2496,23.9,31.6,17.9,0.0,52,6.6,3,20251005
2497,18.4,20.4,16.6,1.7,70,9.1,4,20251005
2498,12.8,15.7,10.6,0.0,65,17.1,5,20251005
2499,8.4,10.6,6.6,2.7,78,20.1,6,20251005
2500,8.8,12.0,6.7,10.4,81,15.2,7,20251005
2501,26.3,31.4,22.2,0.0,58,10.8,8,20251005
2502,33.7,39.2,26.9,0.0,30,3.4,9,20251005
2503,29.3,34.9,23.4,0.0,12,7.6,1,20251006
2504,26.5,31.2,23.4,0.0,77,6.9,2,20251006
2505,21.5,27.7,16.9,0.0,65,8.6,3,20251006
2506,19.3,21.5,17.5,0.6,66,8.3,4,20251006
2507,13.9,18.6,9.6,0.0,79,9.9,5,20251006
2508,8.3,10.2,6.8,7.7,84,19.1,6,20251006
2509,9.8,13.3,6.7,0.8,79,7.6,7,20251006
2510,25.5,31.1,19.7,0.0,45,7.3,8,20251006
2511,34.7,40.6,27.2,0.0,21,6.2,9,20251006
2512,29.5,35.3,22.5,0.0,12,6.9,1,20251007
2513,26.9,31.5,23.9,0.0,79,5.0,2,20251007
2514,20.3,25.7,15.5,0.0,61,7.3,3,20251007
2515,17.6,19.2,16.2,18.5,87,5.0,4,20251007
2516,14.1,17.0,11.6,0.0,80,7.9,5,20251007
2517,10.2,13.4,8.3,3.7,87,9.8,6,20251007
2518,11.6,16.7,7.4,0.2,83,4.3,7,20251007
2519,26.6,31.9,20.6,0.0,40,6.4,8,20251007
2520,33.4,38.0,27.6,0.0,31,7.0,9,20251007
2521,29.7,35.0,23.2,0.0,11,5.5,1,20251008
2522,26.5,30.6,23.7,0.0,80,5.8,2,20251008
2523,20.7,26.3,16.0,0.0,53,6.6,3,20251008
2524,15.4,17.0,13.8,0.3,78,10.5,4,20251008
2525,13.7,16.8,11.3,0.4,86,6.3,5,20251008
2526,10.9,16.3,6.6,0.0,88,5.1,6,20251008
2527,10.7,15.1,7.0,0.0,90,2.0,7,20251008
2528,27.2,33.1,21.5,0.0,35,7.3,8,20251008
2529,33.2,38.8,28.2,0.0,36,8.2,9,20251008
2530,30.3,35.8,22.7,0.0,12,5.7,1,20251009
2531,26.4,30.9,23.4,0.0,80,5.2,2,20251009
2532,20.4,24.5,17.2,0.1,53,9.2,3,20251009
2533,14.9,17.0,12.7,7.2,76,13.1,4,20251009
2534,12.3,15.0,8.8,0.0,79,6.5,5,20251009
2535,11.6,13.6,10.3,0.7,94,5.4,6,20251009
2536,12.4,15.2,10.1,0.2,93,3.5,7,20251009
2537,25.0,29.0,20.4,0.0,47,7.9,8,20251009
2538,33.2,38.3,27.8,0.0,36,7.5,9,20251009
2539,30.9,36.3,24.2,0.0,13,5.9,1,20251010
2540,26.7,31.0,23.2,0.0,75,4.6,2,20251010
2541,19.5,25.7,13.7,0.0,58,4.5,3,20251010
2542,15.9,18.7,11.8,0.0,72,6.3,4,20251010
2543,13.9,15.8,12.0,0.1,83,4.9,5,20251010
2544,10.1,12.4,7.2,0.2,90,5.6,6,20251010
2545,11.9,15.6,9.7,0.1,87,7.5,7,20251010
2546,24.0,29.1,19.4,0.0,52,9.7,8,20251010
2547,34.2,39.3,27.9,0.0,23,5.7,9,20251010
2548,29.8,34.6,24.8,0.0,18,5.7,1,20251011
2549,26.5,30.1,23.3,0.0,72,4.7,2,20251011
2550,21.7,28.8,15.3,0.0,49,5.5,3,20251011
2551,14.8,17.3,11.7,6.7,78,9.9,4,20251011
2552,12.7,14.8,10.6,0.0,82,2.5,5,20251011
2553,11.0,13.9,8.3,0.0,80,4.5,6,20251011
2554,11.0,14.3,9.2,0.0,85,7.3,7,20251011
2555,23.6,29.1,18.3,0.0,52,9.3,8,20251011
2556,33.4,39.9,25.2,0.0,21,8.4,9,20251011
2557,29.5,34.2,24.3,0.0,20,5.0,1,20251012
2558,26.2,30.7,22.6,0.0,71,5.5,2,20251012
2559,19.5,23.4,16.0,0.0,68,11.1,3,20251012
2560,13.6,16.6,11.0,0.2,75,6.9,4,20251012
2561,11.3,15.0,7.5,0.0,85,5.3,5,20251012
2562,10.5,13.9,7.8,0.0,81,3.4,6,20251012
2563,10.0,14.5,6.7,0.0,87,4.0,7,20251012
2564,23.6,29.6,18.5,0.0,53,8.3,8,20251012
2565,33.4,40.0,25.8,0.0,18,7.8,9,20251012
2566,30.1,35.7,24.1,0.0,18,6.5,1,20251013
2567,26.4,30.9,22.9,0.1,67,5.7,2,20251013
2568,19.2,25.3,14.1,0.0,61,5.7,3,20251013
2569,16.1,17.9,14.2,0.5,75,4.9,4,20251013
2570,13.7,15.6,12.3,0.2,88,9.4,5,20251013
2571,9.9,12.2,7.7,0.0,87,4.8,6,20251013
2572,9.7,12.5,7.2,0.0,87,7.6,7,20251013
2573,23.4,29.0,17.5,0.0,51,7.1,8,20251013
2574,33.1,39.2,26.0,0.0,18,7.7,9,20251013
2575,29.1,33.9,24.1,0.0,20,7.4,1,20251014
2576,27.2,31.4,22.8,0.0,60,4.4,2,20251014
2577,20.0,26.7,14.7,0.0,55,4.8,3,20251014
2578,15.9,18.6,13.7,0.3,79,9.6,4,20251014
2579,12.4,13.7,10.8,0.1,85,9.0,5,20251014
2580,8.1,12.4,4.9,0.0,91,2.3,6,20251014
2581,10.6,12.8,7.8,0.4,85,5.4,7,20251014
2582,23.6,29.5,18.3,0.0,53,7.5,8,20251014
2583,33.4,39.4,26.3,0.0,18,10.2,9,20251014
2584,28.3,33.4,22.9,0.0,24,6.9,1,20251015
2585,27.6,31.8,23.6,0.0,48,5.7,2,20251015
2586,18.6,25.1,12.9,0.0,58,4.8,3,20251015
2587,15.4,18.2,13.4,0.2,80,10.3,4,20251015
2588,11.6,13.0,10.5,0.0,84,8.4,5,20251015
2589,7.4,12.7,2.0,0.0,89,3.9,6,20251015
2590,9.1,13.4,5.0,0.0,84,6.6,7,20251015
2591,23.6,28.4,19.7,0.0,55,8.6,8,20251015
2592,33.5,39.3,26.9,0.0,20,10.6,9,20251015
2593,28.1,32.8,22.5,0.0,16,7.0,1,20251016
2594,27.1,31.0,23.6,0.0,62,6.2,2,20251016
2595,19.4,26.5,13.4,0.0,61,4.1,3,20251016
2596,15.5,17.6,13.8,0.4,78,15.1,4,20251016
2597,12.3,15.4,9.5,0.0,84,6.1,5,20251016
2598,7.0,11.0,4.1,0.0,92,2.9,6,20251016
2599,9.5,12.5,7.4,0.1,86,6.4,7,20251016
2600,23.3,28.9,17.8,0.0,52,9.0,8,20251016
2601,33.6,39.9,26.9,0.0,21,6.7,9,20251016
2602,28.4,33.2,22.1,0.0,18,5.5,1,20251017
2603,26.6,29.9,23.9,0.0,68,5.8,2,20251017
2604,22.2,29.4,16.4,0.0,50,4.2,3,20251017
2605,17.3,20.7,15.5,0.2,74,12.8,4,20251017
2606,12.8,14.8,11.1,0.0,81,5.6,5,20251017
2607,8.0,11.4,5.5,0.0,84,2.3,6,20251017
2608,9.0,12.3,5.6,0.5,85,5.8,7,20251017
2609,23.5,29.5,17.9,0.0,56,9.3,8,20251017
2610,33.9,39.6,27.0,0.0,23,5.8,9,20251017
2611,29.1,33.7,23.6,0.0,16,7.5,1,20251018
2612,26.6,30.8,23.1,0.0,60,5.9,2,20251018
2613,20.5,26.0,16.3,0.0,59,7.4,3,20251018
2614,16.8,18.8,15.2,1.3,86,4.2,4,20251018
2615,12.5,14.6,11.1,0.0,73,9.2,5,20251018
2616,7.7,11.6,4.8,0.4,82,6.1,6,20251018
2617,8.2,13.3,3.8,0.0,83,5.0,7,20251018
2618,23.6,29.8,17.8,0.0,54,9.1,8,20251018
2619,34.1,39.6,27.4,0.0,20,7.3,9,20251018
2620,29.0,34.2,23.6,0.0,16,9.5,1,20251019
2621,26.8,30.9,23.0,0.0,62,4.9,2,20251019
2622,18.7,24.7,13.9,0.0,65,7.3,3,20251019
2623,15.4,16.7,13.8,11.2,82,9.6,4,20251019
2624,13.6,15.3,12.0,6.1,85,12.1,5,20251019
2625,6.1,12.0,2.0,0.0,85,6.0,6,20251019
2626,7.6,12.6,4.1,0.0,93,1.9,7,20251019
2627,24.1,30.5,17.9,0.0,58,9.2,8,20251019
2628,33.7,39.2,27.5,0.0,21,7.4,9,20251019
2629,28.9,33.6,23.0,0.0,16,4.7,1,20251020
2630,28.1,32.6,24.5,0.0,53,5.7,2,20251020
2631,20.2,26.5,15.2,0.0,60,7.7,3,20251020
2632,14.4,17.9,12.0,0.0,69,7.2,4,20251020
2633,13.2,14.6,11.8,3.4,90,12.4,5,20251020
2634,10.0,14.7,6.2,0.5,77,5.0,6,20251020
2635,9.4,12.8,7.3,1.2,96,2.9,7,20251020
2636,25.6,32.5,19.2,0.0,53,11.5,8,20251020
2637,33.2,38.8,27.8,0.0,17,6.9,9,20251020
2638,28.4,33.2,23.0,0.0,16,4.9,1,20251021
2639,27.9,32.8,24.8,0.0,43,4.6,2,20251021
2640,21.7,27.4,16.6,0.0,38,3.9,3,20251021
2641,14.8,18.9,11.4,0.0,63,8.1,4,20251021
2642,12.8,15.3,10.9,0.2,85,13.4,5,20251021
2643,11.6,16.3,7.7,2.0,82,7.3,6,20251021
2644,11.4,17.1,7.4,8.1,87,3.8,7,20251021
2645,25.8,32.7,20.6,0.0,51,13.7,8,20251021
2646,32.4,38.4,25.1,0.0,28,5.9,9,20251021
2647,27.8,32.7,22.3,0.0,18,4.7,1,20251022
2648,28.6,33.4,24.4,0.0,37,6.6,2,20251022
2649,22.7,28.6,17.6,0.0,28,4.0,3,20251022
2650,16.8,19.7,13.9,0.0,81,5.5,4,20251022
2651,11.4,14.6,8.9,7.8,85,7.3,5,20251022
2652,11.8,15.6,9.8,4.7,89,7.4,6,20251022
2653,12.8,16.7,11.0,18.4,90,4.4,7,20251022
2654,27.1,33.8,21.8,0.0,47,13.7,8,20251022
2655,32.6,37.7,26.4,0.0,30,8.1,9,20251022
2656,27.1,32.2,21.1,0.0,18,5.9,1,20251023
2657,29.5,36.3,25.6,0.0,26,9.8,2,20251023
2658,24.4,31.1,18.0,0.0,24,6.4,3,20251023
2659,17.9,19.5,17.0,3.2,86,9.1,4,20251023
2660,9.8,11.7,7.3,16.3,83,20.9,5,20251023
2661,11.0,15.2,9.1,8.2,80,15.3,6,20251023
2662,11.0,13.1,8.5,15.7,85,15.8,7,20251023
2663,26.2,32.8,20.3,0.0,59,7.1,8,20251023
2664,32.5,36.6,28.3,0.0,38,6.1,9,20251023
2665,27.3,32.6,20.8,0.0,16,6.2,1,20251024
2666,28.6,35.3,24.2,0.0,32,7.8,2,20251024
2667,23.0,27.2,18.3,0.0,36,8.9,3,20251024
2668,19.4,22.9,17.2,34.8,80,17.0,4,20251024
2669,8.6,12.0,5.8,0.0,74,15.9,5,20251024
2670,7.2,8.9,6.0,0.5,71,21.4,6,20251024
2671,7.8,10.1,5.0,8.7,74,18.4,7,20251024
2672,25.8,32.1,19.5,0.0,57,4.6,8,20251024
2673,33.3,39.2,26.4,0.0,36,7.6,9,20251024
2674,28.0,33.3,21.2,0.0,15,5.2,1,20251025
2675,28.6,35.5,23.0,0.0,28,5.6,2,20251025
2676,20.5,26.4,14.4,0.0,49,5.2,3,20251025
2677,16.5,18.1,15.4,30.8,82,8.9,4,20251025
2678,9.1,11.8,6.5,1.1,77,14.1,5,20251025
2679,6.8,9.7,4.5,14.5,80,17.3,6,20251025
2680,8.4,10.0,7.2,18.8,88,11.1,7,20251025
2681,26.6,33.1,19.6,0.0,48,5.1,8,20251025
2682,33.2,38.8,26.6,0.0,17,8.8,9,20251025
2683,28.3,33.4,22.0,0.0,13,5.2,1,20251026
2684,29.3,36.9,23.7,0.0,32,3.2,2,20251026
2685,20.5,26.1,15.4,0.0,52,6.3,3,20251026
2686,17.4,19.6,14.7,0.0,78,9.1,4,20251026
2687,7.6,10.9,4.9,0.7,78,14.7,5,20251026
2688,6.7,8.8,4.9,1.8,74,19.9,6,20251026
2689,7.2,9.1,5.6,7.2,80,15.5,7,20251026
2690,25.1,30.3,20.9,0.0,59,6.9,8,20251026
2691,32.1,38.3,24.9,0.0,18,7.7,9,20251026
2692,27.4,33.0,20.6,0.0,14,6.1,1,20251027
2693,28.8,34.2,23.3,0.0,31,5.1,2,20251027
2694,20.8,27.8,14.0,0.0,56,4.3,3,20251027
2695,18.9,23.8,14.9,12.0,73,19.2,4,20251027
2696,11.1,12.8,9.9,0.0,71,16.6,5,20251027
2697,5.7,6.9,4.4,6.1,81,26.5,6,20251027
2698,6.8,8.2,5.9,14.8,84,22.1,7,20251027
2699,24.8,29.6,19.9,0.0,63,6.2,8,20251027
2700,32.1,38.4,24.7,0.0,15,6.7,9,20251027
2701,27.4,32.4,21.1,0.0,18,4.6,1,20251028
2702,29.0,36.1,23.4,0.0,28,6.4,2,20251028
2703,22.7,29.6,17.1,0.0,42,3.7,3,20251028
2704,15.5,18.9,13.0,1.3,85,6.7,4,20251028
2705,12.4,14.4,11.3,0.3,75,16.2,5,20251028
2706,8.9,13.2,5.7,1.5,75,21.5,6,20251028
2707,9.6,14.2,6.5,1.9,82,11.7,7,20251028
2708,24.8,30.7,19.3,0.0,59,7.7,8,20251028
2709,32.3,38.7,24.9,0.0,15,6.2,9,20251028
2710,27.0,32.2,20.6,0.0,17,5.1,1,20251029
2711,29.2,37.7,23.0,0.0,26,7.3,2,20251029
2712,20.2,25.7,14.8,0.0,58,7.6,3,20251029
2713,14.1,17.0,11.7,0.0,65,5.8,4,20251029
2714,11.0,12.5,7.7,4.7,90,10.0,5,20251029
2715,9.7,14.3,5.9,0.0,77,8.2,6,20251029
2716,7.8,12.8,3.4,0.3,90,2.9,7,20251029
2717,24.2,30.4,18.2,0.0,62,8.6,8,20251029
2718,32.9,39.2,25.9,0.0,16,9.0,9,20251029
2719,26.7,32.3,20.2,0.0,15,6.2,1,20251030
2720,27.8,34.5,23.7,0.0,39,4.8,2,20251030
2721,20.1,25.9,14.9,0.0,50,7.0,3,20251030
2722,14.2,18.6,11.1,0.0,70,4.0,4,20251030
2723,9.3,12.9,5.6,0.0,82,10.9,5,20251030
2724,10.7,14.1,5.8,0.1,76,10.9,6,20251030
2725,9.9,12.9,7.1,3.8,92,4.8,7,20251030
2726,24.2,29.7,19.7,0.0,64,10.0,8,20251030
2727,32.4,38.7,25.1,0.0,18,8.9,9,20251030
2728,25.6,30.6,20.1,0.0,18,7.2,1,20251031
2729,27.5,32.9,22.9,0.0,44,4.9,2,20251031
2730,20.8,25.8,15.6,0.0,32,8.4,3,20251031
2731,15.4,17.5,14.2,0.0,83,8.1,4,20251031
2732,14.5,15.7,12.8,4.2,85,18.9,5,20251031
2733,7.6,12.9,3.8,0.0,88,4.2,6,20251031
2734,8.9,13.5,6.5,0.0,94,1.9,7,20251031
2735,24.4,30.5,19.6,0.0,65,11.1,8,20251031
2736,32.1,38.3,25.4,0.0,19,9.1,9,20251031
2737,25.2,30.5,19.2,0.0,20,6.6,1,20251101
2738,27.9,32.6,23.5,0.0,41,4.9,2,20251101
2739,21.5,27.5,15.8,0.0,23,6.5,3,20251101
2740,15.5,20.2,11.6,0.0,80,6.3,4,20251101
2741,12.8,15.8,9.5,4.7,80,17.7,5,20251101
2742,11.0,16.9,6.0,0.0,81,5.2,6,20251101
2743,9.8,13.5,7.3,0.7,95,2.1,7,20251101
2744,24.8,31.1,20.8,0.0,66,11.9,8,20251101
2745,32.0,38.2,24.6,0.0,21,7.4,9,20251101
2746,24.9,30.3,19.5,0.0,15,6.9,1,20251102
2747,27.6,32.0,23.9,0.0,46,5.1,2,20251102
2748,22.9,29.4,16.7,0.0,21,7.3,3,20251102
2749,15.6,19.6,13.2,0.0,86,10.9,4,20251102
2750,9.3,12.2,7.5,3.8,80,11.3,5,20251102
2751,10.2,12.3,7.8,16.5,92,8.0,6,20251102
2752,10.1,11.1,7.4,27.5,94,6.7,7,20251102
2753,24.4,29.7,20.0,0.0,69,8.7,8,20251102
2754,32.4,38.3,25.4,0.0,19,8.8,9,20251102
2755,24.1,29.8,19.0,0.0,10,7.7,1,20251103
2756,28.0,35.1,24.0,0.0,47,4.1,2,20251103
2757,23.2,29.3,17.6,0.0,24,6.2,3,20251103
2758,15.4,18.0,12.8,0.0,90,5.7,4,20251103
2759,12.8,15.9,7.4,1.3,84,17.6,5,20251103
2760,7.6,10.5,5.5,2.2,80,14.0,6,20251103
2761,7.9,11.8,5.7,0.3,85,4.7,7,20251103
2762,24.4,28.5,20.6,1.6,63,14.2,8,20251103
2763,33.2,38.8,27.5,0.0,20,9.9,9,20251103
2764,23.3,29.4,17.2,0.0,12,8.2,1,20251104
2765,28.6,36.1,23.1,0.0,35,6.1,2,20251104
2766,23.8,29.1,19.3,0.0,28,7.2,3,20251104
2767,16.4,20.2,14.4,0.0,88,9.3,4,20251104
2768,14.4,15.4,13.6,0.0,83,16.2,5,20251104
2769,6.7,12.5,2.6,0.0,79,5.9,6,20251104
2770,6.1,11.4,2.5,0.0,92,1.4,7,20251104
2771,27.4,33.7,21.6,0.0,32,6.7,8,20251104
2772,32.5,38.0,26.2,0.0,19,9.8,9,20251104
2773,23.0,29.0,16.0,0.0,12,5.3,1,20251105
2774,27.3,33.9,21.4,0.0,22,8.0,2,20251105
2775,24.4,31.0,18.9,0.0,20,7.9,3,20251105
2776,16.2,18.7,15.2,1.3,87,15.1,4,20251105
2777,15.5,17.2,14.5,0.1,75,13.7,5,20251105
2778,4.8,10.8,0.9,0.0,92,4.7,6,20251105
2779,5.4,11.1,2.5,0.0,93,2.3,7,20251105
2780,25.0,30.8,19.3,0.0,61,4.2,8,20251105
2781,31.5,37.5,24.7,0.0,20,8.4,9,20251105
2782,23.2,29.2,15.7,0.0,13,3.0,1,20251106
2783,26.2,31.9,20.1,0.0,31,7.2,2,20251106
2784,23.4,29.5,18.4,0.0,15,10.7,3,20251106
2785,16.3,18.1,15.3,0.0,87,16.4,4,20251106
2786,15.0,16.6,14.1,1.1,86,8.9,5,20251106
2787,2.4,5.9,0.2,0.0,93,2.9,6,20251106
2788,4.8,9.7,2.4,0.0,94,2.5,7,20251106
2789,23.8,27.8,20.2,0.0,64,5.0,8,20251106
2790,30.6,36.7,23.7,0.0,21,8.9,9,20251106
2791,23.2,29.5,15.9,0.0,14,3.1,1,20251107
2792,26.2,30.0,22.8,0.0,39,6.5,2,20251107
2793,21.0,26.9,15.5,0.0,18,5.3,3,20251107
2794,16.7,19.1,15.5,6.3,89,10.8,4,20251107
2795,13.3,15.0,12.1,0.3,93,8.8,5,20251107
2796,1.8,4.8,0.3,0.0,95,3.0,6,20251107
2797,4.8,8.1,2.9,0.0,95,1.9,7,20251107
2798,23.4,28.3,18.0,0.0,46,5.0,8,20251107
2799,30.0,36.1,23.4,0.0,23,9.7,9,20251107
2800,23.5,29.7,16.1,0.0,15,3.2,1,20251108
2801,26.3,32.0,21.9,0.0,57,8.3,2,20251108
2802,19.9,25.9,14.3,0.0,34,3.5,3,20251108
2803,16.8,19.6,14.3,0.0,90,5.9,4,20251108
2804,12.2,14.1,9.1,2.9,88,8.8,5,20251108
2805,3.5,5.8,1.4,0.5,94,4.9,6,20251108
2806,5.2,8.0,3.4,0.0,96,1.4,7,20251108
2807,23.4,28.6,18.2,0.0,53,8.5,8,20251108
2808,30.5,37.0,23.3,0.0,25,9.1,9,20251108
2809,23.1,28.8,16.6,0.0,14,4.8,1,20251109
2810,25.9,31.1,21.5,0.0,52,7.5,2,20251109
2811,20.5,25.9,14.0,0.0,20,8.4,3,20251109
2812,17.6,20.2,15.8,0.0,80,6.3,4,20251109
2813,10.2,14.0,5.2,0.0,88,9.6,5,20251109
2814,7.1,10.2,4.2,5.7,92,9.2,6,20251109
2815,7.0,9.4,5.2,0.3,95,2.0,7,20251109
2816,23.8,29.1,19.1,0.0,65,12.4,8,20251109
2817,31.1,37.3,24.2,0.0,27,6.8,9,20251109
2818,22.5,27.5,16.9,0.0,17,5.3,1,20251110
2819,25.9,33.1,20.3,0.0,36,7.2,2,20251110
2820,21.0,26.5,15.8,0.0,18,12.5,3,20251110
2821,17.4,20.1,15.4,0.0,77,5.3,4,20251110
2822,11.9,13.2,8.7,5.8,90,14.9,5,20251110
2823,7.2,10.5,3.7,0.7,91,5.3,6,20251110
2824,6.4,8.4,5.2,0.1,95,3.0,7,20251110
2825,23.9,29.6,19.4,0.0,70,7.5,8,20251110
2826,32.1,38.1,25.5,0.0,28,7.8,9,20251110
2827,21.9,27.1,15.6,0.0,17,3.6,1,20251111
2828,25.9,31.5,20.7,0.0,36,5.9,2,20251111
2829,20.8,27.0,16.4,0.0,19,9.8,3,20251111
2830,16.2,17.7,13.9,11.5,85,9.4,4,20251111
2831,12.2,14.8,8.3,1.0,85,15.3,5,20251111
2832,8.0,13.2,3.6,0.0,83,7.3,6,20251111
2833,7.7,12.8,4.6,0.0,90,2.0,7,20251111
2834,23.6,27.9,20.8,0.0,55,7.8,8,20251111
2835,31.6,37.2,25.7,0.0,27,10.0,9,20251111
2836,22.5,27.6,17.0,0.0,17,2.9,1,20251112
2837,25.2,29.7,20.7,0.0,55,6.1,2,20251112
2838,18.9,24.3,13.7,0.0,49,3.7,3,20251112
2839,14.0,15.7,13.1,30.3,82,11.5,4,20251112
2840,14.4,16.4,13.2,0.8,81,14.3,5,20251112
2841,6.9,12.1,2.6,0.0,83,6.1,6,20251112
2842,5.8,11.2,1.8,0.0,92,1.3,7,20251112
2843,21.7,26.3,16.5,0.0,56,5.3,8,20251112
2844,30.8,36.4,25.1,0.0,24,8.9,9,20251112
2845,22.2,27.3,16.2,0.0,23,4.0,1,20251113
2846,25.1,31.6,21.0,0.0,55,8.3,2,20251113
2847,18.1,23.7,14.2,0.1,39,4.9,3,20251113
2848,12.9,15.1,11.0,0.6,81,7.9,4,20251113
2849,14.4,16.7,13.0,4.6,84,10.8,5,20251113
2850,8.9,13.9,4.0,0.0,72,7.3,6,20251113
2851,7.6,15.8,2.4,0.0,89,2.3,7,20251113
2852,20.8,25.4,16.3,0.2,61,6.4,8,20251113
2853,30.3,35.9,24.2,0.0,25,9.7,9,20251113
2854,22.5,28.0,16.8,0.0,18,7.9,1,20251114
2855,25.0,29.3,21.3,0.0,50,9.4,2,20251114
2856,14.0,17.0,11.7,2.2,80,13.4,3,20251114
2857,11.7,14.8,8.1,0.1,80,4.7,4,20251114
2858,13.0,14.3,12.1,15.2,96,9.1,5,20251114
2859,10.1,18.3,4.8,0.0,72,5.4,6,20251114
2860,8.2,14.2,1.6,0.0,86,2.2,7,20251114
2861,20.3,24.8,16.0,0.1,58,8.1,8,20251114
2862,28.1,33.4,23.3,0.0,24,14.3,9,20251114
2863,23.7,28.8,18.9,0.0,22,9.4,1,20251115
2864,24.7,29.2,20.5,0.0,42,7.6,2,20251115
2865,13.2,16.1,11.6,2.6,86,17.9,3,20251115
2866,11.9,14.3,9.0,0.0,76,5.1,4,20251115
2867,11.8,13.2,10.4,0.3,94,6.3,5,20251115
2868,9.6,14.4,6.6,0.1,75,7.3,6,20251115
2869,11.0,15.8,7.7,0.3,83,4.2,7,20251115
2870,20.2,24.6,15.8,0.0,55,8.0,8,20251115
2871,25.5,31.5,19.1,0.0,24,12.3,9,20251115
2872,23.8,28.1,19.6,0.0,23,9.9,1,20251116
2873,24.7,28.7,20.7,0.0,62,6.8,2,20251116
2874,14.0,17.9,11.8,0.7,81,8.5,3,20251116
2875,14.3,15.8,13.2,0.0,76,10.0,4,20251116
2876,9.2,10.6,6.7,0.6,82,11.1,5,20251116
2877,9.3,12.8,6.2,0.4,90,7.1,6,20251116
2878,7.6,9.1,6.3,1.2,96,3.4,7,20251116
2879,20.9,25.4,16.4,0.0,57,5.7,8,20251116
2880,26.0,32.6,18.8,0.0,24,9.1,9,20251116
2881,24.2,28.3,19.9,0.0,23,6.2,1,20251117
2882,25.1,30.1,20.4,0.0,48,8.8,2,20251117
2883,14.3,19.1,9.7,0.0,66,6.8,3,20251117
2884,16.4,18.8,14.3,0.0,65,17.7,4,20251117
2885,5.6,7.6,3.2,0.0,77,11.5,5,20251117
2886,5.8,8.9,1.3,7.8,93,13.2,6,20251117
2887,5.9,8.4,1.7,17.3,94,6.8,7,20251117
2888,21.0,25.3,16.9,0.0,50,5.9,8,20251117
2889,28.9,35.5,21.7,0.0,34,8.1,9,20251117
2890,23.5,27.5,19.6,0.0,25,5.9,1,20251118
2891,25.9,32.2,21.7,0.0,44,10.5,2,20251118
2892,15.3,20.2,10.6,0.0,55,13.1,3,20251118
2893,18.4,20.2,17.1,0.0,58,20.5,4,20251118
2894,3.2,6.9,-0.1,0.1,89,8.9,5,20251118
2895,0.9,3.7,-1.5,0.3,82,5.6,6,20251118
2896,1.4,4.2,-0.6,0.0,86,5.5,7,20251118
2897,20.4,26.5,14.1,0.0,59,7.2,8,20251118
2898,30.5,36.3,24.2,0.0,33,10.0,9,20251118
2899,22.3,27.3,17.4,0.0,29,6.8,1,20251119
2900,25.0,31.9,20.8,0.0,46,8.9,2,20251119
2901,15.7,20.4,10.8,0.0,46,10.8,3,20251119
2902,18.2,19.7,16.8,0.0,66,13.7,4,20251119
2903,3.5,5.0,0.9,6.3,86,14.5,5,20251119
2904,-0.2,3.9,-2.7,0.0,78,6.7,6,20251119
2905,0.7,3.6,-1.8,0.0,88,3.2,7,20251119
2906,21.6,28.6,15.4,0.0,62,6.6,8,20251119
2907,30.0,35.8,24.0,0.0,30,10.2,9,20251119
2908,22.7,28.1,17.6,0.0,28,6.9,1,20251120
2909,24.8,31.5,20.2,0.0,48,7.7,2,20251120
2910,17.0,23.5,11.4,0.0,38,6.8,3,20251120
2911,17.5,20.0,15.5,0.0,73,11.8,4,20251120
2912,1.2,3.6,-1.4,0.0,74,11.4,5,20251120
2913,1.1,3.2,-1.4,1.9,80,11.3,6,20251120
2914,1.7,3.6,-0.9,3.7,84,10.1,7,20251120
2915,21.7,29.5,15.6,0.0,60,3.1,8,20251120
2916,29.6,36.3,22.7,0.0,26,8.9,9,20251120
2917,22.4,27.5,17.5,0.0,25,6.5,1,20251121
2918,25.2,31.7,21.0,0.0,49,7.7,2,20251121
2919,18.6,25.4,11.8,0.0,36,6.7,3,20251121
2920,17.5,21.2,14.7,0.0,67,8.3,4,20251121
2921,2.4,5.7,0.6,0.0,84,8.7,5,20251121
2922,-0.8,0.3,-2.2,2.7,88,8.1,6,20251121
2923,-0.2,1.1,-1.0,6.6,82,9.7,7,20251121
2924,23.9,32.3,17.3,0.0,49,3.1,8,20251121
2925,30.3,36.9,22.9,0.0,26,7.5,9,20251121
2926,20.8,25.5,16.0,0.0,27,7.1,1,20251122
2927,26.1,32.8,21.5,0.0,47,9.1,2,20251122
2928,19.6,25.1,13.8,0.0,31,9.3,3,20251122
2929,17.3,19.9,14.5,0.0,62,8.0,4,20251122
2930,5.3,7.8,0.9,10.4,84,15.5,5,20251122
2931,-4.0,-2.2,-5.6,0.0,83,3.4,6,20251122
2932,-2.4,-0.9,-3.8,0.0,83,6.5,7,20251122
2933,25.9,34.1,18.5,0.0,32,2.6,8,20251122
2934,31.5,37.5,24.9,0.0,23,5.8,9,20251122
2935,19.4,24.4,13.6,0.0,18,5.3,1,20251123
2936,25.8,33.3,20.9,0.0,49,9.7,2,20251123
2937,18.5,23.4,13.3,0.0,27,11.8,3,20251123
2938,17.2,19.5,15.3,0.0,73,9.4,4,20251123
2939,7.7,10.0,5.6,9.7,85,14.0,5,20251123
2940,-3.7,0.6,-7.5,0.0,67,4.6,6,20251123
2941,-1.8,1.3,-4.7,0.6,86,2.6,7,20251123
2942,25.2,32.9,18.4,0.0,28,3.6,8,20251123
2943,31.7,37.6,24.5,0.0,23,6.1,9,20251123
2944,20.2,26.0,13.5,0.0,19,4.2,1,20251124
2945,25.5,33.1,20.4,0.0,46,8.2,2,20251124
2946,17.3,23.7,11.4,0.0,28,5.5,3,20251124
2947,13.9,15.9,11.8,3.2,81,7.2,4,20251124
2948,5.6,6.9,4.2,1.6,88,10.9,5,20251124
2949,1.4,2.8,-0.4,12.6,92,5.9,6,20251124
2950,2.1,4.5,0.2,35.0,97,4.9,7,20251124
2951,22.0,27.1,18.4,0.4,68,9.0,8,20251124
2952,30.5,35.9,24.6,0.0,22,10.1,9,20251124
2953,20.2,24.8,14.3,0.0,23,4.0,1,20251125
2954,24.8,32.0,19.2,0.0,38,7.0,2,20251125
2955,15.5,18.6,11.5,2.8,72,7.0,3,20251125
2956,13.0,14.5,11.5,0.0,73,7.7,4,20251125
2957,5.1,6.6,3.7,0.0,80,13.0,5,20251125
2958,2.2,4.4,0.7,9.9,97,8.2,6,20251125
2959,2.5,4.3,1.4,12.4,93,8.1,7,20251125
2960,20.3,24.1,15.9,0.0,58,5.8,8,20251125
2961,28.2,34.1,22.4,0.0,21,9.5,9,20251125
2962,20.6,25.3,15.4,0.0,31,4.3,1,20251126
2963,24.6,29.1,20.3,0.0,46,5.9,2,20251126
2964,13.0,17.6,9.6,0.0,64,4.3,3,20251126
2965,15.5,18.2,13.5,0.0,69,11.9,4,20251126
2966,3.5,8.4,-0.1,0.4,87,7.3,5,20251126
2967,1.0,1.9,-0.2,6.0,98,8.7,6,20251126
2968,1.6,3.9,0.4,10.8,96,3.3,7,20251126
2969,19.1,23.6,14.1,0.0,50,6.8,8,20251126
2970,28.0,34.5,20.9,0.0,31,7.7,9,20251126
2971,21.4,26.9,15.1,0.0,29,4.0,1,20251127
2972,23.4,27.4,19.6,0.0,61,7.2,2,20251127
2973,14.1,19.2,9.3,0.0,52,11.1,3,20251127
2974,15.9,19.3,13.7,0.0,67,7.5,4,20251127
2975,11.6,13.3,8.8,1.4,93,16.1,5,20251127
2976,-0.3,2.0,-3.1,0.1,88,4.6,6,20251127
2977,0.8,4.1,-0.9,0.6,92,4.4,7,20251127
2978,19.8,25.1,14.9,0.0,57,7.7,8,20251127
2979,29.0,35.5,22.3,0.0,31,7.8,9,20251127
2980,21.7,26.9,15.7,0.0,25,4.5,1,20251128
2981,24.5,30.2,20.7,0.2,58,6.2,2,20251128
2982,15.3,20.0,10.9,0.0,41,8.6,3,20251128
2983,15.1,18.4,13.1,1.0,75,6.2,4,20251128
2984,10.7,13.3,8.6,0.2,85,13.8,5,20251128
2985,-0.7,4.3,-4.3,0.0,73,6.8,6,20251128
2986,1.0,4.3,-1.6,0.1,89,1.6,7,20251128
2987,20.1,25.7,14.2,0.0,52,4.1,8,20251128
2988,29.8,35.9,23.1,0.0,31,8.6,9,20251128
2989,21.8,27.1,15.3,0.0,24,3.3,1,20251129
2990,25.3,31.2,20.8,0.0,39,10.4,2,20251129
2991,16.3,22.0,11.2,0.0,39,3.3,3,20251129
2992,12.8,13.8,11.8,15.5,90,6.3,4,20251129
2993,9.1,11.5,5.1,3.9,87,16.4,5,20251129
2994,2.2,4.6,0.4,0.2,79,7.9,6,20251129
2995,3.6,7.5,1.7,0.7,92,1.6,7,20251129
2996,19.7,25.0,14.5,0.0,50,4.1,8,20251129
2997,30.5,36.1,24.6,0.0,33,8.8,9,20251129
2998,21.9,27.4,15.2,0.0,26,2.3,1,20251130
2999,24.7,30.7,19.2,0.0,34,11.0,2,20251130
3000,15.8,19.4,11.6,0.0,54,10.0,3,20251130
3001,12.3,13.4,11.1,1.7,84,8.3,4,20251130
3002,5.2,7.6,3.0,0.0,80,11.1,5,20251130
3003,2.2,5.9,-1.6,1.6,92,7.1,6,20251130
3004,2.6,5.1,0.2,4.1,97,3.2,7,20251130
3005,17.8,21.7,13.6,0.0,45,5.1,8,20251130
3006,30.4,36.5,24.0,0.0,34,8.5,9,20251130
3007,22.3,27.5,15.7,0.0,26,3.5,1,20251201
3008,24.5,30.4,19.5,0.0,41,8.5,2,20251201
3009,14.0,18.7,10.9,0.0,65,6.6,3,20251201
3010,10.7,13.0,8.7,6.6,86,3.9,4,20251201
3011,10.0,11.8,6.6,5.5,86,23.0,5,20251201
3012,3.6,5.3,2.3,1.5,92,7.4,6,20251201
3013,3.8,4.7,2.7,1.0,91,3.8,7,20251201
3014,18.6,23.9,13.5,0.0,59,4.8,8,20251201
3015,29.8,35.5,23.8,0.0,34,8.8,9,20251201
3016,22.3,26.8,17.3,0.0,24,4.1,1,20251202
3017,23.7,28.8,18.9,0.0,43,7.1,2,20251202
3018,13.5,18.9,9.0,0.0,56,3.8,3,20251202
3019,10.1,13.1,7.1,0.0,84,3.7,4,20251202
3020,8.8,10.7,6.9,3.8,87,11.3,5,20251202
3021,1.9,4.3,0.3,0.0,95,4.7,6,20251202
3022,1.3,5.1,-0.6,0.0,96,2.9,7,20251202
3023,18.8,24.1,13.4,0.0,61,7.1,8,20251202
3024,29.4,35.6,23.3,0.0,35,9.8,9,20251202
3025,20.8,25.5,15.6,0.0,30,3.7,1,20251203
3026,23.8,28.4,19.6,0.0,54,5.7,2,20251203
3027,13.8,18.4,9.8,0.0,51,7.7,3,20251203
3028,11.1,13.8,9.0,0.0,80,5.2,4,20251203
3029,6.3,9.2,3.4,0.8,89,7.7,5,20251203
3030,0.7,1.9,-0.7,0.0,96,5.1,6,20251203
3031,1.0,2.4,-0.4,0.0,97,2.8,7,20251203
3032,19.1,24.0,14.4,0.0,60,8.3,8,20251203
3033,29.2,35.4,22.6,0.0,34,8.0,9,20251203
3034,20.0,23.5,15.6,0.1,41,4.6,1,20251204
3035,23.4,27.6,19.5,0.0,52,7.3,2,20251204
3036,14.1,18.3,10.5,0.0,46,11.7,3,20251204
3037,11.6,15.4,9.2,0.0,75,6.5,4,20251204
3038,6.6,8.2,2.8,6.1,91,12.4,5,20251204
3039,-0.2,1.0,-1.1,0.0,96,3.3,6,20251204
3040,1.9,2.7,1.0,0.1,97,2.8,7,20251204
3041,20.6,26.4,15.6,0.0,53,6.6,8,20251204
3042,30.0,36.4,23.0,0.0,30,6.6,9,20251204
3043,20.4,24.3,16.0,0.0,40,5.0,1,20251205
3044,23.9,28.3,20.3,0.0,62,6.6,2,20251205
3045,14.1,19.0,8.3,0.1,45,7.3,3,20251205
3046,13.6,17.0,11.6,0.0,72,9.5,4,20251205
3047,4.6,9.0,-0.4,10.6,87,14.1,5,20251205
3048,1.3,3.8,-0.2,3.2,94,5.1,6,20251205
3049,3.3,5.5,1.8,1.7,92,2.2,7,20251205
3050,21.3,26.2,17.5,0.0,35,7.8,8,20251205
3051,30.7,36.9,23.7,0.0,25,4.9,9,20251205
3052,20.4,24.5,15.9,0.0,39,6.9,1,20251206
3053,24.3,28.9,20.4,0.0,57,8.1,2,20251206
3054,14.4,17.9,11.1,5.7,64,10.4,3,20251206
3055,15.2,18.7,13.1,1.3,75,10.3,4,20251206
3056,10.1,11.8,8.9,1.0,84,17.4,5,20251206
3057,2.6,6.2,0.0,1.7,90,9.1,6,20251206
3058,3.2,7.2,0.1,0.8,92,4.3,7,20251206
3059,18.1,22.8,14.5,0.0,45,6.3,8,20251206
3060,31.0,37.1,24.3,0.0,23,6.5,9,20251206
3061,20.5,24.5,16.2,0.0,34,7.8,1,20251207
3062,24.4,29.4,20.5,0.0,59,8.4,2,20251207
3063,13.0,15.9,10.1,0.0,67,9.2,3,20251207
3064,12.5,14.7,10.7,39.6,91,14.0,4,20251207
3065,11.0,14.1,8.2,4.3,89,15.7,5,20251207
3066,5.7,8.0,2.9,6.6,85,12.8,6,20251207
3067,5.8,7.3,3.5,29.9,93,6.3,7,20251207
3068,15.9,20.0,11.3,0.0,39,9.7,8,20251207
3069,31.4,37.7,24.8,0.0,23,8.4,9,20251207
3070,20.4,24.5,16.6,0.0,42,8.3,1,20251208
3071,24.5,28.5,20.7,0.0,60,7.9,2,20251208
3072,11.3,15.2,8.2,0.0,56,8.7,3,20251208
3073,10.0,10.9,8.7,1.2,77,16.9,4,20251208
3074,12.0,13.8,10.4,0.4,87,14.3,5,20251208
3075,10.0,13.2,6.3,9.9,87,14.8,6,20251208
3076,9.5,13.7,5.5,3.2,91,6.3,7,20251208
3077,15.6,19.8,12.2,0.0,54,12.0,8,20251208
3078,29.5,35.7,24.1,0.0,27,12.3,9,20251208
3079,21.2,25.7,17.1,0.0,40,10.0,1,20251209
3080,24.4,28.2,20.5,0.0,69,6.5,2,20251209
3081,10.8,14.0,8.6,0.5,69,8.9,3,20251209
3082,9.0,10.8,8.1,0.0,76,12.9,4,20251209
3083,13.3,14.4,12.0,6.9,82,21.0,5,20251209
3084,7.2,12.6,3.9,0.0,84,6.5,6,20251209
3085,4.8,8.2,2.2,0.0,96,2.2,7,20251209
3086,16.1,20.8,11.9,0.0,63,10.7,8,20251209
3087,26.6,32.5,21.4,0.0,22,14.3,9,20251209
3088,21.8,25.9,18.1,0.0,40,9.1,1,20251210
3089,23.8,27.8,19.0,0.0,70,5.7,2,20251210
3090,11.1,13.8,9.5,0.3,72,13.8,3,20251210
3091,8.9,11.4,6.5,0.0,81,5.5,4,20251210
3092,10.9,12.8,8.5,0.0,81,15.3,5,20251210
3093,6.1,11.5,2.3,0.0,77,8.4,6,20251210
3094,3.5,8.5,0.3,0.0,95,2.5,7,20251210
3095,16.6,20.9,12.5,0.2,65,7.0,8,20251210
3096,24.4,30.3,18.7,0.0,20,12.2,9,20251210
3097,22.1,26.7,18.5,0.0,45,7.5,1,20251211
3098,24.0,27.8,21.0,0.0,70,6.3,2,20251211
3099,10.0,13.3,8.3,15.8,88,13.7,3,20251211
3100,11.0,13.8,8.4,0.5,82,6.1,4,20251211
3101,9.3,11.6,7.7,0.0,89,11.8,5,20251211
3102,6.3,8.9,4.7,0.2,90,6.1,6,20251211
3103,6.0,8.6,2.8,0.1,93,2.6,7,20251211
3104,16.5,21.1,12.5,0.0,62,7.5,8,20251211
3105,23.7,30.1,17.6,0.0,25,10.8,9,20251211
3106,19.8,24.4,15.7,0.2,64,4.3,1,20251212
3107,23.7,27.4,19.9,0.0,71,6.1,2,20251212
3108,10.7,13.9,9.2,0.7,90,12.3,3,20251212
3109,10.7,12.5,8.9,0.2,85,4.8,4,20251212
3110,10.3,12.1,7.1,0.2,90,10.2,5,20251212
3111,3.6,6.0,1.1,0.0,95,3.7,6,20251212
3112,4.6,6.7,3.3,0.0,97,2.3,7,20251212
3113,17.2,21.1,12.9,0.0,56,7.7,8,20251212
3114,23.6,30.2,16.9,0.0,27,10.5,9,20251212
3115,18.6,22.3,15.2,0.9,64,6.2,1,20251213
3116,22.9,26.9,17.6,0.0,68,6.0,2,20251213
3117,10.7,14.9,7.7,0.0,82,7.3,3,20251213
3118,10.9,12.7,9.7,0.3,81,12.5,4,20251213
3119,6.4,9.1,3.4,0.0,90,7.4,5,20251213
3120,2.2,5.3,0.1,0.0,96,3.5,6,20251213
3121,3.8,5.8,2.8,0.0,97,2.4,7,20251213
3122,17.7,22.3,12.3,0.0,61,4.5,8,20251213
3123,24.6,31.0,18.1,0.0,34,10.6,9,20251213
3124,17.4,21.0,14.1,0.6,59,7.7,1,20251214
3125,22.8,26.6,19.0,0.0,62,6.3,2,20251214
3126,10.1,14.3,6.3,0.0,82,4.0,3,20251214
3127,9.6,11.3,8.4,0.0,81,8.9,4,20251214
3128,8.2,10.4,6.2,0.0,88,14.7,5,20251214
3129,2.0,3.7,-1.2,0.0,96,4.7,6,20251214
3130,2.2,3.3,0.8,0.0,98,2.2,7,20251214
3131,18.4,22.0,15.0,0.0,59,5.5,8,20251214
3132,24.0,29.9,18.3,0.0,28,11.0,9,20251214
3133,15.2,17.8,11.9,6.4,75,8.6,1,20251215
3134,22.4,26.1,18.4,0.0,64,7.1,2,20251215
3135,9.9,14.9,6.0,3.6,77,6.0,3,20251215
3136,8.9,10.5,7.4,0.0,71,12.1,4,20251215
3137,10.5,11.3,9.9,0.0,87,14.9,5,20251215
3138,-0.8,2.3,-2.1,0.0,92,3.7,6,20251215
3139,0.5,3.3,-0.8,0.0,95,2.8,7,20251215
3140,16.8,21.5,12.9,0.2,66,7.0,8,20251215
3141,21.6,27.1,16.0,0.0,27,11.4,9,20251215
3142,13.5,16.6,11.0,0.9,86,3.8,1,20251216
3143,23.5,26.3,21.0,0.0,62,8.2,2,20251216
3144,9.1,11.8,7.2,3.0,83,9.4,3,20251216
3145,7.8,11.2,4.9,0.0,72,4.3,4,20251216
3146,9.7,11.4,7.0,4.5,90,9.8,5,20251216
3147,-0.5,2.3,-1.8,0.0,92,5.4,6,20251216
3148,0.4,2.5,-0.8,0.0,98,3.1,7,20251216
3149,16.9,21.6,13.0,0.0,58,6.2,8,20251216
3150,21.6,27.7,15.3,0.0,29,11.0,9,20251216
3151,14.9,18.8,11.3,0.1,69,5.1,1,20251217
3152,24.4,27.3,22.0,0.9,68,7.8,2,20251217
3153,6.4,9.8,3.5,4.1,72,8.1,3,20251217
3154,9.0,13.3,6.4,0.0,73,8.3,4,20251217
3155,6.3,9.9,1.7,0.0,87,11.8,5,20251217
3156,2.5,6.1,-0.3,0.0,87,5.2,6,20251217
3157,1.8,4.9,-1.0,0.0,98,2.0,7,20251217
3158,16.5,20.5,14.0,0.3,54,8.5,8,20251217
3159,21.1,27.1,14.9,0.0,28,10.3,9,20251217
3160,9.2,12.8,7.0,7.0,81,10.4,1,20251218
3161,24.1,26.2,22.3,3.6,78,7.6,2,20251218
3162,8.5,13.7,5.0,0.0,64,6.7,3,20251218
3163,9.2,11.5,6.8,0.0,82,5.3,4,20251218
3164,11.0,12.7,10.1,17.5,89,21.7,5,20251218
3165,2.9,10.0,-1.4,0.0,92,5.7,6,20251218
3166,1.4,4.3,-0.5,0.0,98,2.3,7,20251218
3167,15.2,20.4,10.2,0.0,54,6.4,8,20251218
3168,21.6,28.6,14.4,0.0,27,9.9,9,20251218
3169,9.9,13.8,6.9,0.0,70,14.4,1,20251219
3170,23.5,28.2,20.0,0.1,55,17.3,2,20251219
3171,9.1,14.3,5.5,0.0,83,6.5,3,20251219
3172,9.0,13.1,5.7,0.0,90,4.3,4,20251219
3173,8.7,11.3,6.7,0.4,81,11.6,5,20251219
3174,2.8,7.6,-0.4,0.0,86,5.9,6,20251219
3175,1.2,4.7,-0.5,0.0,96,2.0,7,20251219
3176,15.8,20.8,10.4,0.0,55,5.6,8,20251219
3177,22.8,28.4,17.5,0.0,30,11.5,9,20251219
3178,11.0,15.9,6.8,0.0,59,7.8,1,20251220
3179,21.2,25.6,18.1,0.0,29,24.6,2,20251220
3180,9.7,14.7,5.8,0.0,89,5.3,3,20251220
3181,10.6,13.2,8.9,0.0,90,10.5,4,20251220
3182,6.5,9.1,4.0,0.0,89,8.7,5,20251220
3183,2.8,7.1,-1.2,0.0,86,4.2,6,20251220
3184,2.8,6.5,-0.2,0.0,97,2.2,7,20251220
3185,17.1,23.2,12.6,0.0,53,5.3,8,20251220
3186,21.7,28.0,15.2,0.0,27,8.5,9,20251220
3187,11.6,16.9,6.1,0.0,56,4.4,1,20251221
3188,20.3,25.2,15.6,0.0,26,25.8,2,20251221
3189,8.8,13.1,5.7,0.0,86,8.6,3,20251221
3190,10.7,13.1,9.1,0.8,89,6.4,4,20251221
3191,8.8,10.3,7.1,4.3,96,10.8,5,20251221
3192,-0.6,2.0,-1.9,0.0,92,6.5,6,20251221
3193,1.4,3.0,0.5,0.0,99,3.4,7,20251221
3194,17.2,22.8,12.9,0.0,40,8.7,8,20251221
3195,22.5,30.0,14.5,0.0,28,5.9,9,20251221
3196,13.0,17.5,8.6,0.0,62,7.2,1,20251222
3197,21.9,27.3,16.2,0.0,23,21.7,2,20251222
3198,10.0,15.9,5.5,0.0,64,3.2,3,20251222
3199,10.5,12.2,9.3,2.1,89,11.9,4,20251222
3200,9.2,10.6,7.7,1.7,95,9.6,5,20251222
3201,-1.1,0.7,-2.1,0.0,96,5.1,6,20251222
3202,0.4,2.3,-0.6,0.0,96,3.6,7,20251222
3203,16.6,21.6,12.2,0.0,41,9.7,8,20251222
3204,24.3,31.8,16.0,0.0,30,5.9,9,20251222
3205,14.5,18.8,10.1,0.0,54,8.3,1,20251223
3206,24.3,28.6,20.5,0.0,33,18.9,2,20251223
3207,10.3,14.8,6.9,0.0,64,6.9,3,20251223
3208,10.3,11.4,9.2,0.8,87,12.9,4,20251223
3209,6.9,7.6,6.0,0.1,89,13.0,5,20251223
3210,-0.4,1.1,-1.3,0.0,95,9.5,6,20251223
3211,-0.1,0.9,-1.0,0.0,94,8.8,7,20251223
3212,15.6,21.0,10.3,0.0,45,6.8,8,20251223
3213,25.7,33.2,17.6,0.0,30,6.4,9,20251223
3214,17.0,23.0,10.5,0.0,33,4.2,1,20251224
3215,22.9,28.3,18.4,0.0,35,15.7,2,20251224
3216,10.2,14.4,6.7,0.0,81,6.0,3,20251224
3217,10.1,12.9,8.0,0.6,90,7.5,4,20251224
3218,5.0,5.9,3.6,0.0,75,17.2,5,20251224
3219,-0.1,1.3,-1.3,4.2,90,18.6,6,20251224
3220,0.7,1.5,0.0,1.3,86,16.9,7,20251224
3221,16.5,22.1,10.0,0.0,52,5.4,8,20251224
3222,27.2,34.8,19.3,0.0,33,6.4,9,20251224
3223,16.1,21.0,11.4,0.0,48,7.0,1,20251225
3224,22.3,28.1,16.6,0.0,33,12.5,2,20251225
3225,8.7,13.3,5.5,0.0,77,8.3,3,20251225
3226,11.0,12.2,9.3,2.8,86,18.6,4,20251225
3227,3.8,5.1,3.0,0.0,71,19.1,5,20251225
3228,-1.6,1.0,-3.1,0.0,84,14.4,6,20251225
3229,-0.2,1.3,-1.0,0.0,86,10.6,7,20251225
3230,17.4,22.8,11.7,0.0,67,7.9,8,20251225
3231,28.0,34.7,20.9,0.0,37,7.3,9,20251225
3232,16.6,20.9,12.9,0.0,52,7.1,1,20251226
3233,22.2,27.8,17.2,0.0,41,8.7,2,20251226
3234,10.0,15.4,6.1,0.0,67,4.0,3,20251226
3235,7.3,8.9,5.1,4.3,76,14.6,4,20251226
3236,4.2,5.8,3.2,0.0,84,12.6,5,20251226
3237,-2.4,0.1,-4.2,0.0,92,7.8,6,20251226
3238,-0.8,0.9,-1.7,0.0,92,6.3,7,20251226
3239,16.6,22.2,11.1,0.0,64,5.3,8,20251226
3240,27.6,33.1,22.1,0.0,36,9.5,9,20251226
3241,18.5,24.4,14.0,0.0,42,9.7,1,20251227
3242,22.4,26.0,18.6,0.0,59,5.9,2,20251227
3243,10.0,12.6,8.6,1.1,86,18.6,3,20251227
3244,5.0,6.0,4.0,1.5,74,17.6,4,20251227
3245,5.1,7.5,2.5,0.0,87,15.1,5,20251227
3246,-2.3,0.7,-5.1,0.0,91,5.4,6,20251227
3247,-1.3,0.4,-2.1,0.0,93,4.1,7,20251227
3248,16.4,21.0,11.8,0.0,62,6.7,8,20251227
3249,25.6,31.7,19.8,0.0,24,9.1,9,20251227
3250,20.2,25.3,16.5,0.0,30,9.9,1,20251228
3251,23.1,26.5,19.4,2.5,74,8.7,2,20251228
3252,8.2,9.7,7.0,4.7,92,21.0,3,20251228
3253,5.3,7.3,3.1,3.6,73,17.0,4,20251228
3254,6.5,7.1,4.5,0.0,80,11.8,5,20251228
3255,-2.8,-0.6,-5.6,0.0,90,6.1,6,20251228
3256,-1.0,1.5,-2.2,0.0,91,5.9,7,20251228
3257,15.8,19.9,12.1,0.0,62,7.9,8,20251228
3258,24.4,31.0,17.7,0.0,15,9.3,9,20251228
3259,17.3,22.1,11.9,0.0,35,4.4,1,20251229
3260,23.9,26.9,21.4,0.7,74,7.0,2,20251229
3261,8.3,10.1,7.0,5.4,94,23.6,3,20251229
3262,4.3,7.3,1.6,0.0,62,14.4,4,20251229
3263,4.9,6.1,3.1,0.0,83,10.0,5,20251229
3264,-3.5,-0.5,-5.6,0.0,89,5.5,6,20251229
3265,-1.4,0.3,-2.2,0.0,95,2.7,7,20251229
3266,15.9,21.2,11.3,0.0,61,9.7,8,20251229
3267,24.9,31.8,17.3,0.0,17,9.3,9,20251229
3268,16.5,20.9,13.2,0.0,33,6.8,1,20251230
3269,23.0,27.6,19.2,0.0,74,6.7,2,20251230
3270,8.9,11.7,7.2,0.8,87,12.5,3,20251230
3271,8.9,12.1,4.7,8.8,67,23.5,4,20251230
3272,4.5,6.1,1.9,0.0,83,9.9,5,20251230
3273,-1.9,-0.2,-4.1,2.5,83,10.9,6,20251230
3274,-1.3,0.7,-3.2,0.0,83,7.8,7,20251230
3275,16.8,20.9,13.5,0.0,59,5.8,8,20251230
3276,23.6,30.1,16.8,0.0,16,8.1,9,20251230
3277,13.9,18.7,9.3,0.0,44,6.1,1,20251231
3278,24.7,28.1,21.4,0.0,26,19.2,2,20251231
3279,9.7,12.7,7.2,0.0,72,15.8,3,20251231
3280,3.1,4.9,0.5,5.2,64,12.6,4,20251231
3281,0.7,2.7,-1.3,0.0,92,7.4,5,20251231
3282,-4.5,-0.4,-8.1,0.0,66,11.3,6,20251231
3283,-2.8,-0.1,-5.4,0.0,71,5.6,7,20251231
3284,15.8,21.0,10.7,0.0,50,11.7,8,20251231
3285,23.0,30.8,14.6,0.0,19,6.6,9,20251231
