date,city,temp_avg,temp_max,temp_min,precipitation,humidity,wind_speed
2025-01-01,Amman,8.1,12.6,5.1,0.0,78,2.9
2025-01-01,Cairo,14.7,20.0,9.9,0.0,64,5.2
2025-01-01,Istanbul,5.9,9.0,3.0,0.0,90,3.3
2025-01-01,Khartoum,21.9,28.7,15.8,0.0,27,14.4
2025-01-01,London,9.0,11.8,5.3,10.5,87,21.8
2025-01-01,Munich,4.8,10.7,1.2,0.0,42,14.3
2025-01-01,Riyadh,13.8,17.6,9.7,0.0,34,8.6
2025-01-01,Salalah,21.9,26.2,17.7,0.0,68,6.1
2025-01-01,Zurich,0.6,7.5,-3.3,0.0,87,4.6
2025-01-02,Amman,7.7,12.0,3.7,0.0,66,5.9
2025-01-02,Cairo,15.3,20.0,11.2,0.0,57,10.6
2025-01-02,Istanbul,8.4,10.6,5.7,0.0,84,10.8
2025-01-02,Khartoum,22.6,29.6,16.3,0.0,29,13.0
2025-01-02,London,2.1,4.4,-0.4,0.0,86,7.6
2025-01-02,Munich,4.8,8.7,0.5,11.3,58,20.6
2025-01-02,Riyadh,12.3,15.9,8.4,0.0,37,7.5
2025-01-02,Salalah,23.4,27.8,19.9,0.0,47,21.5
2025-01-02,Zurich,3.1,8.1,-0.8,13.0,77,12.6
2025-01-03,Amman,7.5,13.5,3.3,0.0,54,7.6
2025-01-03,Cairo,15.5,20.2,11.2,0.0,55,11.3
2025-01-03,Istanbul,11.6,13.7,10.1,0.0,73,21.0
2025-01-03,Khartoum,24.2,31.2,17.3,0.0,31,10.1
2025-01-03,London,0.3,3.4,-1.3,0.0,86,8.7
2025-01-03,Munich,-0.8,0.4,-2.0,1.8,87,14.4
2025-01-03,Riyadh,11.2,15.1,7.0,0.0,36,7.3
2025-01-03,Salalah,21.1,24.5,18.1,0.0,21,34.6
2025-01-03,Zurich,-0.2,1.0,-2.0,2.9,88,6.2
2025-01-04,Amman,8.7,14.2,3.5,0.0,49,4.5
2025-01-04,Cairo,16.8,22.2,12.6,0.0,38,9.7
2025-01-04,Istanbul,9.2,11.9,6.5,11.2,84,17.0
2025-01-04,Khartoum,26.0,33.6,18.7,0.0,35,6.9
2025-01-04,London,0.7,3.2,-1.7,1.8,88,6.8
2025-01-04,Munich,-3.7,-0.3,-7.9,0.0,77,7.0
2025-01-04,Riyadh,11.7,17.2,5.6,0.0,26,3.3
2025-01-04,Salalah,19.5,23.3,15.4,0.0,19,30.9
2025-01-04,Zurich,-1.9,0.3,-3.8,0.0,81,3.1
2025-01-05,Amman,9.2,14.4,4.6,0.0,53,6.6
2025-01-05,Cairo,15.6,20.1,12.5,0.0,44,9.3
2025-01-05,Istanbul,7.3,9.1,6.1,0.0,76,10.9
2025-01-05,Khartoum,26.1,32.9,19.8,0.0,36,9.8
2025-01-05,London,7.7,12.6,0.7,23.5,94,17.9
2025-01-05,Munich,2.8,8.2,-3.3,15.4,83,12.3
2025-01-05,Riyadh,13.4,19.0,7.5,0.0,26,5.5
2025-01-05,Salalah,20.6,24.7,16.9,0.0,34,25.9
2025-01-05,Zurich,1.7,4.2,-0.7,15.6,92,4.6
2025-01-06,Amman,10.3,14.9,6.8,1.3,62,7.9
2025-01-06,Cairo,16.9,22.5,12.3,0.0,71,8.7
2025-01-06,Istanbul,7.8,9.2,5.6,0.0,86,7.4
2025-01-06,Khartoum,22.4,28.2,16.9,0.0,20,14.0
2025-01-06,London,7.3,12.0,2.5,7.4,86,21.5
2025-01-06,Munich,5.1,11.1,1.1,0.0,75,9.5
2025-01-06,Riyadh,14.4,19.3,9.3,0.0,21,11.0
2025-01-06,Salalah,20.9,26.1,15.8,0.0,43,11.7
2025-01-06,Zurich,4.9,9.2,1.6,6.1,80,6.4
2025-01-07,Amman,7.7,12.0,4.3,0.0,64,8.2
2025-01-07,Cairo,16.4,20.7,12.4,0.0,67,6.6
2025-01-07,Istanbul,11.7,14.0,9.2,0.0,77,16.5
2025-01-07,Khartoum,21.9,29.1,14.7,0.0,28,9.7
2025-01-07,London,2.4,4.9,0.7,0.1,82,11.2
2025-01-07,Munich,3.8,6.3,2.5,3.8,83,16.2
2025-01-07,Riyadh,15.9,20.8,11.9,1.5,31,6.3
2025-01-07,Salalah,21.8,26.1,16.8,0.0,61,7.4
2025-01-07,Zurich,4.1,5.9,1.7,3.2,81,14.1
2025-01-08,Amman,8.0,12.7,3.6,0.0,65,9.0
2025-01-08,Cairo,16.2,22.3,11.0,0.0,50,8.5
2025-01-08,Istanbul,13.7,15.1,12.5,0.0,76,17.4
2025-01-08,Khartoum,24.0,31.0,17.2,0.0,31,8.4
2025-01-08,London,0.6,1.8,-0.8,3.0,93,7.5
2025-01-08,Munich,1.7,2.8,0.7,7.7,91,8.7
2025-01-08,Riyadh,12.3,15.2,8.9,0.0,64,10.1
2025-01-08,Salalah,22.2,26.8,18.5,0.0,65,7.6
2025-01-08,Zurich,3.0,6.8,0.3,8.8,92,5.9
2025-01-09,Amman,9.0,13.5,5.3,0.0,60,12.8
2025-01-09,Cairo,16.3,22.9,9.5,0.0,45,4.2
2025-01-09,Istanbul,12.6,14.7,11.3,0.0,81,9.6
2025-01-09,Khartoum,24.3,31.3,17.0,0.0,27,8.3
2025-01-09,London,1.0,3.0,-0.9,0.6,88,9.7
2025-01-09,Munich,5.9,11.2,0.5,4.1,83,14.7
2025-01-09,Riyadh,12.2,15.7,8.4,0.0,66,7.8
2025-01-09,Salalah,23.3,29.1,18.7,0.0,46,11.2
2025-01-09,Zurich,4.7,9.9,0.1,14.1,87,12.5
2025-01-10,Amman,9.1,14.5,4.5,0.0,59,9.4
2025-01-10,Cairo,15.8,20.7,12.2,0.0,51,6.9
2025-01-10,Istanbul,11.8,13.9,9.7,0.0,80,9.0
2025-01-10,Khartoum,23.1,29.4,16.9,0.0,29,10.5
2025-01-10,London,-0.7,1.4,-2.0,0.0,90,3.8
2025-01-10,Munich,-0.5,1.9,-2.3,0.0,75,13.3
2025-01-10,Riyadh,13.8,19.2,8.1,0.0,53,4.3
2025-01-10,Salalah,22.2,26.8,17.6,0.0,35,15.3
2025-01-10,Zurich,0.7,2.9,-1.3,0.2,82,4.5
2025-01-11,Amman,9.8,13.0,7.1,0.1,77,12.4
2025-01-11,Cairo,15.8,20.4,11.7,0.5,71,6.3
2025-01-11,Istanbul,9.0,12.6,6.7,8.7,88,14.6
2025-01-11,Khartoum,21.1,26.9,15.6,0.0,26,12.3
2025-01-11,London,-2.2,1.6,-3.8,0.0,94,2.3
2025-01-11,Munich,-2.0,-0.3,-3.4,0.0,79,10.5
2025-01-11,Riyadh,16.2,21.3,12.2,0.0,40,8.9
2025-01-11,Salalah,21.8,26.8,17.9,0.0,45,13.0
2025-01-11,Zurich,-0.7,2.3,-3.0,0.0,79,5.6
2025-01-12,Amman,11.1,15.9,7.8,0.0,76,5.4
2025-01-12,Cairo,16.7,21.6,11.9,0.0,62,3.7
2025-01-12,Istanbul,7.3,9.4,5.7,6.2,89,15.6
2025-01-12,Khartoum,21.1,28.4,13.5,0.0,29,10.1
2025-01-12,London,-0.7,3.2,-4.5,0.0,92,2.8
2025-01-12,Munich,-2.0,0.0,-3.2,0.1,73,11.5
2025-01-12,Riyadh,15.9,18.8,13.9,0.7,55,6.0
2025-01-12,Salalah,21.7,25.9,17.6,0.1,54,8.3
2025-01-12,Zurich,-1.8,1.1,-3.8,0.0,79,6.9
2025-01-13,Amman,10.8,15.6,6.1,0.0,62,8.4
2025-01-13,Cairo,17.7,23.9,11.5,0.0,49,3.4
2025-01-13,Istanbul,5.8,6.5,4.8,16.2,88,22.5
2025-01-13,Khartoum,23.4,30.2,16.7,0.0,30,9.7
2025-01-13,London,3.3,5.9,1.5,0.0,83,8.8
2025-01-13,Munich,-2.6,-0.5,-5.1,0.1,68,7.4
2025-01-13,Riyadh,13.6,17.6,9.4,0.0,55,8.0
2025-01-13,Salalah,23.0,28.1,18.5,0.0,52,9.3
2025-01-13,Zurich,-2.6,0.5,-4.3,0.0,75,12.4
2025-01-14,Amman,10.9,15.7,6.0,0.0,50,9.3
2025-01-14,Cairo,17.2,23.7,11.2,0.0,44,1.8
2025-01-14,Istanbul,6.4,7.4,5.6,3.2,81,20.8
2025-01-14,Khartoum,23.9,31.4,15.6,0.0,28,6.8
2025-01-14,London,5.2,8.8,2.5,0.0,90,8.5
2025-01-14,Munich,-3.4,1.8,-6.7,0.0,74,5.6
2025-01-14,Riyadh,13.1,17.9,8.3,0.0,53,6.6
2025-01-14,Salalah,23.6,27.6,20.5,0.0,34,19.3
2025-01-14,Zurich,-2.9,0.3,-4.8,0.0,81,4.1
2025-01-15,Amman,12.4,19.3,7.0,0.0,44,6.2
2025-01-15,Cairo,16.6,21.7,12.7,0.0,61,4.9
2025-01-15,Istanbul,6.5,7.9,5.8,13.2,86,21.0
2025-01-15,Khartoum,26.2,33.2,18.6,0.0,34,7.2
2025-01-15,London,8.6,10.0,7.6,0.0,96,4.3
2025-01-15,Munich,-0.6,0.7,-4.1,1.9,81,7.3
2025-01-15,Riyadh,14.4,20.8,7.7,0.0,40,4.0
2025-01-15,Salalah,21.6,26.1,16.5,0.0,32,17.5
2025-01-15,Zurich,-1.3,1.9,-4.7,0.3,90,4.6
2025-01-16,Amman,13.2,18.5,9.9,0.0,49,5.2
2025-01-16,Cairo,17.8,22.6,13.7,0.0,66,11.8
2025-01-16,Istanbul,6.1,7.7,4.3,0.9,82,14.2
2025-01-16,Khartoum,28.8,36.0,21.4,0.0,35,9.4
2025-01-16,London,7.4,9.6,6.0,0.0,92,5.6
2025-01-16,Munich,0.3,3.1,-1.4,0.1,93,9.1
2025-01-16,Riyadh,17.1,23.5,10.2,0.0,28,4.4
2025-01-16,Salalah,22.0,28.0,16.6,0.0,39,12.8
2025-01-16,Zurich,1.1,3.7,-1.4,0.0,88,10.3
2025-01-17,Amman,11.0,15.9,7.3,0.0,70,6.2
2025-01-17,Cairo,17.2,21.1,14.1,0.0,71,12.4
2025-01-17,Istanbul,5.9,9.1,4.0,0.0,74,7.9
2025-01-17,Khartoum,28.8,35.1,22.0,0.0,34,10.1
2025-01-17,London,5.3,6.5,3.6,0.0,86,5.8
2025-01-17,Munich,-1.1,0.3,-2.9,0.0,95,7.5
2025-01-17,Riyadh,17.4,21.2,14.0,0.0,29,9.0
2025-01-17,Salalah,22.3,28.6,17.5,0.0,46,10.7
2025-01-17,Zurich,-0.4,1.3,-1.7,0.0,92,5.3
2025-01-18,Amman,9.8,15.6,5.3,0.0,67,4.9
2025-01-18,Cairo,16.9,21.3,12.4,0.0,61,10.5
2025-01-18,Istanbul,5.7,9.6,2.8,0.0,78,2.9
2025-01-18,Khartoum,28.5,35.4,21.6,0.0,37,10.2
2025-01-18,London,2.6,3.4,2.2,0.0,91,4.1
2025-01-18,Munich,-1.5,0.9,-2.9,0.0,89,5.3
2025-01-18,Riyadh,15.3,19.5,10.7,0.0,34,6.3
2025-01-18,Salalah,22.0,28.7,16.9,0.0,51,7.3
2025-01-18,Zurich,-0.9,1.9,-1.8,0.0,88,4.7
2025-01-19,Amman,9.4,15.4,4.7,0.0,69,4.8
2025-01-19,Cairo,16.0,20.4,11.2,0.0,60,5.8
2025-01-19,Istanbul,5.8,10.3,1.9,0.0,86,3.8
2025-01-19,Khartoum,28.5,34.8,22.6,0.0,36,11.4
2025-01-19,London,2.5,3.4,1.8,0.2,84,5.7
2025-01-19,Munich,-0.6,6.3,-4.7,0.0,76,3.3
2025-01-19,Riyadh,15.4,19.6,10.6,0.0,35,5.7
2025-01-19,Salalah,22.2,29.0,16.8,0.0,41,8.7
2025-01-19,Zurich,-0.5,2.6,-2.6,0.4,90,2.2
2025-01-20,Amman,10.1,15.1,6.3,0.0,71,8.4
2025-01-20,Cairo,16.8,22.4,11.2,0.0,53,5.0
2025-01-20,Istanbul,6.4,9.4,4.8,0.0,77,10.5
2025-01-20,Khartoum,28.3,35.0,22.2,0.0,30,12.6
2025-01-20,London,3.5,6.0,2.2,0.1,88,4.1
2025-01-20,Munich,0.3,7.4,-3.9,0.0,78,4.6
2025-01-20,Riyadh,15.7,20.2,10.9,0.0,34,6.7
2025-01-20,Salalah,23.0,28.1,18.7,0.0,35,8.6
2025-01-20,Zurich,-0.8,4.1,-3.8,0.0,91,1.6
2025-01-21,Amman,10.1,15.2,6.2,0.0,64,9.5
2025-01-21,Cairo,18.2,23.6,13.9,0.6,43,7.5
2025-01-21,Istanbul,6.9,10.0,4.4,0.0,81,6.1
2025-01-21,Khartoum,27.4,34.4,20.5,0.0,19,11.8
2025-01-21,London,2.3,4.9,-1.0,0.0,93,5.1
2025-01-21,Munich,0.2,5.9,-2.4,0.0,81,3.1
2025-01-21,Riyadh,15.8,21.1,10.4,0.0,30,7.3
2025-01-21,Salalah,23.5,28.8,18.4,0.0,32,9.3
2025-01-21,Zurich,-0.8,4.7,-3.3,0.3,92,1.7
2025-01-22,Amman,10.0,14.5,6.8,0.1,47,9.5
2025-01-22,Cairo,17.1,21.8,12.7,0.1,68,7.1
2025-01-22,Istanbul,9.2,11.5,7.3,2.8,89,4.8
2025-01-22,Khartoum,26.9,33.5,20.4,0.0,22,11.8
2025-01-22,London,3.2,4.3,2.3,1.0,93,5.4
2025-01-22,Munich,-0.1,4.8,-3.3,0.0,81,5.0
2025-01-22,Riyadh,13.3,18.2,8.2,0.0,31,5.9
2025-01-22,Salalah,23.9,28.0,20.7,0.0,24,19.8
2025-01-22,Zurich,-1.2,1.1,-3.4,0.0,95,2.3
2025-01-23,Amman,10.1,14.1,7.7,0.4,74,8.5
2025-01-23,Cairo,16.4,20.8,12.3,0.0,67,6.2
2025-01-23,Istanbul,7.9,10.6,5.5,0.0,95,5.1
2025-01-23,Khartoum,26.1,32.3,20.0,0.0,25,13.9
2025-01-23,London,4.6,8.2,1.5,4.7,88,14.1
2025-01-23,Munich,2.0,5.2,-0.4,1.1,84,11.5
2025-01-23,Riyadh,14.3,18.9,9.4,0.0,29,6.9
2025-01-23,Salalah,22.1,28.2,17.8,0.0,32,16.2
2025-01-23,Zurich,1.9,5.9,-2.1,4.7,93,5.0
2025-01-24,Amman,9.5,14.4,6.6,0.8,81,5.6
2025-01-24,Cairo,16.3,21.5,11.4,0.0,62,4.4
2025-01-24,Istanbul,10.2,12.6,6.5,0.0,85,10.0
2025-01-24,Khartoum,24.4,30.1,19.2,0.0,20,14.3
2025-01-24,London,8.9,10.8,6.5,3.8,74,20.5
2025-01-24,Munich,4.0,11.1,-0.1,0.0,79,8.7
2025-01-24,Riyadh,15.8,20.4,11.2,0.0,40,7.8
2025-01-24,Salalah,22.2,27.4,18.9,0.0,51,11.3
2025-01-24,Zurich,3.0,8.2,-0.7,0.0,89,5.2
2025-01-25,Amman,10.2,15.0,5.5,0.0,68,3.3
2025-01-25,Cairo,16.5,21.1,11.6,0.0,58,4.7
2025-01-25,Istanbul,9.1,10.5,6.0,22.4,84,8.9
2025-01-25,Khartoum,23.1,30.2,16.1,0.0,25,9.6
2025-01-25,London,5.4,8.0,2.7,2.1,81,7.5
2025-01-25,Munich,6.0,13.5,2.1,0.0,68,7.8
2025-01-25,Riyadh,17.5,22.5,12.6,0.3,46,6.5
2025-01-25,Salalah,21.9,27.8,17.6,0.0,49,9.4
2025-01-25,Zurich,5.6,13.3,1.8,0.0,75,4.4
2025-01-26,Amman,10.7,16.4,6.5,0.2,57,6.7
2025-01-26,Cairo,16.7,22.0,11.8,0.0,55,5.5
2025-01-26,Istanbul,7.4,11.6,4.9,0.0,85,7.7
2025-01-26,Khartoum,23.7,30.1,17.0,0.0,23,9.2
2025-01-26,London,4.8,8.9,1.6,8.3,83,17.3
2025-01-26,Munich,4.8,7.2,2.2,0.1,76,13.2
2025-01-26,Riyadh,16.3,20.2,13.6,2.6,53,5.5
2025-01-26,Salalah,21.9,27.9,17.8,0.0,48,9.0
2025-01-26,Zurich,4.9,8.8,2.4,1.6,80,8.0
2025-01-27,Amman,11.2,16.2,6.9,0.6,51,5.3
2025-01-27,Cairo,16.3,21.4,10.8,0.0,61,5.3
2025-01-27,Istanbul,7.4,10.6,4.3,0.0,92,5.7
2025-01-27,Khartoum,24.2,30.4,17.5,0.0,21,11.6
2025-01-27,London,7.6,9.4,6.8,9.0,80,23.0
2025-01-27,Munich,5.7,12.2,1.1,2.0,78,6.6
2025-01-27,Riyadh,15.4,20.1,11.9,0.4,67,5.2
2025-01-27,Salalah,21.9,27.1,17.1,0.0,56,6.0
2025-01-27,Zurich,5.2,8.6,2.9,20.7,87,7.1
2025-01-28,Amman,9.5,14.3,4.8,0.0,60,10.0
2025-01-28,Cairo,16.6,21.3,12.7,0.0,59,9.5
2025-01-28,Istanbul,9.4,11.9,6.3,0.0,86,9.2
2025-01-28,Khartoum,22.9,29.1,16.7,0.0,19,11.3
2025-01-28,London,8.4,9.5,7.3,4.0,83,20.1
2025-01-28,Munich,3.3,5.4,1.5,14.6,93,11.7
2025-01-28,Riyadh,15.5,19.8,12.3,0.0,65,5.7
2025-01-28,Salalah,22.6,29.2,17.1,0.0,52,5.9
2025-01-28,Zurich,4.6,7.1,2.7,9.5,86,6.7
2025-01-29,Amman,10.6,15.9,6.2,0.0,50,9.7
2025-01-29,Cairo,16.9,22.9,11.4,0.0,50,8.6
2025-01-29,Istanbul,12.2,14.9,10.4,0.0,75,15.2
2025-01-29,Khartoum,21.7,28.1,15.6,0.0,22,11.3
2025-01-29,London,6.0,7.8,4.0,0.2,86,9.4
2025-01-29,Munich,4.1,8.5,0.9,5.3,75,14.9
2025-01-29,Riyadh,15.3,19.4,11.2,0.0,39,6.3
2025-01-29,Salalah,24.3,31.7,18.3,0.0,41,10.8
2025-01-29,Zurich,5.3,9.2,0.7,3.6,74,12.3
2025-01-30,Amman,11.2,17.2,5.5,0.0,41,7.3
2025-01-30,Cairo,17.2,23.8,11.5,0.0,62,7.3
2025-01-30,Istanbul,11.8,14.2,9.5,0.0,74,7.1
2025-01-30,Khartoum,22.2,29.7,14.5,0.0,26,10.4
2025-01-30,London,4.6,7.5,1.9,0.0,79,9.7
2025-01-30,Munich,2.3,8.0,-2.5,0.0,77,5.9
2025-01-30,Riyadh,14.4,18.6,10.0,0.0,43,8.0
2025-01-30,Salalah,25.6,32.1,20.7,0.0,37,11.8
2025-01-30,Zurich,2.4,7.6,-0.9,0.0,88,2.4
2025-01-31,Amman,10.8,14.7,8.0,0.0,56,10.4
2025-01-31,Cairo,16.6,22.3,11.0,0.0,58,7.3
2025-01-31,Istanbul,11.2,13.4,9.4,0.2,81,4.0
2025-01-31,Khartoum,24.0,30.6,17.3,0.0,26,12.0
2025-01-31,London,5.2,8.0,2.1,3.5,91,7.8
2025-01-31,Munich,2.7,4.5,0.3,1.3,86,9.0
2025-01-31,Riyadh,13.5,18.0,9.1,0.0,34,7.1
2025-01-31,Salalah,24.4,28.1,21.1,0.0,30,27.0
2025-01-31,Zurich,3.3,4.8,2.0,3.9,93,6.6
2025-02-01,Amman,10.4,15.5,6.2,0.0,70,5.8
2025-02-01,Cairo,16.4,21.9,10.7,0.0,59,7.1
2025-02-01,Istanbul,8.7,13.1,6.7,0.0,93,5.1
2025-02-01,Khartoum,24.9,31.5,18.1,0.0,32,10.7
2025-02-01,London,5.2,6.9,2.8,0.0,86,7.3
2025-02-01,Munich,0.7,3.3,-1.1,0.0,83,9.5
2025-02-01,Riyadh,15.1,22.4,7.9,0.0,25,3.7
2025-02-01,Salalah,22.2,27.1,17.8,0.0,16,18.2
2025-02-01,Zurich,2.0,3.2,1.2,0.0,85,9.7
2025-02-02,Amman,11.3,17.4,5.9,0.0,53,4.9
2025-02-02,Cairo,16.4,22.0,11.7,0.0,58,10.9
2025-02-02,Istanbul,9.0,12.3,7.5,0.0,83,10.0
2025-02-02,Khartoum,26.0,32.2,19.7,0.0,37,10.0
2025-02-02,London,3.4,7.5,-0.4,0.0,85,6.7
2025-02-02,Munich,-0.7,1.4,-2.8,0.0,89,4.6
2025-02-02,Riyadh,15.1,19.1,11.0,0.0,25,7.8
2025-02-02,Salalah,20.6,26.3,14.2,0.0,19,14.8
2025-02-02,Zurich,1.6,3.5,-0.3,0.0,89,4.1
2025-02-03,Amman,12.7,19.2,7.7,0.0,35,4.2
2025-02-03,Cairo,17.6,23.3,12.0,0.0,55,7.9
2025-02-03,Istanbul,7.1,11.4,3.9,0.0,91,7.1
2025-02-03,Khartoum,26.9,33.4,20.5,0.0,35,9.0
2025-02-03,London,4.1,7.8,-1.2,0.0,93,8.5
2025-02-03,Munich,-0.6,1.7,-3.4,0.0,90,3.6
2025-02-03,Riyadh,14.2,19.0,8.6,0.0,27,4.5
2025-02-03,Salalah,22.1,26.7,17.9,0.0,30,17.6
2025-02-03,Zurich,1.2,3.5,-0.9,0.0,93,3.5
2025-02-04,Amman,13.3,19.8,8.2,0.0,38,5.4
2025-02-04,Cairo,16.9,21.8,12.6,0.0,69,7.2
2025-02-04,Istanbul,5.7,7.0,4.1,0.1,67,19.8
2025-02-04,Khartoum,28.0,34.9,21.0,0.0,31,8.8
2025-02-04,London,8.2,10.1,6.1,0.2,87,15.3
2025-02-04,Munich,-1.0,3.0,-4.1,0.0,88,3.8
2025-02-04,Riyadh,16.9,23.7,10.1,0.0,21,6.1
2025-02-04,Salalah,21.5,27.5,16.1,0.0,19,15.7
2025-02-04,Zurich,0.4,3.7,-1.4,0.0,94,2.3
2025-02-05,Amman,9.1,11.4,7.1,3.0,86,16.4
2025-02-05,Cairo,16.0,20.8,12.0,0.0,62,10.2
2025-02-05,Istanbul,3.5,4.7,2.1,1.6,70,18.4
2025-02-05,Khartoum,28.4,35.2,21.7,0.0,30,11.5
2025-02-05,London,5.9,9.1,2.5,0.0,84,7.6
2025-02-05,Munich,-0.2,5.6,-2.9,0.0,86,4.4
2025-02-05,Riyadh,18.7,26.0,11.1,0.0,18,7.8
2025-02-05,Salalah,20.3,25.2,14.9,0.0,42,8.6
2025-02-05,Zurich,-0.5,3.8,-3.5,0.0,89,2.4
2025-02-06,Amman,5.1,6.5,4.2,17.1,91,22.5
2025-02-06,Cairo,13.9,15.7,12.7,0.0,50,14.9
2025-02-06,Istanbul,2.7,4.1,2.0,3.6,74,18.5
2025-02-06,Khartoum,26.4,33.0,19.7,0.0,22,13.8
2025-02-06,London,3.9,7.3,0.7,0.0,84,10.8
2025-02-06,Munich,-0.1,2.0,-2.3,0.0,84,9.2
2025-02-06,Riyadh,23.2,28.9,18.2,0.0,23,10.1
2025-02-06,Salalah,21.5,25.2,17.9,0.0,68,7.3
2025-02-06,Zurich,0.5,2.2,-1.5,0.1,87,7.2
2025-02-07,Amman,5.7,8.3,4.0,0.9,87,13.8
2025-02-07,Cairo,14.0,17.1,11.4,0.0,50,8.5
2025-02-07,Istanbul,3.2,4.8,1.9,7.1,78,16.7
2025-02-07,Khartoum,25.5,32.8,18.6,0.0,24,13.9
2025-02-07,London,3.4,4.0,2.6,4.6,86,16.8
2025-02-07,Munich,0.5,3.0,-0.8,0.0,81,11.1
2025-02-07,Riyadh,18.3,22.8,13.9,0.0,32,9.7
2025-02-07,Salalah,21.6,25.0,18.1,0.0,69,6.0
2025-02-07,Zurich,1.2,5.4,-1.2,0.0,84,6.6
2025-02-08,Amman,5.7,9.9,3.2,0.0,71,11.2
2025-02-08,Cairo,13.8,18.2,9.7,0.1,48,6.5
2025-02-08,Istanbul,4.3,5.9,3.1,3.8,82,17.1
2025-02-08,Khartoum,25.1,32.0,18.2,0.0,20,13.1
2025-02-08,London,4.7,6.2,3.4,2.2,90,10.0
2025-02-08,Munich,1.4,8.5,-2.1,0.0,77,4.5
2025-02-08,Riyadh,15.0,20.7,9.3,0.0,31,5.5
2025-02-08,Salalah,22.1,25.5,19.1,0.0,68,6.8
2025-02-08,Zurich,1.1,7.5,-2.4,0.0,83,2.8
2025-02-09,Amman,5.6,9.5,1.7,0.0,75,6.8
2025-02-09,Cairo,13.4,17.1,9.5,0.2,56,6.6
2025-02-09,Istanbul,4.3,6.5,3.2,1.2,75,17.8
2025-02-09,Khartoum,25.3,32.9,17.9,0.0,18,11.3
2025-02-09,London,3.4,5.8,1.3,1.0,90,9.6
2025-02-09,Munich,1.4,6.4,-1.5,0.0,83,3.5
2025-02-09,Riyadh,14.7,18.8,10.2,0.0,28,5.6
2025-02-09,Salalah,21.8,26.3,18.4,0.0,74,6.0
2025-02-09,Zurich,2.5,6.2,-0.5,0.0,88,3.5
2025-02-10,Amman,6.7,9.7,4.9,0.8,87,12.5
2025-02-10,Cairo,13.9,18.3,9.7,0.0,57,7.3
2025-02-10,Istanbul,3.8,6.0,2.2,1.0,74,15.5
2025-02-10,Khartoum,26.1,33.7,18.6,0.0,18,10.6
2025-02-10,London,3.6,4.6,2.5,3.5,89,15.0
2025-02-10,Munich,0.8,5.2,-1.5,0.0,90,4.1
2025-02-10,Riyadh,15.7,21.0,10.6,0.0,32,10.1
2025-02-10,Salalah,22.4,26.4,18.5,0.0,73,4.8
2025-02-10,Zurich,1.9,6.5,-0.9,0.7,94,3.4
2025-02-11,Amman,7.7,12.1,4.1,0.2,78,7.1
2025-02-11,Cairo,13.6,18.5,9.1,0.0,54,6.5
2025-02-11,Istanbul,2.1,3.5,1.0,6.1,85,14.6
2025-02-11,Khartoum,26.6,33.8,19.5,0.0,22,10.2
2025-02-11,London,3.7,5.0,2.6,0.0,88,6.5
2025-02-11,Munich,1.4,4.9,-0.9,1.4,91,3.6
2025-02-11,Riyadh,18.0,23.6,12.5,0.0,34,11.9
2025-02-11,Salalah,23.1,26.8,19.2,0.0,73,5.7
2025-02-11,Zurich,4.2,7.3,2.1,6.1,96,2.1
2025-02-12,Amman,6.7,11.1,3.6,0.4,85,8.6
2025-02-12,Cairo,13.5,18.9,8.6,0.0,56,7.5
2025-02-12,Istanbul,2.5,5.2,-0.4,7.8,86,10.5
2025-02-12,Khartoum,26.0,31.9,19.8,0.0,28,12.1
2025-02-12,London,4.4,6.0,3.2,0.2,85,6.9
2025-02-12,Munich,5.6,11.9,2.0,3.6,89,4.6
2025-02-12,Riyadh,21.3,26.7,16.3,0.0,32,10.9
2025-02-12,Salalah,23.5,27.2,19.8,0.0,74,5.7
2025-02-12,Zurich,6.1,11.6,1.6,0.6,88,3.6
2025-02-13,Amman,7.0,10.0,5.1,0.1,82,14.9
2025-02-13,Cairo,13.6,18.9,9.1,0.0,51,6.6
2025-02-13,Istanbul,5.0,6.9,2.9,0.0,71,7.4
2025-02-13,Khartoum,26.5,32.5,20.3,0.0,29,11.1
2025-02-13,London,3.4,4.7,2.4,0.2,81,8.0
2025-02-13,Munich,3.8,6.0,0.0,8.7,93,11.7
2025-02-13,Riyadh,18.4,21.6,16.3,9.1,65,4.8
2025-02-13,Salalah,23.0,28.0,17.7,0.0,74,5.0
2025-02-13,Zurich,4.5,6.5,2.4,10.3,93,7.0
2025-02-14,Amman,7.3,12.6,2.4,0.0,73,4.8
2025-02-14,Cairo,13.6,19.4,7.8,0.0,50,8.8
2025-02-14,Istanbul,7.2,9.7,4.6,0.0,72,8.8
2025-02-14,Khartoum,28.1,34.7,21.2,0.0,31,9.0
2025-02-14,London,2.5,4.9,0.9,0.0,75,9.6
2025-02-14,Munich,-1.2,-0.3,-2.3,0.8,84,6.6
2025-02-14,Riyadh,18.0,23.0,15.5,2.4,79,6.5
2025-02-14,Salalah,23.4,27.8,19.9,0.0,62,4.1
2025-02-14,Zurich,-0.4,2.2,-1.7,2.3,86,8.9
2025-02-15,Amman,8.6,14.8,3.3,3.8,57,11.0
2025-02-15,Cairo,15.0,21.2,9.1,0.0,57,8.8
2025-02-15,Istanbul,9.6,12.6,6.9,3.2,80,12.0
2025-02-15,Khartoum,28.0,34.2,22.0,0.0,21,10.4
2025-02-15,London,3.2,5.6,1.8,0.9,84,7.6
2025-02-15,Munich,-1.4,1.6,-3.4,0.0,72,7.0
2025-02-15,Riyadh,13.1,15.2,11.4,11.8,88,6.9
2025-02-15,Salalah,23.8,28.7,19.4,0.0,62,4.3
2025-02-15,Zurich,-1.0,2.6,-2.7,0.0,78,7.7
2025-02-16,Amman,8.5,13.5,4.3,0.6,68,7.2
2025-02-16,Cairo,16.1,22.0,10.7,0.0,54,3.4
2025-02-16,Istanbul,7.7,9.8,6.2,3.8,90,12.2
2025-02-16,Khartoum,26.2,32.7,19.7,0.0,9,10.8
2025-02-16,London,2.8,4.3,2.0,0.0,79,10.8
2025-02-16,Munich,-2.5,-1.2,-3.7,3.0,79,8.9
2025-02-16,Riyadh,14.8,19.5,10.9,1.8,86,8.5
2025-02-16,Salalah,24.1,28.6,19.8,0.0,51,3.9
2025-02-16,Zurich,-0.1,3.9,-2.6,0.0,80,4.7
2025-02-17,Amman,9.8,15.9,4.9,0.0,67,6.0
2025-02-17,Cairo,17.1,22.6,11.4,0.0,44,7.8
2025-02-17,Istanbul,5.5,6.1,4.9,19.8,93,15.7
2025-02-17,Khartoum,27.1,34.9,19.2,0.0,11,10.2
2025-02-17,London,1.7,5.1,-0.5,0.0,76,9.6
2025-02-17,Munich,-2.4,1.1,-5.1,0.0,66,8.6
2025-02-17,Riyadh,17.3,21.8,13.5,0.5,85,5.9
2025-02-17,Salalah,23.8,28.5,19.2,0.0,60,4.3
2025-02-17,Zurich,0.2,3.2,-2.5,0.0,82,5.9
2025-02-18,Amman,11.0,17.3,5.7,0.0,57,2.8
2025-02-18,Cairo,17.9,23.5,12.6,0.0,32,7.2
2025-02-18,Istanbul,5.7,7.3,4.9,0.5,77,16.0
2025-02-18,Khartoum,28.5,35.7,21.4,0.0,14,10.9
2025-02-18,London,2.4,6.3,-0.1,0.0,77,10.3
2025-02-18,Munich,-2.5,1.1,-5.8,0.0,66,8.7
2025-02-18,Riyadh,15.1,17.9,13.0,1.2,77,6.1
2025-02-18,Salalah,24.4,30.0,20.1,0.0,48,4.5
2025-02-18,Zurich,0.6,5.0,-2.3,0.0,84,6.5
2025-02-19,Amman,11.6,16.1,8.7,0.0,55,6.1
2025-02-19,Cairo,17.4,22.4,13.3,0.0,55,7.6
2025-02-19,Istanbul,3.6,5.1,1.8,5.6,81,15.9
2025-02-19,Khartoum,28.6,35.5,21.7,0.0,12,11.1
2025-02-19,London,4.5,7.8,1.4,0.0,80,8.5
2025-02-19,Munich,-2.6,2.5,-6.3,0.0,56,9.0
2025-02-19,Riyadh,14.3,18.3,11.3,3.7,70,5.4
2025-02-19,Salalah,24.9,30.9,20.3,0.0,47,4.7
2025-02-19,Zurich,0.4,5.4,-2.8,0.0,82,3.9
2025-02-20,Amman,8.8,11.2,6.5,2.2,82,19.0
2025-02-20,Cairo,15.9,20.1,12.5,0.2,62,7.9
2025-02-20,Istanbul,1.5,3.1,0.0,2.2,68,17.7
2025-02-20,Khartoum,27.4,33.6,21.2,0.0,11,15.0
2025-02-20,London,11.0,12.8,7.9,3.1,91,18.1
2025-02-20,Munich,2.2,10.7,-3.8,0.0,69,4.5
2025-02-20,Riyadh,17.7,24.6,11.9,1.0,56,9.9
2025-02-20,Salalah,23.9,28.3,20.0,0.0,63,5.6
2025-02-20,Zurich,2.9,10.8,-0.9,0.0,84,2.0
2025-02-21,Amman,6.2,8.4,2.9,1.4,81,14.9
2025-02-21,Cairo,13.7,17.4,10.3,0.0,53,7.6
2025-02-21,Istanbul,0.6,1.8,-0.5,4.4,74,17.2
2025-02-21,Khartoum,26.2,32.7,19.9,0.0,13,13.7
2025-02-21,London,12.7,15.0,11.1,5.3,86,17.2
2025-02-21,Munich,5.9,13.7,0.7,0.0,81,7.6
2025-02-21,Riyadh,17.6,22.8,12.6,0.0,43,6.4
2025-02-21,Salalah,23.5,27.6,19.6,0.0,78,6.4
2025-02-21,Zurich,4.0,11.1,-1.0,0.0,82,1.5
2025-02-22,Amman,4.2,6.4,1.8,2.2,79,7.9
2025-02-22,Cairo,12.8,17.3,8.9,0.0,50,8.9
2025-02-22,Istanbul,-0.4,1.4,-2.4,8.3,75,10.8
2025-02-22,Khartoum,26.3,33.3,19.3,0.0,19,12.5
2025-02-22,London,10.4,12.9,7.9,6.1,87,9.6
2025-02-22,Munich,4.8,11.6,-1.0,0.0,86,4.7
2025-02-22,Riyadh,20.7,28.7,13.9,0.0,34,10.1
2025-02-22,Salalah,23.9,28.2,20.3,0.0,72,5.6
2025-02-22,Zurich,5.7,13.7,-0.3,0.0,83,2.9
2025-02-23,Amman,2.6,5.7,-0.0,0.0,77,11.1
2025-02-23,Cairo,12.4,16.7,9.0,0.0,49,9.8
2025-02-23,Istanbul,-1.0,1.5,-3.7,1.0,77,6.7
2025-02-23,Khartoum,27.5,34.5,20.4,0.0,20,12.8
2025-02-23,London,9.0,10.8,6.6,1.4,87,17.9
2025-02-23,Munich,6.7,10.6,4.2,0.2,85,6.6
2025-02-23,Riyadh,18.4,22.7,14.4,0.0,44,9.0
2025-02-23,Salalah,24.6,29.8,20.3,0.0,72,5.0
2025-02-23,Zurich,6.7,10.7,3.7,4.4,91,1.9
2025-02-24,Amman,1.3,5.0,-1.2,0.2,73,7.9
2025-02-24,Cairo,11.8,15.9,8.0,0.1,52,9.1
2025-02-24,Istanbul,0.7,3.7,-3.6,0.0,70,4.3
2025-02-24,Khartoum,28.3,34.9,21.7,0.0,24,14.3
2025-02-24,London,10.5,12.5,7.7,13.8,86,16.8
2025-02-24,Munich,8.0,13.2,3.9,0.6,83,5.1
2025-02-24,Riyadh,15.2,20.9,11.2,0.2,42,7.1
2025-02-24,Salalah,24.5,29.2,20.8,0.0,76,5.2
2025-02-24,Zurich,6.0,10.2,2.3,0.0,90,2.4
2025-02-25,Amman,2.7,8.8,-2.4,0.0,64,5.5
2025-02-25,Cairo,11.6,16.1,7.1,0.0,51,10.8
2025-02-25,Istanbul,4.5,7.0,0.8,0.0,67,6.8
2025-02-25,Khartoum,28.7,35.2,22.3,0.0,21,13.2
2025-02-25,London,8.1,10.4,5.4,0.8,80,8.7
2025-02-25,Munich,8.6,13.4,5.4,2.7,76,6.6
2025-02-25,Riyadh,10.1,13.5,7.0,0.0,35,10.5
2025-02-25,Salalah,24.9,29.4,20.5,0.0,71,5.6
2025-02-25,Zurich,6.6,9.7,3.8,0.4,88,3.6
2025-02-26,Amman,5.3,11.2,0.3,0.0,57,4.9
2025-02-26,Cairo,13.4,18.8,9.0,0.0,48,11.4
2025-02-26,Istanbul,5.7,9.7,0.4,0.0,80,3.7
2025-02-26,Khartoum,29.4,36.3,22.3,0.0,18,10.4
2025-02-26,London,5.5,7.8,3.2,5.8,87,12.3
2025-02-26,Munich,5.2,6.7,3.7,6.6,81,16.0
2025-02-26,Riyadh,11.3,17.0,6.6,0.0,18,5.5
2025-02-26,Salalah,26.9,33.0,22.5,0.0,51,9.6
2025-02-26,Zurich,4.5,6.2,0.6,1.4,81,15.9
2025-02-27,Amman,7.5,13.2,2.4,0.0,40,3.2
2025-02-27,Cairo,14.9,20.5,9.7,0.0,52,11.0
2025-02-27,Istanbul,9.5,12.6,6.6,0.0,74,4.7
2025-02-27,Khartoum,30.2,37.5,22.6,0.0,20,11.5
2025-02-27,London,5.6,9.2,3.2,0.0,75,11.4
2025-02-27,Munich,2.9,6.7,0.2,1.3,86,9.7
2025-02-27,Riyadh,12.7,18.8,10.0,0.0,29,5.9
2025-02-27,Salalah,26.3,32.8,20.3,0.0,40,7.2
2025-02-27,Zurich,1.5,4.7,-1.0,5.2,94,4.9
2025-02-28,Amman,9.0,14.7,4.4,0.0,40,5.7
2025-02-28,Cairo,15.9,21.9,10.0,0.0,50,7.7
2025-02-28,Istanbul,9.4,13.0,6.4,0.7,83,9.1
2025-02-28,Khartoum,29.3,35.6,23.4,0.0,17,13.7
2025-02-28,London,4.7,8.8,0.9,0.0,77,4.9
2025-02-28,Munich,2.2,6.4,-0.4,3.3,82,10.0
2025-02-28,Riyadh,13.2,18.2,8.4,0.0,26,6.2
2025-02-28,Salalah,26.0,32.8,21.1,0.0,44,5.0
2025-02-28,Zurich,2.6,6.6,-1.0,0.2,79,4.4
2025-03-01,Amman,8.9,13.4,5.5,0.2,72,9.0
2025-03-01,Cairo,16.5,21.8,11.4,0.0,48,6.0
2025-03-01,Istanbul,7.3,11.7,4.9,0.0,84,10.8
2025-03-01,Khartoum,27.5,34.5,20.8,0.0,13,13.8
2025-03-01,London,4.0,8.8,0.1,0.0,84,3.9
2025-03-01,Munich,1.4,5.0,-1.2,0.1,85,6.1
2025-03-01,Riyadh,16.8,22.9,10.9,0.0,28,9.7
2025-03-01,Salalah,25.8,30.3,21.5,0.0,44,5.5
2025-03-01,Zurich,2.1,5.0,0.3,0.0,82,13.3
2025-03-02,Amman,10.5,17.2,4.7,0.0,61,4.1
2025-03-02,Cairo,16.7,22.6,10.7,0.0,55,8.0
2025-03-02,Istanbul,7.3,13.1,3.9,3.3,81,9.0
2025-03-02,Khartoum,27.8,35.2,20.5,0.0,14,12.1
2025-03-02,London,3.6,8.7,-1.3,0.0,85,2.8
2025-03-02,Munich,1.6,7.1,-2.2,0.0,79,7.8
2025-03-02,Riyadh,16.1,20.9,10.5,0.0,25,8.6
2025-03-02,Salalah,25.0,29.2,21.0,0.0,56,5.6
2025-03-02,Zurich,2.7,7.2,-0.4,0.0,78,7.9
2025-03-03,Amman,13.3,19.5,8.4,0.0,34,7.0
2025-03-03,Cairo,17.0,23.5,10.5,0.0,57,9.2
2025-03-03,Istanbul,5.8,7.1,4.1,1.8,80,15.5
2025-03-03,Khartoum,27.5,34.9,19.8,0.0,13,9.5
2025-03-03,London,4.3,10.3,-0.8,0.0,81,2.3
2025-03-03,Munich,2.2,8.9,-2.5,0.0,68,4.5
2025-03-03,Riyadh,15.9,20.6,10.6,0.0,18,6.7
2025-03-03,Salalah,25.5,31.7,20.9,0.0,53,10.3
2025-03-03,Zurich,2.6,9.2,-1.8,0.0,85,2.3
2025-03-04,Amman,14.1,20.2,8.7,0.0,34,5.6
2025-03-04,Cairo,16.7,21.7,11.7,0.0,60,9.3
2025-03-04,Istanbul,5.5,7.4,4.1,0.2,73,16.6
2025-03-04,Khartoum,27.8,34.9,20.2,0.0,12,8.8
2025-03-04,London,5.3,10.9,0.8,0.0,79,4.1
2025-03-04,Munich,3.2,10.1,-1.3,0.0,63,3.9
2025-03-04,Riyadh,16.7,22.4,12.0,2.2,32,11.4
2025-03-04,Salalah,25.9,29.6,22.3,0.0,46,10.3
2025-03-04,Zurich,3.0,10.8,-3.3,0.0,84,1.3
2025-03-05,Amman,11.9,17.5,8.9,0.2,57,9.0
2025-03-05,Cairo,16.0,22.1,11.2,1.8,62,5.7
2025-03-05,Istanbul,6.1,10.2,3.2,0.0,75,12.7
2025-03-05,Khartoum,28.2,35.6,20.2,0.0,10,9.2
2025-03-05,London,6.4,12.9,1.0,0.0,77,6.8
2025-03-05,Munich,4.5,12.4,-1.4,0.0,71,3.5
2025-03-05,Riyadh,21.4,27.7,14.8,0.0,40,7.8
2025-03-05,Salalah,25.6,28.4,23.7,0.3,72,9.2
2025-03-05,Zurich,3.9,12.3,-2.4,0.0,81,1.0
2025-03-06,Amman,10.6,16.4,6.5,0.5,69,15.9
2025-03-06,Cairo,16.4,22.1,11.8,0.0,64,5.0
2025-03-06,Istanbul,8.1,15.1,3.4,0.0,66,10.7
2025-03-06,Khartoum,26.6,32.5,20.7,0.0,14,13.4
2025-03-06,London,9.4,15.8,4.6,0.0,69,7.8
2025-03-06,Munich,6.5,14.9,-1.4,0.0,70,6.2
2025-03-06,Riyadh,22.7,27.5,18.6,0.9,50,8.9
2025-03-06,Salalah,25.1,29.0,21.6,0.0,74,5.1
2025-03-06,Zurich,5.8,14.4,0.5,0.0,72,2.4
2025-03-07,Amman,9.5,11.8,8.1,21.1,90,13.4
2025-03-07,Cairo,17.3,23.8,12.0,0.0,62,6.0
2025-03-07,Istanbul,8.4,13.1,5.5,0.0,61,15.1
2025-03-07,Khartoum,24.6,30.7,18.6,0.0,18,12.5
2025-03-07,London,12.2,16.0,9.7,0.0,74,10.3
2025-03-07,Munich,6.5,14.5,-0.5,0.0,70,5.0
2025-03-07,Riyadh,23.3,28.3,19.4,2.1,56,6.3
2025-03-07,Salalah,23.9,27.8,20.2,0.0,74,6.2
2025-03-07,Zurich,6.3,14.3,0.4,0.0,69,2.4
2025-03-08,Amman,11.4,16.1,8.0,0.1,85,13.2
2025-03-08,Cairo,17.7,24.4,13.0,0.0,61,5.5
2025-03-08,Istanbul,8.8,13.3,6.4,0.0,77,13.1
2025-03-08,Khartoum,24.5,30.9,17.7,0.0,16,10.9
2025-03-08,London,11.2,15.8,7.0,0.0,71,9.4
2025-03-08,Munich,6.6,14.6,-0.8,0.0,67,5.2
2025-03-08,Riyadh,21.8,26.8,18.5,3.0,54,7.2
2025-03-08,Salalah,23.4,27.6,19.1,0.0,77,6.9
2025-03-08,Zurich,6.3,15.3,-0.3,0.0,72,2.5
2025-03-09,Amman,11.7,17.5,6.7,0.1,72,5.3
2025-03-09,Cairo,18.9,25.5,13.3,0.0,47,4.9
2025-03-09,Istanbul,8.9,12.0,6.4,0.0,86,6.0
2025-03-09,Khartoum,25.9,32.8,18.5,0.0,16,11.4
2025-03-09,London,10.9,16.2,7.1,0.0,72,9.5
2025-03-09,Munich,8.3,17.3,1.3,0.0,66,5.9
2025-03-09,Riyadh,21.4,26.8,16.0,0.0,37,4.7
2025-03-09,Salalah,25.0,29.2,20.2,0.0,76,6.5
2025-03-09,Zurich,8.1,17.6,1.1,0.0,64,3.9
2025-03-10,Amman,11.7,17.0,7.3,0.5,72,5.5
2025-03-10,Cairo,20.5,26.8,14.6,0.0,36,7.8
2025-03-10,Istanbul,10.1,15.5,6.6,0.0,80,6.3
2025-03-10,Khartoum,26.7,33.1,19.8,0.0,18,11.6
2025-03-10,London,9.2,13.8,6.9,0.4,79,9.0
2025-03-10,Munich,7.7,11.5,4.7,2.9,76,10.8
2025-03-10,Riyadh,21.7,26.2,17.2,0.1,41,9.7
2025-03-10,Salalah,25.1,29.8,21.4,0.1,74,5.9
2025-03-10,Zurich,7.1,10.9,4.0,1.2,82,5.5
2025-03-11,Amman,13.4,18.9,8.2,0.0,65,5.2
2025-03-11,Cairo,20.7,26.6,14.6,0.0,36,8.3
2025-03-11,Istanbul,13.4,18.2,9.4,0.0,67,14.0
2025-03-11,Khartoum,27.4,34.2,20.1,0.0,16,11.5
2025-03-11,London,6.5,8.2,4.2,0.4,74,12.7
2025-03-11,Munich,7.6,13.8,2.6,0.0,75,5.2
2025-03-11,Riyadh,21.3,27.6,16.8,0.0,43,8.3
2025-03-11,Salalah,25.8,31.1,21.1,0.0,49,4.5
2025-03-11,Zurich,7.0,13.7,1.7,1.1,79,2.6
2025-03-12,Amman,15.4,21.3,9.6,0.0,53,10.1
2025-03-12,Cairo,20.5,28.5,13.5,0.0,58,10.4
2025-03-12,Istanbul,16.3,21.3,13.1,0.8,57,15.5
2025-03-12,Khartoum,27.7,35.0,19.8,0.0,14,8.8
2025-03-12,London,4.4,7.4,2.1,4.0,79,7.2
2025-03-12,Munich,6.1,10.7,2.2,3.2,88,4.8
2025-03-12,Riyadh,20.4,25.8,15.7,0.0,46,9.0
2025-03-12,Salalah,26.6,32.9,21.5,0.0,44,4.3
2025-03-12,Zurich,5.8,8.2,4.3,5.2,95,3.4
2025-03-13,Amman,17.5,24.4,11.9,0.0,47,14.2
2025-03-13,Cairo,23.9,31.9,16.4,0.0,35,5.4
2025-03-13,Istanbul,17.2,21.5,13.3,0.0,53,11.5
2025-03-13,Khartoum,29.1,36.8,21.0,0.0,11,8.6
2025-03-13,London,3.7,7.1,1.5,0.7,82,10.5
2025-03-13,Munich,4.3,6.6,1.6,6.1,92,6.6
2025-03-13,Riyadh,21.2,26.5,17.2,0.1,42,6.1
2025-03-13,Salalah,27.0,33.4,22.2,0.0,45,5.0
2025-03-13,Zurich,5.4,9.4,3.0,3.8,85,6.7
2025-03-14,Amman,19.2,26.3,13.0,0.0,42,5.9
2025-03-14,Cairo,25.6,32.5,18.2,0.0,25,6.4
2025-03-14,Istanbul,18.8,24.0,14.9,0.0,44,12.6
2025-03-14,Khartoum,30.8,38.2,22.8,0.0,13,9.9
2025-03-14,London,3.6,7.9,0.0,0.4,82,6.3
2025-03-14,Munich,3.5,5.9,1.4,4.8,86,6.0
2025-03-14,Riyadh,22.3,28.1,16.9,0.0,32,6.8
2025-03-14,Salalah,27.9,32.2,23.5,0.0,47,4.2
2025-03-14,Zurich,4.0,7.2,1.3,0.5,77,7.0
2025-03-15,Amman,21.3,27.7,14.9,0.0,34,5.4
2025-03-15,Cairo,23.9,31.2,17.2,0.0,40,11.2
2025-03-15,Istanbul,18.7,25.3,13.5,0.0,51,11.0
2025-03-15,Khartoum,31.7,38.4,24.1,0.0,16,11.5
2025-03-15,London,4.0,7.7,0.9,0.2,70,12.4
2025-03-15,Munich,3.7,5.0,2.2,2.4,84,16.2
2025-03-15,Riyadh,22.7,28.3,17.4,0.0,23,6.7
2025-03-15,Salalah,28.7,34.5,24.1,0.0,37,7.0
2025-03-15,Zurich,4.5,6.5,3.2,1.7,81,13.7
2025-03-16,Amman,21.8,28.3,15.1,0.0,32,5.6
2025-03-16,Cairo,25.7,35.0,17.6,0.0,40,9.7
2025-03-16,Istanbul,20.4,25.3,17.0,0.0,42,14.8
2025-03-16,Khartoum,31.7,38.3,24.8,0.0,17,9.3
2025-03-16,London,3.9,8.0,-0.4,0.0,74,11.2
2025-03-16,Munich,3.0,4.7,1.7,0.4,85,10.3
2025-03-16,Riyadh,21.7,24.7,16.7,1.1,31,5.2
2025-03-16,Salalah,28.2,33.6,24.0,0.0,36,6.2
2025-03-16,Zurich,3.4,4.9,2.4,6.3,92,5.3
2025-03-17,Amman,22.0,28.6,16.1,0.0,24,4.7
2025-03-17,Cairo,27.8,35.6,19.4,0.0,27,6.3
2025-03-17,Istanbul,14.7,19.8,10.0,0.3,68,9.8
2025-03-17,Khartoum,31.7,38.6,23.6,0.0,15,8.5
2025-03-17,London,5.8,8.1,4.0,0.3,79,11.7
2025-03-17,Munich,2.3,4.9,-0.9,0.2,76,9.2
2025-03-17,Riyadh,23.6,29.0,17.6,0.0,31,6.0
2025-03-17,Salalah,27.1,31.3,23.5,0.0,49,5.3
2025-03-17,Zurich,4.3,8.0,1.9,0.0,77,10.9
2025-03-18,Amman,20.9,26.2,15.7,0.0,36,9.3
2025-03-18,Cairo,23.6,30.1,17.5,0.0,46,8.9
2025-03-18,Istanbul,6.9,10.0,2.9,21.5,83,20.3
2025-03-18,Khartoum,32.4,39.0,25.0,0.0,16,8.5
2025-03-18,London,5.7,10.1,2.4,0.0,69,11.6
2025-03-18,Munich,0.6,5.6,-3.1,0.0,58,14.2
2025-03-18,Riyadh,25.9,31.8,19.3,0.0,24,4.6
2025-03-18,Salalah,26.8,30.5,23.6,0.0,61,5.4
2025-03-18,Zurich,3.3,9.7,-2.0,0.0,73,7.4
2025-03-19,Amman,13.9,17.8,10.1,0.0,65,12.9
2025-03-19,Cairo,19.3,26.0,14.6,0.0,55,10.2
2025-03-19,Istanbul,5.0,6.6,3.8,0.9,54,20.8
2025-03-19,Khartoum,32.6,39.6,23.5,0.0,13,8.7
2025-03-19,London,8.5,16.5,1.9,0.0,72,5.7
2025-03-19,Munich,3.3,11.1,-2.8,0.0,72,4.5
2025-03-19,Riyadh,28.3,35.3,21.2,0.0,19,8.3
2025-03-19,Salalah,27.8,33.0,23.7,0.0,58,5.5
2025-03-19,Zurich,5.2,13.3,-1.1,0.0,72,1.8
2025-03-20,Amman,8.5,11.0,5.4,1.6,76,27.7
2025-03-20,Cairo,15.6,19.5,13.7,0.0,44,16.2
2025-03-20,Istanbul,6.4,8.9,4.0,2.8,74,12.6
2025-03-20,Khartoum,32.6,38.9,26.1,0.0,15,11.4
2025-03-20,London,12.4,19.2,5.7,0.0,70,6.2
2025-03-20,Munich,7.8,16.3,0.5,0.0,68,6.5
2025-03-20,Riyadh,29.0,33.7,25.5,0.4,21,10.8
2025-03-20,Salalah,27.2,31.3,23.4,0.0,64,6.1
2025-03-20,Zurich,7.6,16.8,0.6,0.0,71,1.8
2025-03-21,Amman,5.9,8.1,3.7,2.5,82,14.3
2025-03-21,Cairo,15.4,19.2,12.4,0.1,45,11.1
2025-03-21,Istanbul,7.6,10.9,5.1,0.0,65,9.3
2025-03-21,Khartoum,29.6,35.8,24.5,0.0,15,15.4
2025-03-21,London,13.1,17.1,9.5,0.8,69,11.5
2025-03-21,Munich,9.9,17.5,2.7,0.0,64,8.9
2025-03-21,Riyadh,24.3,28.1,21.2,4.0,53,5.8
2025-03-21,Salalah,27.2,32.5,22.7,0.0,54,6.2
2025-03-21,Zurich,9.3,17.7,2.7,0.0,66,3.9
2025-03-22,Amman,7.7,12.0,4.3,0.5,77,5.8
2025-03-22,Cairo,15.4,20.0,10.9,0.0,49,7.5
2025-03-22,Istanbul,8.1,11.6,4.7,0.0,62,4.8
2025-03-22,Khartoum,24.5,30.8,18.3,0.0,13,14.7
2025-03-22,London,12.9,15.5,11.0,1.4,82,7.7
2025-03-22,Munich,11.1,16.7,6.5,0.0,66,7.7
2025-03-22,Riyadh,22.7,28.3,19.4,6.6,65,5.3
2025-03-22,Salalah,25.8,29.6,21.0,0.0,68,7.5
2025-03-22,Zurich,12.0,17.8,7.0,0.0,58,6.5
2025-03-23,Amman,9.6,16.0,4.2,0.0,67,3.6
2025-03-23,Cairo,16.3,22.5,9.7,0.0,47,8.8
2025-03-23,Istanbul,10.8,16.1,6.2,1.0,61,6.2
2025-03-23,Khartoum,23.7,31.0,16.2,0.0,14,12.6
2025-03-23,London,10.8,14.7,8.2,2.8,88,8.1
2025-03-23,Munich,9.4,13.9,7.0,3.5,77,8.0
2025-03-23,Riyadh,17.7,20.3,15.3,0.0,54,11.0
2025-03-23,Salalah,26.3,29.8,22.3,0.0,67,7.5
2025-03-23,Zurich,9.1,13.1,6.4,3.6,80,4.7
2025-03-24,Amman,13.1,20.7,6.5,0.0,50,3.5
2025-03-24,Cairo,18.3,25.9,12.2,0.0,49,14.4
2025-03-24,Istanbul,14.3,16.9,10.5,1.1,61,15.6
2025-03-24,Khartoum,25.6,33.6,17.0,0.0,16,10.4
2025-03-24,London,9.3,12.7,7.1,0.0,76,8.5
2025-03-24,Munich,8.2,12.5,5.1,6.0,87,5.4
2025-03-24,Riyadh,17.2,21.8,12.7,0.0,29,10.8
2025-03-24,Salalah,26.8,30.2,23.2,0.0,69,6.7
2025-03-24,Zurich,8.9,14.0,4.9,1.4,83,4.1
2025-03-25,Amman,17.9,24.7,11.5,0.0,31,4.1
2025-03-25,Cairo,21.3,29.9,14.0,0.0,46,13.0
2025-03-25,Istanbul,16.2,19.1,13.8,0.0,53,12.6
2025-03-25,Khartoum,28.7,36.6,19.9,0.0,17,9.0
2025-03-25,London,10.1,14.5,4.9,0.2,82,7.5
2025-03-25,Munich,8.8,13.0,5.7,6.9,86,7.0
2025-03-25,Riyadh,18.2,23.6,12.7,0.0,22,9.0
2025-03-25,Salalah,29.3,33.5,26.1,0.0,26,25.0
2025-03-25,Zurich,8.4,13.7,5.0,5.5,88,2.2
2025-03-26,Amman,20.3,26.7,14.3,0.0,25,5.8
2025-03-26,Cairo,24.2,32.9,16.7,0.0,38,9.8
2025-03-26,Istanbul,15.4,20.2,12.3,0.0,63,6.8
2025-03-26,Khartoum,30.9,37.8,23.1,0.0,22,8.8
2025-03-26,London,12.0,15.6,9.3,0.3,75,4.8
2025-03-26,Munich,7.2,10.4,4.2,10.3,86,9.0
2025-03-26,Riyadh,19.9,25.0,14.1,0.0,17,7.1
2025-03-26,Salalah,28.1,33.3,23.6,0.0,8,19.3
2025-03-26,Zurich,8.1,11.2,4.6,7.0,85,4.2
2025-03-27,Amman,22.3,29.2,15.7,0.0,23,8.7
2025-03-27,Cairo,27.1,35.8,18.2,0.0,35,5.4
2025-03-27,Istanbul,16.2,23.4,11.9,0.0,50,10.6
2025-03-27,Khartoum,31.8,38.5,23.7,0.0,17,7.2
2025-03-27,London,10.1,14.9,5.8,0.0,81,9.3
2025-03-27,Munich,6.3,8.3,4.7,1.2,86,8.0
2025-03-27,Riyadh,22.3,28.2,15.4,0.0,18,3.5
2025-03-27,Salalah,26.7,32.6,21.5,0.0,18,12.2
2025-03-27,Zurich,7.8,10.2,6.0,0.1,79,13.0
2025-03-28,Amman,23.0,29.6,17.0,0.0,18,7.7
2025-03-28,Cairo,26.5,32.7,18.9,0.0,27,11.3
2025-03-28,Istanbul,13.2,19.3,10.8,1.8,72,14.7
2025-03-28,Khartoum,32.8,39.8,24.2,0.0,17,4.7
2025-03-28,London,10.1,14.2,7.4,0.8,72,13.3
2025-03-28,Munich,7.0,11.6,1.9,0.1,74,6.5
2025-03-28,Riyadh,24.8,30.6,18.1,0.0,16,5.8
2025-03-28,Salalah,26.1,30.9,21.9,0.0,32,6.5
2025-03-28,Zurich,6.2,10.1,2.2,0.0,83,4.0
2025-03-29,Amman,18.2,22.3,14.6,2.8,59,7.9
2025-03-29,Cairo,20.1,25.7,14.5,0.0,52,7.0
2025-03-29,Istanbul,13.5,17.4,9.9,1.2,76,5.6
2025-03-29,Khartoum,33.7,40.6,26.2,0.0,13,7.5
2025-03-29,London,8.6,13.6,3.7,0.0,63,11.3
2025-03-29,Munich,7.3,8.8,6.0,9.9,89,10.6
2025-03-29,Riyadh,26.4,32.4,20.1,0.0,12,6.8
2025-03-29,Salalah,24.7,28.9,20.5,0.0,62,7.5
2025-03-29,Zurich,7.6,10.4,6.1,9.6,89,4.8
2025-03-30,Amman,13.6,18.2,10.4,2.7,68,10.2
2025-03-30,Cairo,21.3,27.7,14.2,0.0,38,5.9
2025-03-30,Istanbul,13.7,18.2,9.8,0.2,74,5.6
2025-03-30,Khartoum,34.1,41.1,26.1,0.0,12,8.2
2025-03-30,London,12.2,15.9,9.6,0.0,65,14.6
2025-03-30,Munich,8.3,12.3,5.3,4.2,73,15.3
2025-03-30,Riyadh,27.3,33.0,22.0,0.0,12,10.5
2025-03-30,Salalah,25.1,29.1,20.7,0.0,63,7.6
2025-03-30,Zurich,8.5,13.6,3.4,1.2,75,7.8
2025-03-31,Amman,15.1,21.3,8.6,0.0,46,8.1
2025-03-31,Cairo,25.0,31.6,18.6,0.0,17,9.1
2025-03-31,Istanbul,13.1,18.6,9.5,0.6,78,8.1
2025-03-31,Khartoum,35.2,43.1,26.2,0.0,10,8.1
2025-03-31,London,10.6,16.3,5.9,0.0,62,6.5
2025-03-31,Munich,5.2,7.5,3.2,5.5,81,13.8
2025-03-31,Riyadh,29.1,35.5,23.3,0.0,13,10.4
2025-03-31,Salalah,25.5,29.8,21.1,0.0,61,7.3
2025-03-31,Zurich,7.0,10.6,4.2,0.8,73,7.9
2025-04-01,Amman,18.9,24.5,15.1,1.3,47,12.1
2025-04-01,Cairo,23.7,28.0,20.2,0.4,24,7.7
2025-04-01,Istanbul,12.2,17.6,9.3,6.2,84,12.6
2025-04-01,Khartoum,36.3,43.8,28.0,0.0,12,5.7
2025-04-01,London,9.2,13.7,5.4,0.0,68,14.1
2025-04-01,Munich,4.7,8.0,1.6,2.9,81,10.4
2025-04-01,Riyadh,30.4,36.3,24.1,0.0,15,9.2
2025-04-01,Salalah,26.0,30.8,21.1,0.0,56,5.0
2025-04-01,Zurich,6.1,9.7,3.0,0.0,68,19.8
2025-04-02,Amman,17.3,21.7,13.1,0.0,48,11.9
2025-04-02,Cairo,22.7,28.2,16.8,0.0,30,6.6
2025-04-02,Istanbul,10.7,13.5,9.1,0.3,89,13.8
2025-04-02,Khartoum,37.1,44.3,29.2,0.0,13,7.8
2025-04-02,London,11.1,15.9,7.3,0.0,60,16.0
2025-04-02,Munich,8.3,13.3,4.4,0.0,70,19.5
2025-04-02,Riyadh,32.5,38.5,26.0,0.0,13,7.3
2025-04-02,Salalah,27.0,31.4,23.0,0.0,48,4.5
2025-04-02,Zurich,8.7,15.8,2.5,0.0,71,10.7
2025-04-03,Amman,16.0,22.1,9.9,0.0,40,6.5
2025-04-03,Cairo,22.4,28.9,15.9,0.0,33,7.9
2025-04-03,Istanbul,11.6,14.8,9.6,3.2,82,8.1
2025-04-03,Khartoum,36.0,42.5,29.0,0.0,15,12.6
2025-04-03,London,13.2,18.6,8.8,0.0,61,13.2
2025-04-03,Munich,10.3,16.3,5.7,0.0,65,12.7
2025-04-03,Riyadh,33.1,38.4,27.9,0.0,13,9.0
2025-04-03,Salalah,27.2,31.8,22.2,0.0,49,5.0
2025-04-03,Zurich,10.0,18.0,3.6,0.0,73,4.2
2025-04-04,Amman,15.2,20.6,10.7,0.0,50,8.1
2025-04-04,Cairo,20.6,26.1,15.0,0.0,48,6.8
2025-04-04,Istanbul,11.5,15.7,8.6,0.1,76,7.1
2025-04-04,Khartoum,34.1,40.2,27.6,0.0,13,13.7
2025-04-04,London,14.8,21.4,10.1,0.0,56,12.2
2025-04-04,Munich,10.5,17.2,4.0,0.0,64,8.5
2025-04-04,Riyadh,32.1,37.5,25.9,0.0,12,12.2
2025-04-04,Salalah,26.6,31.3,21.9,0.0,68,5.9
2025-04-04,Zurich,11.0,19.2,3.6,0.0,76,3.8
2025-04-05,Amman,14.1,19.3,8.7,0.0,57,9.5
2025-04-05,Cairo,22.6,29.6,15.0,0.0,41,5.5
2025-04-05,Istanbul,10.5,14.0,8.5,0.0,87,7.4
2025-04-05,Khartoum,32.8,39.3,26.6,0.0,15,12.8
2025-04-05,London,11.3,17.8,6.5,0.0,55,15.2
2025-04-05,Munich,10.6,18.0,3.0,0.0,64,7.7
2025-04-05,Riyadh,32.8,38.1,27.3,0.0,11,8.6
2025-04-05,Salalah,26.4,30.4,23.2,0.0,72,5.7
2025-04-05,Zurich,11.6,19.0,4.7,0.0,66,2.2
2025-04-06,Amman,20.7,28.7,12.7,0.0,24,12.2
2025-04-06,Cairo,25.2,33.2,17.0,0.0,28,8.8
2025-04-06,Istanbul,11.7,17.4,7.9,8.0,77,17.9
2025-04-06,Khartoum,33.6,40.8,26.2,0.0,17,10.0
2025-04-06,London,9.8,15.2,6.3,0.0,54,13.6
2025-04-06,Munich,3.6,6.4,0.4,0.0,56,10.8
2025-04-06,Riyadh,30.1,34.9,25.9,0.0,21,12.6
2025-04-06,Salalah,26.4,30.4,22.4,0.0,65,5.2
2025-04-06,Zurich,7.5,10.4,3.4,0.0,59,14.2
2025-04-07,Amman,22.6,27.1,18.2,0.0,25,9.1
2025-04-07,Cairo,22.6,29.1,15.8,0.0,47,9.6
2025-04-07,Istanbul,6.8,9.2,5.0,8.3,84,17.8
2025-04-07,Khartoum,34.4,41.2,26.3,0.0,14,7.5
2025-04-07,London,9.3,15.0,4.2,0.0,55,10.0
2025-04-07,Munich,3.2,8.1,-1.9,0.0,56,9.2
2025-04-07,Riyadh,29.3,35.3,24.4,0.0,22,9.4
2025-04-07,Salalah,27.4,33.2,22.6,0.0,65,5.2
2025-04-07,Zurich,5.6,12.2,-0.4,0.0,60,7.7
2025-04-08,Amman,25.0,31.2,18.8,0.0,24,10.2
2025-04-08,Cairo,27.0,37.0,16.4,0.0,31,11.2
2025-04-08,Istanbul,6.7,9.0,4.9,0.0,62,14.6
2025-04-08,Khartoum,35.1,41.6,27.5,0.0,9,7.1
2025-04-08,London,9.9,16.0,4.1,0.0,56,8.1
2025-04-08,Munich,5.8,11.6,0.2,0.0,61,7.4
2025-04-08,Riyadh,29.7,35.4,23.3,0.0,22,6.5
2025-04-08,Salalah,28.0,32.9,23.8,0.0,58,5.8
2025-04-08,Zurich,6.8,13.9,0.3,0.0,66,5.2
2025-04-09,Amman,22.0,25.9,12.9,0.0,34,13.8
2025-04-09,Cairo,21.5,26.5,17.0,0.0,54,10.3
2025-04-09,Istanbul,7.2,9.7,5.5,0.0,56,10.6
2025-04-09,Khartoum,36.0,43.0,27.5,0.0,7,8.4
2025-04-09,London,9.0,13.5,3.9,0.0,61,10.2
2025-04-09,Munich,6.2,10.8,1.0,0.0,66,5.6
2025-04-09,Riyadh,32.2,38.4,25.5,0.0,19,6.4
2025-04-09,Salalah,28.6,34.1,23.9,0.0,53,6.1
2025-04-09,Zurich,8.4,15.1,2.2,0.0,69,4.0
2025-04-10,Amman,12.2,16.6,8.8,0.0,64,17.5
2025-04-10,Cairo,18.4,23.8,14.4,0.2,49,10.6
2025-04-10,Istanbul,9.2,11.9,6.2,2.7,64,15.0
2025-04-10,Khartoum,36.2,43.1,29.1,0.0,9,12.8
2025-04-10,London,10.6,16.0,5.4,0.0,61,5.3
2025-04-10,Munich,8.1,13.7,3.3,0.0,65,8.6
2025-04-10,Riyadh,34.2,39.4,28.1,0.0,13,10.8
2025-04-10,Salalah,28.4,32.9,24.2,0.0,56,6.3
2025-04-10,Zurich,9.5,16.4,2.8,0.0,65,2.3
2025-04-11,Amman,10.4,14.3,7.4,0.5,64,14.2
2025-04-11,Cairo,17.0,21.4,12.6,0.0,47,9.3
2025-04-11,Istanbul,6.1,8.6,2.9,4.9,54,15.4
2025-04-11,Khartoum,31.7,37.6,26.2,0.0,14,16.7
2025-04-11,London,14.3,22.6,6.4,0.0,56,5.2
2025-04-11,Munich,9.9,16.7,3.9,0.0,68,8.6
2025-04-11,Riyadh,31.8,36.6,26.3,0.0,18,7.9
2025-04-11,Salalah,27.6,31.5,24.2,0.0,65,7.3
2025-04-11,Zurich,10.4,18.3,3.3,0.0,68,1.7
2025-04-12,Amman,10.7,14.7,7.4,0.9,73,14.6
2025-04-12,Cairo,18.2,23.7,12.4,0.0,49,5.9
2025-04-12,Istanbul,8.1,9.5,5.6,4.6,66,12.7
2025-04-12,Khartoum,28.6,35.0,22.0,0.0,11,13.8
2025-04-12,London,15.3,22.2,8.0,0.0,50,8.7
2025-04-12,Munich,11.7,18.8,4.0,0.0,68,8.0
2025-04-12,Riyadh,30.7,35.9,26.4,0.0,18,8.4
2025-04-12,Salalah,27.5,31.7,24.2,0.2,77,9.8
2025-04-12,Zurich,11.5,19.8,4.1,0.0,74,2.9
2025-04-13,Amman,11.3,16.7,7.3,0.2,62,8.1
2025-04-13,Cairo,18.3,22.6,13.8,0.0,46,9.9
2025-04-13,Istanbul,7.9,11.3,3.6,0.0,68,5.8
2025-04-13,Khartoum,27.9,34.2,21.1,0.0,12,10.0
2025-04-13,London,13.7,16.5,11.0,0.3,57,11.5
2025-04-13,Munich,13.3,18.5,9.0,0.0,70,7.1
2025-04-13,Riyadh,26.8,31.8,20.8,0.0,25,9.7
2025-04-13,Salalah,28.0,31.6,24.6,0.0,73,10.0
2025-04-13,Zurich,12.6,17.2,8.8,0.2,77,6.3
2025-04-14,Amman,10.8,14.6,7.0,0.6,66,13.1
2025-04-14,Cairo,19.0,25.4,13.2,0.0,47,8.0
2025-04-14,Istanbul,9.9,14.0,6.6,0.0,61,9.2
2025-04-14,Khartoum,28.5,35.1,20.8,0.0,13,10.4
2025-04-14,London,11.3,15.1,6.4,0.1,65,10.5
2025-04-14,Munich,13.6,18.9,8.9,0.1,77,7.0
2025-04-14,Riyadh,29.3,35.5,22.9,0.0,18,9.4
2025-04-14,Salalah,28.2,31.6,25.2,0.0,73,9.7
2025-04-14,Zurich,13.7,18.9,9.4,3.4,79,5.3
2025-04-15,Amman,11.7,16.7,8.3,0.1,63,16.1
2025-04-15,Cairo,19.5,25.7,13.7,0.0,49,5.3
2025-04-15,Istanbul,11.5,18.5,6.2,0.0,64,10.8
2025-04-15,Khartoum,29.6,36.7,21.3,0.0,13,9.9
2025-04-15,London,12.7,17.5,9.9,9.8,77,8.4
2025-04-15,Munich,15.2,20.7,10.7,0.0,71,5.7
2025-04-15,Riyadh,25.5,30.6,19.8,0.0,16,9.4
2025-04-15,Salalah,28.1,31.8,25.2,0.0,76,9.2
2025-04-15,Zurich,12.5,18.1,7.7,1.4,84,2.5
2025-04-16,Amman,14.2,21.3,6.5,0.0,41,5.5
2025-04-16,Cairo,20.1,26.9,13.9,0.0,44,13.2
2025-04-16,Istanbul,14.2,21.1,8.8,0.0,49,8.6
2025-04-16,Khartoum,31.2,38.7,23.3,0.0,11,9.4
2025-04-16,London,11.1,14.9,8.5,0.2,58,19.6
2025-04-16,Munich,15.9,24.0,8.8,0.0,64,10.0
2025-04-16,Riyadh,25.4,30.7,20.1,0.0,18,8.2
2025-04-16,Salalah,28.0,31.8,25.0,0.0,75,8.4
2025-04-16,Zurich,10.9,15.8,8.1,1.9,84,7.7
2025-04-17,Amman,18.1,24.0,12.0,0.0,28,8.2
2025-04-17,Cairo,21.5,30.0,14.3,0.0,48,13.4
2025-04-17,Istanbul,13.7,19.6,9.8,0.0,65,14.3
2025-04-17,Khartoum,32.6,39.9,24.6,0.0,8,10.5
2025-04-17,London,11.7,17.4,5.8,0.0,58,6.0
2025-04-17,Munich,11.6,17.0,7.6,0.0,81,9.4
2025-04-17,Riyadh,24.2,29.9,18.5,0.0,21,8.0
2025-04-17,Salalah,27.5,31.3,24.1,0.0,76,8.0
2025-04-17,Zurich,7.5,9.3,5.7,12.9,90,9.7
2025-04-18,Amman,21.1,27.5,14.4,0.0,21,9.2
2025-04-18,Cairo,22.7,31.5,14.8,0.0,46,11.7
2025-04-18,Istanbul,12.6,20.0,8.3,0.5,75,11.2
2025-04-18,Khartoum,32.9,40.1,24.8,0.0,7,9.3
2025-04-18,London,13.0,16.9,9.1,0.1,58,12.3
2025-04-18,Munich,8.9,10.9,7.1,0.8,75,11.7
2025-04-18,Riyadh,25.3,30.5,19.9,0.0,23,6.7
2025-04-18,Salalah,27.4,31.6,23.7,0.0,70,7.4
2025-04-18,Zurich,7.6,10.8,5.5,1.9,80,5.6
2025-04-19,Amman,22.9,29.7,16.6,0.0,20,6.3
2025-04-19,Cairo,23.9,32.7,15.7,0.0,39,9.7
2025-04-19,Istanbul,12.1,18.4,8.6,0.0,76,8.3
2025-04-19,Khartoum,33.3,40.3,25.5,0.0,8,9.8
2025-04-19,London,12.6,16.0,8.1,0.2,57,15.6
2025-04-19,Munich,11.5,19.2,3.8,0.0,71,4.7
2025-04-19,Riyadh,26.9,31.9,22.1,0.0,20,6.8
2025-04-19,Salalah,27.5,32.6,23.2,0.0,65,6.7
2025-04-19,Zurich,10.0,19.1,1.6,0.0,76,4.9
2025-04-20,Amman,22.3,29.6,15.4,0.0,23,6.6
2025-04-20,Cairo,25.0,33.3,16.9,0.0,30,8.1
2025-04-20,Istanbul,12.9,17.5,8.8,0.0,71,5.6
2025-04-20,Khartoum,33.6,40.0,25.9,0.0,9,10.4
2025-04-20,London,10.1,15.3,5.4,0.0,67,11.5
2025-04-20,Munich,14.0,23.6,6.9,0.0,63,8.3
2025-04-20,Riyadh,28.0,32.6,24.1,0.0,24,8.4
2025-04-20,Salalah,28.2,33.1,24.2,0.0,59,5.5
2025-04-20,Zurich,10.0,13.5,6.5,2.6,76,7.8
2025-04-21,Amman,20.7,26.4,13.6,0.0,26,7.9
2025-04-21,Cairo,28.0,36.5,18.8,0.0,34,6.0
2025-04-21,Istanbul,14.9,22.7,9.1,0.0,66,6.3
2025-04-21,Khartoum,35.7,42.8,26.7,0.0,10,8.1
2025-04-21,London,12.2,16.1,9.7,3.7,73,5.6
2025-04-21,Munich,12.1,17.1,7.6,0.0,65,6.5
2025-04-21,Riyadh,30.3,35.8,24.5,0.0,22,9.2
2025-04-21,Salalah,30.4,37.2,25.1,0.0,36,5.5
2025-04-21,Zurich,9.7,15.2,5.0,0.3,79,5.8
2025-04-22,Amman,25.6,32.2,19.4,0.0,16,12.1
2025-04-22,Cairo,34.2,41.3,27.4,0.0,12,11.2
2025-04-22,Istanbul,14.4,19.4,10.9,0.0,68,14.3
2025-04-22,Khartoum,37.1,43.1,30.8,0.0,19,9.9
2025-04-22,London,11.9,17.4,6.9,0.0,64,10.1
2025-04-22,Munich,13.3,17.2,9.8,0.0,57,7.0
2025-04-22,Riyadh,33.1,38.7,26.7,0.0,14,10.3
2025-04-22,Salalah,30.7,36.4,26.1,0.0,39,4.4
2025-04-22,Zurich,11.5,17.2,5.6,0.0,73,2.2
2025-04-23,Amman,27.0,33.7,21.5,0.0,18,12.1
2025-04-23,Cairo,30.7,36.3,23.6,0.0,22,11.4
2025-04-23,Istanbul,12.9,17.5,10.4,0.0,79,16.0
2025-04-23,Khartoum,37.5,43.7,30.0,0.0,17,9.2
2025-04-23,London,10.1,11.9,8.4,9.5,77,13.9
2025-04-23,Munich,13.8,19.7,8.0,7.9,66,6.3
2025-04-23,Riyadh,32.7,37.9,26.3,0.0,9,8.2
2025-04-23,Salalah,30.1,34.5,26.3,0.0,49,4.4
2025-04-23,Zurich,10.8,17.8,6.0,13.2,81,4.8
2025-04-24,Amman,24.0,30.2,18.5,0.3,31,11.2
2025-04-24,Cairo,23.5,29.5,19.8,0.0,48,8.5
2025-04-24,Istanbul,12.3,16.3,10.3,0.0,80,14.7
2025-04-24,Khartoum,37.1,43.0,30.4,0.0,21,8.7
2025-04-24,London,11.0,14.7,7.4,0.0,73,8.3
2025-04-24,Munich,10.3,12.8,8.1,7.2,78,13.6
2025-04-24,Riyadh,33.5,39.0,26.3,0.0,10,6.1
2025-04-24,Salalah,29.7,34.0,26.1,0.0,53,4.9
2025-04-24,Zurich,9.6,13.0,7.7,2.9,80,7.9
2025-04-25,Amman,18.9,24.4,13.7,0.0,48,9.9
2025-04-25,Cairo,22.8,28.3,16.5,0.0,46,7.0
2025-04-25,Istanbul,13.3,16.2,11.1,0.0,73,6.6
2025-04-25,Khartoum,36.6,42.6,30.3,0.0,23,8.2
2025-04-25,London,10.6,15.3,6.0,0.0,75,7.0
2025-04-25,Munich,9.8,13.2,6.9,3.0,81,8.7
2025-04-25,Riyadh,34.3,39.7,28.3,0.0,9,5.4
2025-04-25,Salalah,28.6,33.3,24.9,0.0,66,5.5
2025-04-25,Zurich,9.5,12.9,7.7,17.4,88,5.4
2025-04-26,Amman,16.7,22.2,11.7,0.0,54,8.8
2025-04-26,Cairo,23.2,28.7,17.7,0.0,43,7.7
2025-04-26,Istanbul,15.6,21.0,11.8,0.1,73,8.9
2025-04-26,Khartoum,35.7,41.6,29.3,0.0,18,9.3
2025-04-26,London,12.4,17.1,8.1,0.0,73,8.2
2025-04-26,Munich,10.3,13.9,7.5,2.6,78,12.1
2025-04-26,Riyadh,35.0,39.8,29.0,0.0,9,6.1
2025-04-26,Salalah,28.2,32.7,25.0,0.0,73,6.2
2025-04-26,Zurich,11.1,15.7,6.9,0.2,78,9.4
2025-04-27,Amman,17.7,24.4,10.4,0.0,46,4.3
2025-04-27,Cairo,23.0,29.5,16.7,0.0,47,8.9
2025-04-27,Istanbul,13.2,15.6,10.8,0.0,74,19.6
2025-04-27,Khartoum,35.3,42.0,28.1,0.0,11,12.4
2025-04-27,London,14.8,20.7,8.0,0.0,62,3.7
2025-04-27,Munich,11.5,16.8,6.4,0.0,69,9.6
2025-04-27,Riyadh,35.5,40.5,29.9,0.0,8,6.9
2025-04-27,Salalah,27.9,32.3,24.5,0.0,76,7.6
2025-04-27,Zurich,11.8,17.3,6.5,0.0,78,3.8
2025-04-28,Amman,19.7,27.0,13.4,0.0,44,6.7
2025-04-28,Cairo,23.3,30.1,17.0,0.0,46,8.7
2025-04-28,Istanbul,11.5,14.0,9.8,0.0,59,25.3
2025-04-28,Khartoum,33.8,40.2,27.2,0.0,9,12.7
2025-04-28,London,17.2,24.0,10.2,0.0,52,5.2
2025-04-28,Munich,13.9,19.6,7.8,0.0,70,6.2
2025-04-28,Riyadh,35.3,40.5,29.6,0.0,8,7.0
2025-04-28,Salalah,28.1,32.3,24.5,0.0,76,6.5
2025-04-28,Zurich,13.7,20.6,7.5,0.0,76,4.2
2025-04-29,Amman,18.7,24.4,12.7,0.0,46,8.3
2025-04-29,Cairo,23.9,30.7,17.2,0.0,45,9.7
2025-04-29,Istanbul,10.6,13.0,8.4,0.0,60,25.7
2025-04-29,Khartoum,33.1,39.7,26.1,0.0,9,11.5
2025-04-29,London,16.9,23.0,10.6,0.0,47,9.0
2025-04-29,Munich,15.7,21.8,8.3,0.0,65,6.1
2025-04-29,Riyadh,34.9,39.7,29.6,0.0,9,7.6
2025-04-29,Salalah,28.2,32.7,24.4,0.0,74,7.3
2025-04-29,Zurich,15.1,22.3,8.7,0.0,74,3.9
2025-04-30,Amman,23.3,32.5,15.0,0.0,32,12.2
2025-04-30,Cairo,25.4,33.8,20.4,0.0,34,13.6
2025-04-30,Istanbul,11.3,14.3,9.4,0.0,65,21.2
2025-04-30,Khartoum,33.7,40.7,25.5,0.0,8,8.2
2025-04-30,London,17.8,25.9,9.7,0.0,54,7.2
2025-04-30,Munich,17.1,23.2,10.3,0.0,56,5.7
2025-04-30,Riyadh,33.5,38.3,27.3,0.0,14,8.9
2025-04-30,Salalah,28.6,32.7,24.4,0.0,73,8.5
2025-04-30,Zurich,15.5,23.1,8.1,0.0,69,2.6
2025-05-01,Amman,19.2,24.9,15.0,0.5,53,9.6
2025-05-01,Cairo,22.4,27.7,17.3,0.0,40,8.0
2025-05-01,Istanbul,11.0,12.8,9.6,12.8,78,19.8
2025-05-01,Khartoum,35.2,42.6,26.6,0.0,8,8.5
2025-05-01,London,20.7,28.5,11.8,0.0,47,7.0
2025-05-01,Munich,17.3,24.6,7.9,0.0,50,7.1
2025-05-01,Riyadh,33.5,38.4,27.8,0.0,15,7.5
2025-05-01,Salalah,28.6,32.7,25.1,0.1,76,7.7
2025-05-01,Zurich,16.3,24.5,8.0,0.0,66,2.1
2025-05-02,Amman,17.6,21.9,12.3,0.0,40,8.3
2025-05-02,Cairo,22.2,27.3,16.9,0.0,39,9.9
2025-05-02,Istanbul,12.6,17.1,9.4,0.0,74,11.9
2025-05-02,Khartoum,35.2,42.0,28.0,0.0,11,13.5
2025-05-02,London,19.7,25.4,14.8,1.5,55,6.7
2025-05-02,Munich,20.0,27.5,10.3,0.0,42,7.3
2025-05-02,Riyadh,35.1,40.0,29.3,0.0,14,10.0
2025-05-02,Salalah,28.1,32.1,24.1,0.1,73,6.7
2025-05-02,Zurich,17.3,25.5,9.0,0.0,67,3.0
2025-05-03,Amman,18.2,24.7,12.7,0.0,39,8.1
2025-05-03,Cairo,21.1,26.6,16.9,0.7,52,6.7
2025-05-03,Istanbul,13.2,18.6,8.9,0.0,66,7.4
2025-05-03,Khartoum,32.8,39.2,26.7,0.0,12,15.1
2025-05-03,London,14.7,21.3,10.9,0.0,60,10.2
2025-05-03,Munich,18.4,22.3,14.5,2.3,54,12.0
2025-05-03,Riyadh,36.2,40.7,30.8,0.0,10,8.8
2025-05-03,Salalah,28.1,31.8,23.8,0.0,73,7.5
2025-05-03,Zurich,16.6,21.3,12.9,9.7,78,7.1
2025-05-04,Amman,16.7,22.2,12.6,0.3,54,9.6
2025-05-04,Cairo,20.6,26.0,16.0,0.6,57,6.8
2025-05-04,Istanbul,15.5,22.1,10.0,0.0,51,5.2
2025-05-04,Khartoum,29.9,35.8,23.6,0.0,11,13.1
2025-05-04,London,10.3,13.3,7.6,0.0,59,13.7
2025-05-04,Munich,12.7,16.7,9.2,4.8,76,12.7
2025-05-04,Riyadh,35.6,40.6,30.8,0.0,14,7.7
2025-05-04,Salalah,29.3,32.8,25.8,0.0,73,9.8
2025-05-04,Zurich,13.4,18.9,9.5,22.2,87,9.2
2025-05-05,Amman,15.2,19.6,11.4,1.0,72,13.5
2025-05-05,Cairo,23.0,29.1,16.5,0.0,46,5.4
2025-05-05,Istanbul,19.4,25.1,13.4,0.0,45,6.9
2025-05-05,Khartoum,28.9,35.4,22.4,0.0,12,11.5
2025-05-05,London,9.4,13.4,5.1,0.9,62,16.2
2025-05-05,Munich,7.1,9.0,6.1,14.3,91,16.1
2025-05-05,Riyadh,34.2,38.5,30.3,0.0,16,7.3
2025-05-05,Salalah,29.6,32.8,26.7,0.0,74,11.6
2025-05-05,Zurich,7.6,9.2,6.3,23.1,92,13.9
2025-05-06,Amman,18.4,24.9,11.6,0.0,45,6.3
2025-05-06,Cairo,25.9,32.9,17.6,0.0,32,6.2
2025-05-06,Istanbul,20.9,26.8,17.0,0.0,51,8.4
2025-05-06,Khartoum,29.6,36.5,21.9,0.0,12,8.0
2025-05-06,London,10.1,13.9,6.3,0.1,63,11.8
2025-05-06,Munich,7.4,10.1,5.2,4.1,80,10.7
2025-05-06,Riyadh,30.0,33.9,25.9,0.0,14,11.4
2025-05-06,Salalah,29.8,33.2,27.0,0.0,71,8.6
2025-05-06,Zurich,8.2,10.4,6.4,2.9,82,14.1
2025-05-07,Amman,21.7,29.0,13.8,0.0,27,4.4
2025-05-07,Cairo,26.3,33.4,19.5,0.0,31,10.3
2025-05-07,Istanbul,22.1,26.7,17.5,0.0,50,8.9
2025-05-07,Khartoum,31.7,38.7,24.0,0.0,12,8.7
2025-05-07,London,11.2,16.6,6.0,0.0,63,11.8
2025-05-07,Munich,9.2,12.7,5.4,1.9,72,8.5
2025-05-07,Riyadh,29.5,34.9,23.9,0.0,14,9.9
2025-05-07,Salalah,29.6,33.7,26.5,0.0,74,7.2
2025-05-07,Zurich,9.1,11.7,6.5,7.4,82,8.5
2025-05-08,Amman,25.1,32.2,17.8,0.0,22,7.1
2025-05-08,Cairo,26.6,34.6,19.5,0.0,32,12.8
2025-05-08,Istanbul,20.0,25.3,15.5,0.0,61,10.1
2025-05-08,Khartoum,33.5,40.6,25.6,0.0,9,9.3
2025-05-08,London,11.9,15.8,8.6,0.0,61,11.0
2025-05-08,Munich,8.9,11.7,6.9,0.3,74,9.4
2025-05-08,Riyadh,30.1,35.3,24.6,0.0,14,7.2
2025-05-08,Salalah,32.2,39.8,25.8,0.0,47,5.6
2025-05-08,Zurich,10.7,14.4,7.7,0.0,74,8.0
2025-05-09,Amman,26.7,34.2,21.0,0.0,20,7.3
2025-05-09,Cairo,28.6,37.1,20.2,0.0,30,12.4
2025-05-09,Istanbul,19.4,23.5,15.9,0.5,64,11.0
2025-05-09,Khartoum,35.2,42.1,27.4,0.0,7,9.6
2025-05-09,London,12.8,18.1,6.2,0.0,53,11.7
2025-05-09,Munich,8.8,12.7,5.0,0.0,68,11.9
2025-05-09,Riyadh,32.0,37.7,26.3,0.0,12,6.2
2025-05-09,Salalah,32.2,40.2,26.6,0.0,37,4.3
2025-05-09,Zurich,9.5,13.6,6.3,4.0,76,9.5
2025-05-10,Amman,27.4,34.4,21.2,0.0,20,6.9
2025-05-10,Cairo,30.8,37.8,23.1,0.0,24,10.2
2025-05-10,Istanbul,14.2,16.0,12.0,4.0,78,20.6
2025-05-10,Khartoum,37.0,43.5,29.8,0.0,10,9.6
2025-05-10,London,15.9,22.6,9.1,0.0,49,11.4
2025-05-10,Munich,10.4,16.4,4.0,0.0,59,9.3
2025-05-10,Riyadh,33.8,39.0,28.0,0.0,10,4.7
2025-05-10,Salalah,30.8,36.9,25.7,0.0,40,6.2
2025-05-10,Zurich,11.4,18.5,4.0,0.0,74,4.0
2025-05-11,Amman,26.6,33.0,20.9,0.0,22,9.1
2025-05-11,Cairo,33.4,40.5,24.7,0.0,16,8.8
2025-05-11,Istanbul,13.8,17.2,11.4,0.0,70,12.5
2025-05-11,Khartoum,37.8,44.4,30.5,0.0,10,9.7
2025-05-11,London,17.9,24.0,11.0,0.0,52,10.7
2025-05-11,Munich,12.9,19.6,4.8,0.0,53,10.0
2025-05-11,Riyadh,35.0,40.3,29.1,0.0,11,7.3
2025-05-11,Salalah,28.6,32.3,24.4,0.0,60,6.2
2025-05-11,Zurich,13.6,20.4,6.5,0.0,71,5.3
2025-05-12,Amman,24.6,29.8,16.8,0.2,34,14.3
2025-05-12,Cairo,27.0,32.8,20.7,0.0,40,9.2
2025-05-12,Istanbul,13.9,19.5,9.7,0.0,71,8.9
2025-05-12,Khartoum,37.8,44.2,31.4,0.0,13,5.5
2025-05-12,London,18.1,23.0,13.8,4.7,68,6.4
2025-05-12,Munich,13.4,18.7,7.9,0.0,52,9.8
2025-05-12,Riyadh,35.6,41.8,29.2,0.0,9,7.7
2025-05-12,Salalah,28.3,31.9,24.3,0.0,71,11.0
2025-05-12,Zurich,14.1,20.0,10.1,1.4,74,5.8
2025-05-13,Amman,20.2,25.6,14.2,0.0,44,11.6
2025-05-13,Cairo,28.9,36.4,24.2,0.2,27,11.5
2025-05-13,Istanbul,13.9,16.6,11.8,0.4,68,15.4
2025-05-13,Khartoum,36.7,41.5,31.1,0.0,22,5.1
2025-05-13,London,17.8,23.4,12.9,0.0,57,8.5
2025-05-13,Munich,13.2,18.1,6.6,0.0,44,8.4
2025-05-13,Riyadh,36.7,42.3,31.0,0.0,9,8.6
2025-05-13,Salalah,29.1,32.6,25.8,0.2,71,9.1
2025-05-13,Zurich,13.7,18.9,9.2,1.1,74,3.3
2025-05-14,Amman,19.2,23.1,15.2,0.2,49,13.3
2025-05-14,Cairo,25.0,30.9,19.2,0.0,47,9.0
2025-05-14,Istanbul,14.1,17.7,10.8,0.0,55,11.8
2025-05-14,Khartoum,36.5,42.5,29.5,0.0,24,6.3
2025-05-14,London,15.9,22.6,9.2,0.0,52,11.2
2025-05-14,Munich,15.2,21.7,6.1,0.0,40,6.0
2025-05-14,Riyadh,34.4,39.0,28.9,0.0,10,9.8
2025-05-14,Salalah,29.1,32.4,25.9,0.4,78,7.9
2025-05-14,Zurich,14.1,20.0,7.1,0.0,65,3.2
2025-05-15,Amman,18.2,24.0,12.3,0.0,55,10.1
2025-05-15,Cairo,25.1,31.4,18.8,0.0,41,5.8
2025-05-15,Istanbul,15.6,20.8,10.6,0.0,44,6.3
2025-05-15,Khartoum,36.3,43.2,28.0,0.0,21,7.7
2025-05-15,London,12.2,15.2,8.7,0.0,66,14.1
2025-05-15,Munich,14.1,18.1,10.8,0.1,41,14.2
2025-05-15,Riyadh,34.9,40.2,28.9,0.0,12,7.0
2025-05-15,Salalah,29.0,31.5,26.4,2.8,82,6.2
2025-05-15,Zurich,14.2,20.4,8.1,0.0,63,8.1
2025-05-16,Amman,22.3,30.6,12.9,0.0,35,5.3
2025-05-16,Cairo,30.0,39.0,20.5,0.0,31,8.2
2025-05-16,Istanbul,18.7,24.7,15.1,0.2,45,7.7
2025-05-16,Khartoum,37.1,43.4,30.4,0.0,10,12.2
2025-05-16,London,13.2,18.6,7.7,0.0,63,10.6
2025-05-16,Munich,10.9,15.1,5.2,0.1,43,8.8
2025-05-16,Riyadh,34.1,38.3,30.4,0.0,13,8.6
2025-05-16,Salalah,29.0,32.3,25.8,0.5,78,5.5
2025-05-16,Zurich,12.1,16.5,6.9,0.0,50,7.4
2025-05-17,Amman,29.6,37.9,21.4,0.0,14,7.6
2025-05-17,Cairo,34.0,43.6,26.6,0.0,20,8.0
2025-05-17,Istanbul,17.4,19.5,15.1,23.9,77,11.1
2025-05-17,Khartoum,37.3,44.5,29.7,0.0,9,7.8
2025-05-17,London,14.1,18.7,9.0,0.0,60,10.2
2025-05-17,Munich,12.4,16.7,7.7,0.9,52,12.1
2025-05-17,Riyadh,31.3,36.0,26.1,0.0,12,11.3
2025-05-17,Salalah,29.3,33.6,25.2,0.0,71,6.5
2025-05-17,Zurich,13.2,17.8,8.5,0.0,59,3.5
2025-05-18,Amman,29.0,35.1,23.1,0.0,22,9.2
2025-05-18,Cairo,27.4,36.5,21.5,0.0,46,13.7
2025-05-18,Istanbul,15.3,17.8,13.2,3.1,80,5.9
2025-05-18,Khartoum,37.4,44.3,30.0,0.0,12,7.2
2025-05-18,London,13.5,17.8,9.3,0.0,64,8.6
2025-05-18,Munich,13.3,18.3,7.9,0.6,56,14.0
2025-05-18,Riyadh,32.1,38.0,26.3,0.0,11,10.6
2025-05-18,Salalah,30.1,35.6,25.4,0.0,66,7.0
2025-05-18,Zurich,13.8,19.7,8.4,1.9,68,5.2
2025-05-19,Amman,23.8,29.5,18.8,0.0,29,9.9
2025-05-19,Cairo,25.0,32.7,19.0,0.0,46,13.3
2025-05-19,Istanbul,16.4,20.6,13.1,0.0,72,7.5
2025-05-19,Khartoum,37.6,44.4,30.6,0.0,13,6.6
2025-05-19,London,14.6,19.6,10.5,0.2,60,10.6
2025-05-19,Munich,15.4,21.1,8.3,0.0,45,6.1
2025-05-19,Riyadh,34.7,41.1,27.7,0.0,9,7.9
2025-05-19,Salalah,30.7,36.5,25.4,0.0,59,8.0
2025-05-19,Zurich,15.5,22.7,7.8,0.0,60,3.7
2025-05-20,Amman,22.6,29.8,16.3,0.0,28,8.0
2025-05-20,Cairo,23.7,31.6,17.3,0.0,43,12.5
2025-05-20,Istanbul,17.5,20.6,14.6,0.9,74,5.9
2025-05-20,Khartoum,37.0,44.5,28.3,0.0,15,5.5
2025-05-20,London,16.1,22.6,9.1,0.0,49,7.2
2025-05-20,Munich,16.2,21.3,9.9,1.2,47,6.8
2025-05-20,Riyadh,37.0,42.4,29.9,0.0,7,5.0
2025-05-20,Salalah,30.5,35.9,26.0,0.0,54,6.2
2025-05-20,Zurich,15.7,22.3,11.9,4.1,68,5.6
2025-05-21,Amman,23.1,31.0,14.8,0.0,28,6.6
2025-05-21,Cairo,24.9,32.9,17.6,0.0,45,9.3
2025-05-21,Istanbul,19.8,25.1,13.8,0.0,57,6.5
2025-05-21,Khartoum,36.9,43.7,28.8,0.0,15,5.6
2025-05-21,London,15.0,18.0,12.0,3.0,58,6.1
2025-05-21,Munich,16.5,21.7,13.3,0.9,56,8.9
2025-05-21,Riyadh,37.9,43.3,31.4,0.0,9,6.1
2025-05-21,Salalah,30.5,34.1,27.3,0.0,65,4.6
2025-05-21,Zurich,13.9,17.6,11.7,21.6,88,5.8
2025-05-22,Amman,25.6,34.9,18.7,0.0,32,8.7
2025-05-22,Cairo,25.6,33.9,17.8,0.0,45,9.5
2025-05-22,Istanbul,22.8,28.1,16.9,0.0,45,7.1
2025-05-22,Khartoum,36.9,44.5,28.5,0.0,14,5.6
2025-05-22,London,11.9,14.6,8.2,0.0,66,6.3
2025-05-22,Munich,12.1,14.5,10.3,4.1,75,10.2
2025-05-22,Riyadh,38.2,43.8,32.1,0.0,7,5.9
2025-05-22,Salalah,29.8,33.7,26.2,0.0,72,4.8
2025-05-22,Zurich,10.6,12.0,8.8,14.7,91,5.6
2025-05-23,Amman,22.9,27.7,17.7,0.0,37,16.7
2025-05-23,Cairo,27.8,36.6,19.1,0.0,36,9.1
2025-05-23,Istanbul,23.9,29.1,18.3,0.0,45,6.9
2025-05-23,Khartoum,37.0,43.1,30.3,0.0,10,8.4
2025-05-23,London,12.8,18.4,6.8,0.1,60,9.0
2025-05-23,Munich,10.4,14.4,5.9,1.4,62,9.0
2025-05-23,Riyadh,38.5,44.1,32.2,0.0,6,7.4
2025-05-23,Salalah,29.5,33.6,26.1,0.0,73,6.0
2025-05-23,Zurich,10.5,14.8,6.8,7.2,77,6.8
2025-05-24,Amman,24.6,30.9,18.8,0.0,33,12.6
2025-05-24,Cairo,30.0,38.6,21.3,0.0,27,8.5
2025-05-24,Istanbul,23.0,29.2,19.5,0.0,56,9.6
2025-05-24,Khartoum,36.7,43.0,29.4,0.0,9,8.8
2025-05-24,London,16.5,21.3,12.4,6.0,76,16.0
2025-05-24,Munich,12.2,16.2,7.1,0.2,50,6.1
2025-05-24,Riyadh,38.2,43.7,32.6,0.0,7,6.7
2025-05-24,Salalah,29.4,33.5,26.2,0.0,76,7.3
2025-05-24,Zurich,11.7,16.2,7.4,0.4,63,5.3
2025-05-25,Amman,27.1,34.2,19.8,0.0,20,7.9
2025-05-25,Cairo,31.7,39.8,22.7,0.0,24,7.6
2025-05-25,Istanbul,19.4,23.8,16.5,1.5,72,13.7
2025-05-25,Khartoum,36.3,42.8,29.0,0.0,8,8.2
2025-05-25,London,16.6,19.6,13.5,1.0,62,19.2
2025-05-25,Munich,12.6,15.7,10.5,3.2,72,11.5
2025-05-25,Riyadh,37.0,42.7,30.7,0.0,7,7.4
2025-05-25,Salalah,30.0,33.2,27.3,0.9,75,9.5
2025-05-25,Zurich,13.6,18.7,10.0,2.2,78,7.2
2025-05-26,Amman,29.2,36.3,21.1,0.0,18,7.9
2025-05-26,Cairo,32.1,42.2,22.7,0.0,27,12.0
2025-05-26,Istanbul,17.3,20.4,15.4,24.1,85,9.9
2025-05-26,Khartoum,36.0,42.8,28.2,0.0,8,6.3
2025-05-26,London,14.6,18.0,11.2,0.0,62,17.8
2025-05-26,Munich,13.9,17.4,11.7,6.5,79,14.0
2025-05-26,Riyadh,36.2,41.2,30.6,0.0,9,6.5
2025-05-26,Salalah,29.6,33.0,26.8,0.1,78,8.1
2025-05-26,Zurich,13.2,16.1,11.2,15.5,83,7.4
2025-05-27,Amman,23.8,28.0,17.6,0.0,42,14.1
2025-05-27,Cairo,25.3,32.1,20.6,0.0,49,11.1
2025-05-27,Istanbul,17.0,19.8,13.8,0.6,72,8.8
2025-05-27,Khartoum,36.4,43.4,28.7,0.0,8,7.0
2025-05-27,London,15.4,16.9,13.4,6.6,80,19.7
2025-05-27,Munich,13.6,17.6,9.3,0.1,69,8.6
2025-05-27,Riyadh,36.7,42.1,30.6,0.0,8,5.3
2025-05-27,Salalah,29.9,33.3,26.8,0.0,75,8.3
2025-05-27,Zurich,13.9,17.9,10.6,0.4,76,4.7
2025-05-28,Amman,19.5,25.5,14.3,0.0,51,14.8
2025-05-28,Cairo,25.3,32.5,18.4,0.0,43,8.5
2025-05-28,Istanbul,18.5,21.9,15.1,0.4,78,6.7
2025-05-28,Khartoum,35.0,42.0,27.0,0.0,25,8.1
2025-05-28,London,17.0,20.2,13.9,1.1,66,15.7
2025-05-28,Munich,14.5,19.0,11.6,4.6,71,18.3
2025-05-28,Riyadh,38.2,44.0,31.7,0.0,7,7.5
2025-05-28,Salalah,29.9,34.4,26.5,0.0,70,7.0
2025-05-28,Zurich,13.8,17.6,10.8,8.9,83,9.9
2025-05-29,Amman,19.6,24.7,14.2,0.0,47,13.8
2025-05-29,Cairo,26.8,32.8,20.1,0.0,31,7.2
2025-05-29,Istanbul,19.3,23.8,15.6,3.9,71,6.3
2025-05-29,Khartoum,34.6,40.7,27.9,0.0,10,8.5
2025-05-29,London,18.1,24.1,13.7,2.1,71,15.6
2025-05-29,Munich,13.3,16.3,10.2,6.6,79,13.0
2025-05-29,Riyadh,38.0,43.8,32.0,0.0,7,7.4
2025-05-29,Salalah,29.6,33.9,25.8,0.0,69,6.2
2025-05-29,Zurich,14.9,20.0,10.6,1.3,78,5.6
2025-05-30,Amman,21.3,26.2,15.6,0.0,36,10.9
2025-05-30,Cairo,27.2,33.1,20.4,0.0,34,6.6
2025-05-30,Istanbul,18.7,23.1,15.2,0.3,75,13.0
2025-05-30,Khartoum,33.9,40.1,27.2,0.0,10,9.4
2025-05-30,London,19.0,24.9,14.9,0.2,68,13.1
2025-05-30,Munich,18.3,24.1,12.5,0.0,65,7.5
2025-05-30,Riyadh,35.7,41.3,29.4,0.0,10,9.0
2025-05-30,Salalah,30.2,33.5,27.6,0.0,66,6.2
2025-05-30,Zurich,17.9,25.0,10.1,0.0,73,2.4
2025-05-31,Amman,24.0,31.4,17.0,0.0,29,9.1
2025-05-31,Cairo,26.8,32.7,21.6,0.0,38,9.8
2025-05-31,Istanbul,18.2,20.9,16.2,1.8,74,16.8
2025-05-31,Khartoum,33.4,39.5,26.2,0.0,11,6.6
2025-05-31,London,20.9,27.5,16.5,0.0,59,9.8
2025-05-31,Munich,21.5,28.6,13.7,0.0,57,5.5
2025-05-31,Riyadh,34.6,39.8,28.9,0.0,10,7.4
2025-05-31,Salalah,29.5,33.8,26.8,0.0,74,7.2
2025-05-31,Zurich,19.8,27.9,11.2,0.4,75,2.3
2025-06-01,Amman,22.7,27.8,17.4,0.0,39,9.1
2025-06-01,Cairo,26.0,33.6,20.3,0.0,47,9.5
2025-06-01,Istanbul,19.5,23.7,15.6,1.3,67,11.2
2025-06-01,Khartoum,34.0,40.7,26.4,0.0,9,6.7
2025-06-01,London,17.5,21.5,14.1,0.0,54,14.9
2025-06-01,Munich,20.3,26.4,16.2,1.8,66,7.9
2025-06-01,Riyadh,36.2,41.9,29.6,0.0,9,4.9
2025-06-01,Salalah,29.0,34.9,25.7,0.0,75,8.0
2025-06-01,Zurich,20.5,26.2,16.4,5.1,77,6.2
2025-06-02,Amman,20.7,26.1,16.4,0.0,47,11.5
2025-06-02,Cairo,25.6,32.4,19.7,0.0,46,9.8
2025-06-02,Istanbul,20.3,25.3,15.7,0.3,64,5.8
2025-06-02,Khartoum,34.6,41.6,25.9,0.0,10,7.2
2025-06-02,London,16.7,21.8,12.4,0.4,50,10.9
2025-06-02,Munich,18.5,22.6,16.0,5.5,74,10.5
2025-06-02,Riyadh,37.1,42.6,30.4,0.0,8,5.4
2025-06-02,Salalah,28.2,32.2,24.3,0.0,76,6.8
2025-06-02,Zurich,16.9,20.2,14.4,14.3,88,6.6
2025-06-03,Amman,20.0,26.3,14.8,0.0,59,13.4
2025-06-03,Cairo,25.5,32.4,19.1,0.0,49,9.5
2025-06-03,Istanbul,22.5,28.1,16.4,0.0,51,6.2
2025-06-03,Khartoum,35.0,41.5,28.2,0.0,11,11.9
2025-06-03,London,14.4,17.4,11.8,3.7,74,18.7
2025-06-03,Munich,18.7,23.3,14.5,6.9,77,4.8
2025-06-03,Riyadh,34.6,39.3,29.6,0.0,10,9.9
2025-06-03,Salalah,29.2,33.0,25.8,0.4,78,7.9
2025-06-03,Zurich,17.5,22.2,13.4,0.5,84,3.8
2025-06-04,Amman,21.7,27.4,15.9,0.0,49,12.7
2025-06-04,Cairo,26.9,34.8,19.4,0.0,47,10.3
2025-06-04,Istanbul,24.6,30.0,19.4,0.0,46,6.1
2025-06-04,Khartoum,34.5,40.9,27.4,0.0,12,9.0
2025-06-04,London,14.5,18.1,10.5,0.1,65,13.4
2025-06-04,Munich,19.3,26.6,14.0,13.5,76,6.2
2025-06-04,Riyadh,33.8,38.5,28.9,0.0,13,6.1
2025-06-04,Salalah,28.6,32.5,25.6,0.0,75,8.5
2025-06-04,Zurich,17.4,22.1,14.6,10.2,86,5.3
2025-06-05,Amman,25.1,33.2,16.6,0.0,36,5.2
2025-06-05,Cairo,28.2,36.0,20.3,0.0,37,10.7
2025-06-05,Istanbul,25.3,29.8,21.5,0.0,39,14.2
2025-06-05,Khartoum,35.0,41.6,27.6,0.0,11,7.6
2025-06-05,London,14.0,16.7,12.5,9.2,82,14.9
2025-06-05,Munich,16.4,19.5,14.4,11.0,82,8.5
2025-06-05,Riyadh,34.5,39.8,29.5,0.0,13,5.4
2025-06-05,Salalah,28.6,34.9,23.9,0.0,74,9.5
2025-06-05,Zurich,16.6,19.9,13.3,3.6,83,7.0
2025-06-06,Amman,27.3,34.0,19.7,0.0,25,7.5
2025-06-06,Cairo,28.9,37.7,20.4,0.0,38,9.9
2025-06-06,Istanbul,22.8,27.4,19.2,0.0,65,16.4
2025-06-06,Khartoum,34.2,40.2,26.7,0.0,15,6.4
2025-06-06,London,14.9,18.9,10.9,0.9,67,14.5
2025-06-06,Munich,18.6,24.6,13.7,0.0,69,11.4
2025-06-06,Riyadh,33.6,38.8,28.3,0.0,13,6.9
2025-06-06,Salalah,29.3,33.7,25.7,0.0,73,7.4
2025-06-06,Zurich,17.9,22.6,14.0,4.6,79,8.6
2025-06-07,Amman,26.7,33.7,19.5,0.0,26,7.3
2025-06-07,Cairo,29.4,37.8,21.3,0.0,40,9.4
2025-06-07,Istanbul,21.7,26.0,18.5,0.0,69,15.0
2025-06-07,Khartoum,36.0,42.5,28.1,0.0,11,8.3
2025-06-07,London,13.4,17.6,11.2,13.5,82,11.5
2025-06-07,Munich,16.5,20.1,14.2,10.3,82,10.1
2025-06-07,Riyadh,34.7,39.8,28.8,0.0,11,6.0
2025-06-07,Salalah,28.5,32.6,25.5,0.0,77,6.2
2025-06-07,Zurich,16.4,20.8,14.2,19.6,89,6.1
2025-06-08,Amman,26.5,32.5,20.7,0.0,27,9.8
2025-06-08,Cairo,29.2,37.6,21.5,0.0,45,9.5
2025-06-08,Istanbul,21.8,26.2,18.2,0.0,71,11.2
2025-06-08,Khartoum,37.3,43.6,30.2,0.0,10,10.1
2025-06-08,London,13.4,17.1,9.2,0.0,64,14.1
2025-06-08,Munich,14.6,18.0,11.8,2.7,75,15.2
2025-06-08,Riyadh,35.7,40.8,29.8,0.0,8,6.2
2025-06-08,Salalah,28.4,32.0,25.0,0.0,76,8.8
2025-06-08,Zurich,15.3,18.4,12.4,7.0,76,13.0
2025-06-09,Amman,26.2,32.0,20.4,0.0,36,11.4
2025-06-09,Cairo,29.5,37.9,21.2,0.0,44,6.9
2025-06-09,Istanbul,22.0,27.2,18.3,0.0,66,11.0
2025-06-09,Khartoum,37.7,44.8,29.7,0.0,10,8.5
2025-06-09,London,15.3,19.8,10.9,0.0,68,11.3
2025-06-09,Munich,14.3,19.0,9.0,0.0,64,7.2
2025-06-09,Riyadh,36.0,42.4,29.0,0.0,9,11.1
2025-06-09,Salalah,29.0,32.3,26.7,0.0,75,7.3
2025-06-09,Zurich,15.9,21.3,10.6,0.0,66,3.9
2025-06-10,Amman,28.4,37.2,21.1,0.0,34,8.9
2025-06-10,Cairo,30.4,38.9,22.2,0.0,42,7.6
2025-06-10,Istanbul,22.6,27.0,19.5,0.0,74,17.9
2025-06-10,Khartoum,37.4,43.9,30.2,0.0,11,11.7
2025-06-10,London,17.6,22.0,13.1,0.2,67,12.7
2025-06-10,Munich,17.3,23.9,9.4,0.0,64,8.6
2025-06-10,Riyadh,37.9,44.3,31.9,0.0,8,9.7
2025-06-10,Salalah,29.1,32.5,26.3,0.0,75,6.9
2025-06-10,Zurich,17.7,24.3,10.1,0.0,72,4.0
2025-06-11,Amman,27.6,33.6,21.7,0.0,37,9.6
2025-06-11,Cairo,30.6,38.6,22.3,0.0,39,6.8
2025-06-11,Istanbul,23.2,27.2,20.0,0.0,70,17.4
2025-06-11,Khartoum,36.9,42.9,29.9,0.0,10,10.0
2025-06-11,London,17.5,23.2,12.8,0.2,69,11.5
2025-06-11,Munich,17.5,22.6,13.0,0.0,65,8.4
2025-06-11,Riyadh,38.3,44.0,31.0,0.0,6,5.4
2025-06-11,Salalah,28.9,32.4,26.0,0.0,75,6.6
2025-06-11,Zurich,19.1,25.0,12.6,0.0,69,5.0
2025-06-12,Amman,28.2,34.4,22.1,0.0,23,8.6
2025-06-12,Cairo,31.1,38.5,23.7,0.0,37,6.8
2025-06-12,Istanbul,23.5,28.2,20.1,0.0,71,13.8
2025-06-12,Khartoum,37.5,44.1,30.1,0.0,10,10.1
2025-06-12,London,19.6,25.0,14.2,0.8,66,12.0
2025-06-12,Munich,18.7,24.9,12.0,0.0,59,9.9
2025-06-12,Riyadh,38.7,43.9,31.4,0.0,7,5.4
2025-06-12,Salalah,29.2,32.4,26.0,0.0,72,5.3
2025-06-12,Zurich,21.0,28.7,13.4,0.0,69,3.1
2025-06-13,Amman,28.4,35.3,20.6,0.0,24,7.3
2025-06-13,Cairo,30.8,39.6,22.5,0.0,43,10.3
2025-06-13,Istanbul,22.4,26.0,19.8,0.0,67,16.9
2025-06-13,Khartoum,38.6,45.4,31.0,0.0,10,10.6
2025-06-13,London,22.8,28.6,16.6,0.6,58,8.9
2025-06-13,Munich,21.5,28.6,13.6,0.0,50,10.0
2025-06-13,Riyadh,39.1,45.1,31.9,0.0,7,6.2
2025-06-13,Salalah,29.3,32.4,26.3,0.0,74,5.7
2025-06-13,Zurich,23.9,31.3,16.0,0.0,69,3.2
2025-06-14,Amman,28.9,35.9,22.5,0.0,24,9.1
2025-06-14,Cairo,30.4,39.1,22.9,0.0,38,9.8
2025-06-14,Istanbul,21.6,25.1,19.2,0.0,60,14.5
2025-06-14,Khartoum,36.9,43.2,28.8,0.0,16,6.0
2025-06-14,London,20.2,23.5,16.3,4.6,63,13.7
2025-06-14,Munich,23.5,32.1,14.7,0.0,45,5.7
2025-06-14,Riyadh,38.9,44.2,32.3,0.0,8,7.2
2025-06-14,Salalah,29.4,32.9,26.2,0.0,74,6.5
2025-06-14,Zurich,23.7,29.5,18.2,4.9,73,3.2
2025-06-15,Amman,26.4,31.4,22.0,0.0,28,11.6
2025-06-15,Cairo,28.7,36.6,21.8,0.0,40,9.5
2025-06-15,Istanbul,21.2,24.8,17.5,0.0,56,9.5
2025-06-15,Khartoum,36.6,42.3,30.3,0.0,21,11.6
2025-06-15,London,18.3,23.5,13.2,0.2,62,11.9
2025-06-15,Munich,24.0,31.0,18.4,7.7,56,7.6
2025-06-15,Riyadh,38.8,44.3,32.4,0.0,7,8.7
2025-06-15,Salalah,29.9,33.4,27.2,0.3,77,8.9
2025-06-15,Zurich,21.4,27.9,17.4,15.9,79,5.6
2025-06-16,Amman,25.3,32.0,19.0,0.0,38,8.7
2025-06-16,Cairo,27.6,35.3,20.8,0.0,48,9.5
2025-06-16,Istanbul,22.5,27.1,16.8,0.0,48,5.7
2025-06-16,Khartoum,36.2,42.2,29.2,0.0,15,6.5
2025-06-16,London,20.8,27.3,14.7,0.0,56,6.9
2025-06-16,Munich,17.3,20.6,13.9,2.8,72,10.0
2025-06-16,Riyadh,39.3,45.5,32.5,0.0,6,8.1
2025-06-16,Salalah,30.2,33.5,27.8,0.8,79,9.5
2025-06-16,Zurich,17.9,21.8,14.1,0.9,75,8.5
2025-06-17,Amman,25.8,32.3,19.3,0.0,34,7.3
2025-06-17,Cairo,28.2,35.7,21.0,0.0,50,8.2
2025-06-17,Istanbul,24.9,29.3,19.2,0.0,40,5.7
2025-06-17,Khartoum,35.2,41.5,28.6,0.0,21,8.0
2025-06-17,London,21.4,26.8,15.4,0.0,54,9.1
2025-06-17,Munich,18.5,23.0,13.5,0.0,62,7.9
2025-06-17,Riyadh,39.0,45.1,32.6,0.0,7,9.1
2025-06-17,Salalah,29.7,32.5,27.1,0.5,79,11.0
2025-06-17,Zurich,19.1,24.7,13.4,0.0,65,9.9
2025-06-18,Amman,26.7,34.6,18.2,0.0,33,7.0
2025-06-18,Cairo,29.3,36.8,22.1,0.0,44,9.9
2025-06-18,Istanbul,24.4,29.7,19.7,0.0,59,12.9
2025-06-18,Khartoum,34.6,40.4,27.7,0.0,22,6.1
2025-06-18,London,22.8,28.8,15.9,0.0,50,6.1
2025-06-18,Munich,20.7,26.8,13.4,0.0,53,5.2
2025-06-18,Riyadh,37.5,42.5,32.1,0.0,9,6.9
2025-06-18,Salalah,29.6,33.2,27.2,0.0,74,6.6
2025-06-18,Zurich,20.4,27.1,12.8,0.0,66,2.5
2025-06-19,Amman,27.0,34.0,20.2,0.0,28,7.4
2025-06-19,Cairo,29.8,36.9,22.4,0.0,37,8.3
2025-06-19,Istanbul,24.4,28.8,20.5,0.0,59,11.9
2025-06-19,Khartoum,34.4,40.5,26.2,0.0,22,4.7
2025-06-19,London,25.3,32.0,18.9,0.0,45,5.7
2025-06-19,Munich,22.8,28.0,16.0,0.0,48,7.6
2025-06-19,Riyadh,36.1,41.1,30.4,0.0,9,8.9
2025-06-19,Salalah,29.5,33.7,26.0,0.0,72,6.3
2025-06-19,Zurich,22.8,29.4,15.4,0.0,63,5.9
2025-06-20,Amman,26.4,32.9,20.1,0.0,27,9.8
2025-06-20,Cairo,29.7,37.7,21.8,0.0,41,8.3
2025-06-20,Istanbul,23.7,29.9,19.7,0.1,61,10.8
2025-06-20,Khartoum,34.3,40.5,27.1,0.0,24,7.0
2025-06-20,London,23.4,28.8,17.5,0.0,54,9.4
2025-06-20,Munich,21.0,25.4,15.6,0.0,50,9.5
2025-06-20,Riyadh,35.7,40.9,29.9,0.0,8,11.6
2025-06-20,Salalah,29.2,33.1,25.3,0.0,70,6.6
2025-06-20,Zurich,23.3,29.2,17.2,0.0,53,8.8
2025-06-21,Amman,26.7,32.8,20.3,0.0,29,8.8
2025-06-21,Cairo,30.2,38.2,22.6,0.0,41,9.4
2025-06-21,Istanbul,22.8,25.6,21.0,0.0,57,19.3
2025-06-21,Khartoum,34.6,41.0,26.9,0.0,13,5.2
2025-06-21,London,25.5,31.5,18.4,0.0,44,9.4
2025-06-21,Munich,21.8,27.3,15.0,0.0,36,10.4
2025-06-21,Riyadh,35.7,41.0,29.9,0.0,7,9.6
2025-06-21,Salalah,28.1,32.4,24.3,0.0,78,6.8
2025-06-21,Zurich,22.6,29.1,15.5,0.0,57,4.9
2025-06-22,Amman,26.4,32.3,20.7,0.0,35,9.1
2025-06-22,Cairo,30.2,38.2,23.1,0.0,42,10.9
2025-06-22,Istanbul,22.0,24.6,19.5,0.0,49,15.5
2025-06-22,Khartoum,35.5,41.8,28.3,0.0,11,7.6
2025-06-22,London,22.1,26.8,17.6,0.0,55,17.1
2025-06-22,Munich,24.4,31.5,14.6,0.0,32,6.6
2025-06-22,Riyadh,36.0,41.1,29.8,0.0,7,8.7
2025-06-22,Salalah,28.1,32.0,24.9,0.0,77,8.5
2025-06-22,Zurich,24.1,31.6,15.0,0.0,62,5.1
2025-06-23,Amman,25.1,31.8,18.9,0.0,49,8.3
2025-06-23,Cairo,29.0,36.4,22.3,0.0,39,8.9
2025-06-23,Istanbul,23.7,29.1,17.9,0.0,46,6.4
2025-06-23,Khartoum,35.0,41.4,27.8,0.0,11,6.8
2025-06-23,London,18.9,22.7,16.2,0.4,52,18.8
2025-06-23,Munich,23.5,28.0,19.4,6.5,56,14.6
2025-06-23,Riyadh,36.6,41.7,30.3,0.0,7,7.2
2025-06-23,Salalah,28.5,31.8,25.8,0.2,77,10.1
2025-06-23,Zurich,23.0,27.8,18.8,5.2,68,10.2
2025-06-24,Amman,25.6,32.8,19.0,0.0,52,7.4
2025-06-24,Cairo,29.1,36.9,21.1,0.0,46,8.5
2025-06-24,Istanbul,26.6,32.1,20.4,0.0,33,7.9
2025-06-24,Khartoum,35.6,41.5,28.7,0.0,12,8.8
2025-06-24,London,19.3,24.4,14.1,0.3,67,15.8
2025-06-24,Munich,22.6,28.1,16.4,0.0,51,14.0
2025-06-24,Riyadh,37.6,43.1,31.2,0.0,7,4.2
2025-06-24,Salalah,28.6,32.5,25.9,0.0,76,9.4
2025-06-24,Zurich,23.0,29.8,15.7,0.0,55,6.1
2025-06-25,Amman,26.3,33.0,20.7,0.0,38,8.7
2025-06-25,Cairo,30.0,37.4,22.4,0.0,39,8.5
2025-06-25,Istanbul,27.3,33.6,21.5,0.0,36,7.9
2025-06-25,Khartoum,34.8,41.1,27.1,0.0,20,7.1
2025-06-25,London,21.4,27.4,16.4,0.0,65,9.4
2025-06-25,Munich,25.8,32.4,17.5,0.0,40,8.9
2025-06-25,Riyadh,37.6,42.6,31.8,0.0,9,4.8
2025-06-25,Salalah,28.5,32.1,26.2,0.0,76,9.2
2025-06-25,Zurich,25.4,33.3,16.8,0.0,52,3.7
2025-06-26,Amman,27.4,34.3,20.4,0.0,28,8.5
2025-06-26,Cairo,29.7,36.6,22.2,0.0,39,7.2
2025-06-26,Istanbul,28.3,35.1,21.6,0.0,39,11.4
2025-06-26,Khartoum,35.4,41.1,28.0,0.0,15,5.1
2025-06-26,London,20.2,24.1,17.5,3.7,64,15.6
2025-06-26,Munich,24.4,31.8,19.5,6.7,54,10.9
2025-06-26,Riyadh,37.2,42.1,31.2,0.0,9,7.0
2025-06-26,Salalah,28.3,31.4,26.0,0.5,78,10.7
2025-06-26,Zurich,22.6,27.0,19.2,4.4,70,8.0
2025-06-27,Amman,29.3,36.0,22.1,0.0,21,8.5
2025-06-27,Cairo,31.0,38.5,22.6,0.0,40,5.3
2025-06-27,Istanbul,28.2,33.5,22.7,0.0,40,14.9
2025-06-27,Khartoum,35.8,42.0,28.7,0.0,13,6.4
2025-06-27,London,20.0,26.9,13.8,1.8,65,12.8
2025-06-27,Munich,20.8,25.0,17.2,2.2,73,12.1
2025-06-27,Riyadh,37.7,42.8,31.6,0.0,8,8.6
2025-06-27,Salalah,27.9,31.1,25.9,0.8,80,8.9
2025-06-27,Zurich,21.8,26.8,16.1,0.4,68,5.2
2025-06-28,Amman,30.4,37.1,24.5,0.0,19,9.3
2025-06-28,Cairo,31.8,39.8,23.0,0.0,39,6.0
2025-06-28,Istanbul,25.5,29.9,22.3,0.1,54,15.3
2025-06-28,Khartoum,35.0,40.6,28.1,0.0,19,7.3
2025-06-28,London,23.3,30.1,18.5,0.1,69,14.7
2025-06-28,Munich,22.8,28.0,17.4,0.4,67,7.3
2025-06-28,Riyadh,38.6,43.7,31.6,0.0,8,5.5
2025-06-28,Salalah,27.5,30.1,25.9,2.4,83,11.7
2025-06-28,Zurich,24.7,31.1,17.7,0.0,59,2.8
2025-06-29,Amman,29.6,34.6,25.4,0.0,19,10.4
2025-06-29,Cairo,31.0,39.2,23.3,0.0,44,8.1
2025-06-29,Istanbul,23.1,24.6,21.2,0.5,57,19.6
2025-06-29,Khartoum,35.1,40.8,28.4,0.0,21,10.6
2025-06-29,London,23.7,29.8,18.1,0.0,60,8.0
2025-06-29,Munich,25.5,31.4,18.2,0.0,56,5.4
2025-06-29,Riyadh,38.3,43.1,33.0,0.0,8,10.9
2025-06-29,Salalah,27.3,29.7,25.9,2.6,86,9.9
2025-06-29,Zurich,26.7,33.7,19.0,0.0,54,5.2
2025-06-30,Amman,28.1,32.9,23.4,0.0,24,10.7
2025-06-30,Cairo,31.0,38.3,23.2,0.0,44,6.8
2025-06-30,Istanbul,24.5,28.5,20.6,0.0,49,4.7
2025-06-30,Khartoum,33.8,38.8,29.7,0.0,32,12.7
2025-06-30,London,25.7,31.9,18.7,0.0,54,7.9
2025-06-30,Munich,26.0,31.2,19.5,0.2,51,7.0
2025-06-30,Riyadh,37.1,41.7,32.5,0.0,7,14.6
2025-06-30,Salalah,27.0,29.4,25.3,0.7,86,8.6
2025-06-30,Zurich,25.7,32.1,20.8,10.4,59,4.6
2025-07-01,Amman,27.1,32.3,21.5,0.0,31,11.5
2025-07-01,Cairo,32.1,38.5,26.3,0.0,42,7.9
2025-07-01,Istanbul,25.2,29.2,22.3,0.0,58,13.5
2025-07-01,Khartoum,32.3,38.8,25.3,0.0,44,11.6
2025-07-01,London,28.2,33.6,23.6,0.0,47,5.8
2025-07-01,Munich,26.7,32.0,19.1,0.0,46,5.0
2025-07-01,Riyadh,37.3,41.8,32.6,0.0,10,12.0
2025-07-01,Salalah,27.2,30.4,25.0,0.0,83,6.8
2025-07-01,Zurich,25.7,31.6,21.0,0.9,65,3.9
2025-07-02,Amman,26.7,31.6,22.4,0.0,33,10.7
2025-07-02,Cairo,30.3,37.4,23.8,0.0,49,8.7
2025-07-02,Istanbul,23.6,27.3,19.8,0.0,54,13.1
2025-07-02,Khartoum,32.3,37.5,28.5,0.0,44,14.6
2025-07-02,London,20.5,24.2,17.0,4.1,62,9.1
2025-07-02,Munich,27.4,34.4,18.6,0.0,40,6.4
2025-07-02,Riyadh,36.4,41.0,31.0,0.0,11,8.1
2025-07-02,Salalah,26.4,30.6,23.8,0.1,86,5.7
2025-07-02,Zurich,26.7,33.6,19.6,0.0,61,3.8
2025-07-03,Amman,26.6,32.0,21.5,0.0,36,12.1
2025-07-03,Cairo,31.6,39.1,23.8,0.0,42,6.6
2025-07-03,Istanbul,23.8,28.8,18.7,0.0,51,9.1
2025-07-03,Khartoum,32.3,38.1,26.5,0.0,45,12.9
2025-07-03,London,18.6,23.6,12.7,0.0,45,7.2
2025-07-03,Munich,24.0,27.8,20.4,3.3,63,9.1
2025-07-03,Riyadh,36.7,41.4,31.2,0.0,11,7.4
2025-07-03,Salalah,25.2,29.5,22.5,0.0,86,5.9
2025-07-03,Zurich,24.3,29.6,20.9,0.3,66,6.8
2025-07-04,Amman,25.9,31.0,21.1,0.0,35,13.0
2025-07-04,Cairo,31.6,39.3,24.3,0.0,43,8.8
2025-07-04,Istanbul,24.3,29.0,19.6,0.0,54,11.0
2025-07-04,Khartoum,34.6,40.4,27.9,0.0,33,10.7
2025-07-04,London,20.7,26.2,14.4,0.0,43,10.6
2025-07-04,Munich,20.4,24.6,17.1,6.6,73,5.6
2025-07-04,Riyadh,36.8,41.0,32.0,0.0,13,6.4
2025-07-04,Salalah,27.2,32.0,23.0,0.0,79,7.2
2025-07-04,Zurich,21.7,26.2,18.2,5.9,76,4.7
2025-07-05,Amman,25.2,31.4,19.3,0.0,37,10.8
2025-07-05,Cairo,31.0,38.4,23.2,0.0,39,9.6
2025-07-05,Istanbul,25.0,29.7,20.3,0.0,49,13.7
2025-07-05,Khartoum,33.9,38.6,28.6,0.0,36,13.1
2025-07-05,London,19.4,21.7,16.4,2.1,66,16.9
2025-07-05,Munich,22.7,30.0,14.8,0.0,55,6.3
2025-07-05,Riyadh,36.4,40.8,31.8,0.0,12,7.8
2025-07-05,Salalah,27.4,30.7,25.2,0.2,76,8.2
2025-07-05,Zurich,22.8,28.3,16.8,0.0,63,4.5
2025-07-06,Amman,25.8,33.0,18.6,0.0,43,9.0
2025-07-06,Cairo,30.7,38.4,23.0,0.0,42,9.5
2025-07-06,Istanbul,25.9,30.9,21.3,0.0,58,16.0
2025-07-06,Khartoum,35.3,40.7,29.4,0.0,31,10.6
2025-07-06,London,19.3,22.5,17.3,3.8,69,10.4
2025-07-06,Munich,21.6,27.0,16.7,0.6,47,8.5
2025-07-06,Riyadh,34.3,38.8,29.9,0.0,10,11.4
2025-07-06,Salalah,27.2,30.4,24.7,0.0,79,8.0
2025-07-06,Zurich,21.0,27.6,15.5,0.9,51,7.3
2025-07-07,Amman,26.6,33.3,19.8,0.0,38,11.6
2025-07-07,Cairo,30.9,39.4,22.3,0.0,40,8.0
2025-07-07,Istanbul,26.9,33.5,21.9,0.0,59,11.5
2025-07-07,Khartoum,34.9,39.9,29.4,0.0,33,12.1
2025-07-07,London,16.5,19.6,13.5,10.0,69,13.5
2025-07-07,Munich,17.2,21.5,13.9,14.3,74,14.8
2025-07-07,Riyadh,34.5,39.7,28.7,0.0,11,11.5
2025-07-07,Salalah,27.2,30.6,24.9,0.4,80,9.3
2025-07-07,Zurich,16.0,20.1,13.1,13.6,81,10.3
2025-07-08,Amman,27.5,33.3,21.9,0.0,34,12.7
2025-07-08,Cairo,31.2,39.2,23.3,0.0,39,7.4
2025-07-08,Istanbul,27.0,33.8,21.7,0.0,61,8.5
2025-07-08,Khartoum,31.6,38.5,27.8,0.0,47,14.0
2025-07-08,London,17.4,21.9,12.4,0.2,59,9.4
2025-07-08,Munich,12.7,15.5,10.5,15.7,85,14.7
2025-07-08,Riyadh,35.6,40.8,29.4,0.0,10,10.0
2025-07-08,Salalah,27.2,30.2,25.2,0.5,82,9.2
2025-07-08,Zurich,13.0,16.1,11.1,12.7,83,11.3
2025-07-09,Amman,27.5,33.1,21.0,0.0,26,10.8
2025-07-09,Cairo,31.0,38.5,22.6,0.0,42,7.5
2025-07-09,Istanbul,29.4,37.0,22.4,0.0,46,6.0
2025-07-09,Khartoum,31.3,35.3,28.5,0.0,48,13.8
2025-07-09,London,19.9,25.2,13.7,0.9,60,5.4
2025-07-09,Munich,13.7,17.5,9.8,5.7,73,13.4
2025-07-09,Riyadh,36.2,41.4,30.0,0.0,9,8.4
2025-07-09,Salalah,26.9,29.7,24.9,1.2,84,9.5
2025-07-09,Zurich,15.1,19.6,10.4,1.7,70,3.9
2025-07-10,Amman,28.6,35.1,22.5,0.0,27,9.8
2025-07-10,Cairo,32.1,40.0,24.1,0.0,41,6.4
2025-07-10,Istanbul,24.5,29.0,21.9,0.0,54,16.9
2025-07-10,Khartoum,31.2,39.0,27.2,2.4,48,12.0
2025-07-10,London,23.8,30.0,17.7,0.0,52,6.1
2025-07-10,Munich,16.5,21.4,11.6,0.7,65,7.1
2025-07-10,Riyadh,36.9,42.5,30.0,0.0,8,7.5
2025-07-10,Salalah,26.7,29.9,24.5,0.3,84,7.4
2025-07-10,Zurich,17.3,22.9,10.8,0.0,66,5.0
2025-07-11,Amman,29.8,36.1,23.7,0.0,30,9.3
2025-07-11,Cairo,31.5,38.6,24.1,0.0,46,7.3
2025-07-11,Istanbul,24.8,28.8,21.2,0.0,58,14.8
2025-07-11,Khartoum,30.2,34.7,25.1,0.6,52,10.7
2025-07-11,London,25.4,31.7,19.0,0.0,46,5.1
2025-07-11,Munich,17.0,21.2,14.1,1.0,70,7.4
2025-07-11,Riyadh,37.4,42.3,31.6,0.0,8,8.1
2025-07-11,Salalah,26.4,29.7,24.5,1.0,85,8.1
2025-07-11,Zurich,19.0,25.0,12.5,0.1,68,2.9
2025-07-12,Amman,29.7,36.1,23.6,0.0,25,8.0
2025-07-12,Cairo,31.6,39.4,24.7,0.0,47,8.9
2025-07-12,Istanbul,25.0,28.1,22.3,0.0,63,16.4
2025-07-12,Khartoum,31.5,36.6,26.9,0.0,48,10.9
2025-07-12,London,24.0,28.8,19.9,0.0,49,7.5
2025-07-12,Munich,18.7,24.8,13.6,0.4,62,9.4
2025-07-12,Riyadh,37.8,43.0,31.4,0.0,8,7.6
2025-07-12,Salalah,26.6,30.1,24.5,0.3,84,6.2
2025-07-12,Zurich,20.5,26.1,14.4,0.0,59,3.9
2025-07-13,Amman,28.1,34.9,21.7,0.0,31,9.5
2025-07-13,Cairo,30.4,37.7,23.6,0.0,47,8.8
2025-07-13,Istanbul,26.0,30.0,21.8,0.0,56,16.4
2025-07-13,Khartoum,32.1,38.6,26.1,2.8,45,9.4
2025-07-13,London,22.2,27.7,15.8,0.1,57,5.3
2025-07-13,Munich,21.1,28.3,12.8,0.3,54,9.0
2025-07-13,Riyadh,38.6,43.9,32.3,0.0,10,9.4
2025-07-13,Salalah,26.6,29.9,24.8,0.5,85,6.6
2025-07-13,Zurich,21.9,27.1,15.8,0.9,63,6.3
2025-07-14,Amman,27.8,34.3,21.4,0.0,31,8.8
2025-07-14,Cairo,30.1,37.3,23.2,0.0,47,7.5
2025-07-14,Istanbul,26.1,30.7,21.6,0.0,59,15.9
2025-07-14,Khartoum,33.5,38.7,27.8,0.0,40,9.5
2025-07-14,London,21.3,24.9,18.3,0.9,57,15.2
2025-07-14,Munich,20.5,23.2,17.0,3.9,65,14.5
2025-07-14,Riyadh,39.4,44.9,33.0,0.0,10,9.7
2025-07-14,Salalah,26.4,29.3,24.7,1.4,87,6.3
2025-07-14,Zurich,21.0,25.0,17.8,4.0,74,8.6
2025-07-15,Amman,27.0,32.7,20.7,0.0,31,11.1
2025-07-15,Cairo,31.0,37.3,24.2,0.0,34,5.1
2025-07-15,Istanbul,26.9,31.3,23.1,0.0,62,18.3
2025-07-15,Khartoum,31.5,36.4,27.8,0.0,46,11.8
2025-07-15,London,18.5,21.6,14.5,0.7,58,16.0
2025-07-15,Munich,18.6,24.2,15.5,12.2,78,11.6
2025-07-15,Riyadh,39.4,44.7,33.2,0.0,8,8.6
2025-07-15,Salalah,26.9,30.0,24.8,0.2,84,7.3
2025-07-15,Zurich,19.8,23.8,16.4,3.3,80,7.8
2025-07-16,Amman,27.6,32.7,22.5,0.0,28,11.6
2025-07-16,Cairo,33.1,39.7,24.5,0.0,30,6.6
2025-07-16,Istanbul,27.5,32.4,22.8,0.0,51,14.4
2025-07-16,Khartoum,28.8,32.9,25.4,2.8,60,13.4
2025-07-16,London,19.9,23.8,15.2,0.0,59,12.4
2025-07-16,Munich,17.3,22.3,14.6,9.1,77,14.1
2025-07-16,Riyadh,39.5,44.6,33.1,0.0,8,6.7
2025-07-16,Salalah,26.6,29.7,24.6,0.8,83,7.8
2025-07-16,Zurich,18.5,21.5,16.2,5.2,74,7.3
2025-07-17,Amman,28.4,33.6,22.8,0.0,24,11.2
2025-07-17,Cairo,34.1,40.9,26.2,0.0,26,9.4
2025-07-17,Istanbul,27.9,33.6,22.4,0.0,54,11.7
2025-07-17,Khartoum,30.7,36.1,26.2,0.0,51,9.0
2025-07-17,London,22.0,25.8,18.8,0.8,63,6.2
2025-07-17,Munich,16.3,20.4,12.1,2.3,75,12.2
2025-07-17,Riyadh,39.6,44.5,34.4,0.0,9,11.0
2025-07-17,Salalah,26.9,30.4,24.6,0.0,82,6.1
2025-07-17,Zurich,18.5,23.6,14.4,2.5,72,3.7
2025-07-18,Amman,28.5,33.8,23.4,0.0,25,9.8
2025-07-18,Cairo,33.6,40.0,26.5,0.0,30,8.6
2025-07-18,Istanbul,25.5,27.9,23.0,0.0,60,14.1
2025-07-18,Khartoum,34.1,39.9,28.3,0.0,39,8.7
2025-07-18,London,23.6,29.4,18.2,0.0,59,8.9
2025-07-18,Munich,19.4,24.8,13.9,0.0,62,7.1
2025-07-18,Riyadh,38.9,43.7,33.3,0.0,9,9.9
2025-07-18,Salalah,26.8,29.8,25.0,1.9,86,8.8
2025-07-18,Zurich,20.1,25.9,14.0,0.0,70,2.8
2025-07-19,Amman,26.0,31.7,20.8,0.0,38,9.8
2025-07-19,Cairo,31.9,38.8,24.7,0.0,39,8.5
2025-07-19,Istanbul,25.9,30.0,22.2,0.0,60,13.9
2025-07-19,Khartoum,28.9,33.9,24.6,7.5,60,11.8
2025-07-19,London,20.2,22.5,17.9,16.1,76,5.7
2025-07-19,Munich,21.2,29.6,13.1,0.4,63,7.1
2025-07-19,Riyadh,38.1,43.1,32.7,0.0,10,11.5
2025-07-19,Salalah,26.4,29.0,24.7,0.9,86,8.0
2025-07-19,Zurich,19.8,27.4,15.2,10.4,84,4.4
2025-07-20,Amman,25.4,31.3,19.5,0.0,51,10.7
2025-07-20,Cairo,31.0,37.6,24.2,0.0,46,7.2
2025-07-20,Istanbul,27.6,32.5,22.2,0.0,45,9.2
2025-07-20,Khartoum,31.5,37.2,26.2,0.0,44,10.5
2025-07-20,London,18.2,20.4,16.1,2.8,79,12.0
2025-07-20,Munich,24.7,31.7,17.2,1.9,55,7.0
2025-07-20,Riyadh,37.5,42.5,31.7,0.0,9,11.6
2025-07-20,Salalah,26.1,29.2,24.4,0.7,86,5.4
2025-07-20,Zurich,21.0,27.5,15.5,2.0,80,3.4
2025-07-21,Amman,27.7,33.8,21.8,0.0,41,9.7
2025-07-21,Cairo,31.8,39.3,24.6,0.0,44,7.2
2025-07-21,Istanbul,29.2,33.6,23.5,0.0,30,6.1
2025-07-21,Khartoum,34.1,40.3,28.2,0.0,37,8.8
2025-07-21,London,18.1,22.6,14.4,0.6,74,8.1
2025-07-21,Munich,18.6,21.6,16.7,13.4,80,8.3
2025-07-21,Riyadh,37.9,43.6,31.1,0.0,8,9.2
2025-07-21,Salalah,26.0,28.8,24.5,1.3,88,4.9
2025-07-21,Zurich,18.5,21.8,16.7,23.1,85,5.0
2025-07-22,Amman,29.9,36.5,23.2,0.0,35,7.8
2025-07-22,Cairo,32.8,39.8,25.1,0.0,36,5.3
2025-07-22,Istanbul,31.0,36.5,24.5,0.0,27,7.1
2025-07-22,Khartoum,32.4,37.8,26.9,0.0,44,10.1
2025-07-22,London,18.8,22.3,15.3,1.0,76,9.8
2025-07-22,Munich,19.1,22.9,15.8,1.1,65,15.1
2025-07-22,Riyadh,38.7,44.0,32.4,0.0,9,9.5
2025-07-22,Salalah,26.1,29.1,24.4,1.8,85,8.4
2025-07-22,Zurich,18.3,22.6,14.8,8.8,73,11.5
2025-07-23,Amman,30.0,35.8,24.2,0.0,31,12.8
2025-07-23,Cairo,34.0,41.0,25.9,0.0,32,7.4
2025-07-23,Istanbul,32.2,38.1,27.4,0.0,28,9.5
2025-07-23,Khartoum,34.7,40.8,28.4,0.0,36,9.0
2025-07-23,London,18.6,22.0,15.0,1.7,69,7.1
2025-07-23,Munich,20.1,25.3,14.4,0.0,58,6.2
2025-07-23,Riyadh,39.0,44.2,32.6,0.0,9,8.3
2025-07-23,Salalah,26.2,29.2,24.3,0.3,85,7.8
2025-07-23,Zurich,19.6,24.2,14.8,0.2,66,3.1
2025-07-24,Amman,29.6,34.2,26.5,0.0,25,18.4
2025-07-24,Cairo,34.3,40.9,26.8,0.0,24,6.5
2025-07-24,Istanbul,28.3,33.5,24.5,0.0,65,19.2
2025-07-24,Khartoum,35.6,41.2,29.3,0.0,33,10.9
2025-07-24,London,18.1,20.8,15.4,0.9,77,11.4
2025-07-24,Munich,17.2,20.4,15.2,13.2,84,4.5
2025-07-24,Riyadh,38.7,43.4,32.8,0.0,10,9.3
2025-07-24,Salalah,26.5,29.5,24.0,0.0,83,6.1
2025-07-24,Zurich,17.6,20.6,15.3,19.2,83,3.5
2025-07-25,Amman,29.4,34.5,24.3,0.0,29,15.4
2025-07-25,Cairo,33.4,41.4,24.3,0.0,37,7.2
2025-07-25,Istanbul,28.4,32.9,24.5,0.0,61,16.2
2025-07-25,Khartoum,36.1,41.5,30.5,0.0,30,12.4
2025-07-25,London,20.5,25.4,15.4,0.0,67,6.5
2025-07-25,Munich,17.0,20.7,14.4,9.5,87,4.3
2025-07-25,Riyadh,38.6,44.0,32.0,0.0,10,7.7
2025-07-25,Salalah,26.3,29.4,24.3,0.0,82,9.3
2025-07-25,Zurich,17.4,21.4,15.3,10.8,80,3.1
2025-07-26,Amman,30.3,35.9,24.6,0.0,31,10.5
2025-07-26,Cairo,34.3,42.9,25.9,0.0,42,6.3
2025-07-26,Istanbul,28.5,32.5,24.9,0.0,52,19.5
2025-07-26,Khartoum,32.9,39.1,27.3,0.2,45,15.5
2025-07-26,London,20.1,23.2,15.9,0.2,64,8.1
2025-07-26,Munich,15.6,18.7,14.0,9.0,94,7.2
2025-07-26,Riyadh,39.2,44.4,32.6,0.0,9,7.6
2025-07-26,Salalah,26.6,29.9,24.2,0.3,81,10.3
2025-07-26,Zurich,16.9,21.4,14.3,21.2,86,3.4
2025-07-27,Amman,30.5,35.7,25.3,0.0,26,11.9
2025-07-27,Cairo,35.6,42.8,28.1,0.0,30,7.2
2025-07-27,Istanbul,28.3,33.4,23.9,0.0,62,12.9
2025-07-27,Khartoum,33.9,39.3,28.6,0.0,39,14.9
2025-07-27,London,18.5,21.5,15.2,0.3,57,9.1
2025-07-27,Munich,16.6,19.7,14.4,14.8,86,11.0
2025-07-27,Riyadh,39.9,44.8,33.7,0.0,9,6.2
2025-07-27,Salalah,26.6,29.5,24.6,0.5,80,9.4
2025-07-27,Zurich,16.4,20.2,14.4,23.1,89,8.1
2025-07-28,Amman,30.3,34.7,26.4,0.0,23,11.0
2025-07-28,Cairo,33.8,40.5,26.6,0.0,37,7.8
2025-07-28,Istanbul,27.7,35.0,22.2,0.0,72,8.6
2025-07-28,Khartoum,34.4,39.9,29.0,0.0,37,15.0
2025-07-28,London,20.0,24.2,15.0,0.0,50,9.6
2025-07-28,Munich,14.5,16.7,13.3,13.3,90,12.5
2025-07-28,Riyadh,40.1,45.6,33.5,0.0,9,6.3
2025-07-28,Salalah,26.1,29.1,24.5,1.4,84,9.6
2025-07-28,Zurich,14.3,16.3,13.3,13.1,92,9.4
2025-07-29,Amman,27.9,32.9,23.0,0.0,45,11.9
2025-07-29,Cairo,32.4,39.9,25.9,0.0,49,9.3
2025-07-29,Istanbul,28.3,32.6,23.1,0.0,61,6.8
2025-07-29,Khartoum,33.7,39.5,28.1,0.0,41,15.6
2025-07-29,London,18.4,21.9,15.2,0.8,63,6.3
2025-07-29,Munich,14.5,17.9,11.9,7.6,81,11.1
2025-07-29,Riyadh,40.1,45.6,33.3,0.0,8,5.5
2025-07-29,Salalah,26.0,29.4,24.0,0.8,83,9.7
2025-07-29,Zurich,15.7,19.8,12.0,0.8,78,3.7
2025-07-30,Amman,27.8,33.5,23.0,0.0,44,13.3
2025-07-30,Cairo,31.0,37.6,24.8,0.0,49,7.5
2025-07-30,Istanbul,26.7,28.7,25.2,0.4,74,16.1
2025-07-30,Khartoum,33.0,37.7,28.5,0.0,42,13.0
2025-07-30,London,20.4,24.7,16.2,0.8,65,8.3
2025-07-30,Munich,15.1,18.7,12.1,0.9,78,9.6
2025-07-30,Riyadh,39.9,46.2,33.3,0.0,8,6.1
2025-07-30,Salalah,25.9,29.4,23.8,0.0,83,7.5
2025-07-30,Zurich,16.3,20.7,12.3,0.6,81,5.6
2025-07-31,Amman,25.4,30.9,20.8,0.0,50,13.9
2025-07-31,Cairo,30.6,36.5,25.8,0.0,48,9.4
2025-07-31,Istanbul,26.3,29.1,24.4,0.0,64,20.6
2025-07-31,Khartoum,33.1,37.9,27.5,0.2,42,10.0
2025-07-31,London,18.7,22.6,16.6,26.7,79,8.2
2025-07-31,Munich,15.9,20.4,11.9,2.8,81,11.0
2025-07-31,Riyadh,39.5,44.4,33.6,0.0,10,8.4
2025-07-31,Salalah,25.6,29.3,23.2,0.0,83,5.8
2025-07-31,Zurich,17.4,22.0,13.5,4.9,80,5.7
2025-08-01,Amman,24.9,31.5,19.4,0.0,58,11.3
2025-08-01,Cairo,30.6,37.0,25.1,0.0,46,8.8
2025-08-01,Istanbul,26.2,29.1,24.0,0.1,58,21.6
2025-08-01,Khartoum,33.3,39.9,28.5,0.0,40,13.0
2025-08-01,London,16.5,19.7,13.1,1.2,73,8.8
2025-08-01,Munich,16.8,21.6,14.6,2.3,79,10.6
2025-08-01,Riyadh,38.7,44.0,32.8,0.0,10,8.9
2025-08-01,Salalah,25.8,29.1,23.8,0.6,84,8.0
2025-08-01,Zurich,17.2,22.4,14.5,13.1,85,8.0
2025-08-02,Amman,25.9,32.7,18.9,0.0,51,7.3
2025-08-02,Cairo,30.7,36.9,25.3,0.0,51,6.4
2025-08-02,Istanbul,26.4,29.4,23.4,0.3,61,19.3
2025-08-02,Khartoum,31.9,38.8,26.1,0.0,48,13.5
2025-08-02,London,16.7,19.9,13.1,0.0,64,7.8
2025-08-02,Munich,14.2,15.8,12.5,9.1,92,7.8
2025-08-02,Riyadh,39.0,44.2,33.0,0.0,10,9.2
2025-08-02,Salalah,25.9,29.1,24.0,0.4,84,7.8
2025-08-02,Zurich,14.8,17.8,13.0,11.1,88,6.2
2025-08-03,Amman,26.7,33.3,20.9,0.0,53,8.5
2025-08-03,Cairo,30.7,36.6,25.0,0.0,48,7.3
2025-08-03,Istanbul,26.7,30.4,23.6,0.0,58,13.2
2025-08-03,Khartoum,32.2,37.6,27.4,0.8,43,10.0
2025-08-03,London,18.3,23.0,12.8,2.5,76,11.1
2025-08-03,Munich,14.0,17.6,11.3,3.0,83,11.4
2025-08-03,Riyadh,39.3,44.0,33.2,0.0,12,7.0
2025-08-03,Salalah,25.7,29.2,23.8,0.7,84,7.5
2025-08-03,Zurich,15.5,19.4,11.6,0.4,80,3.4
2025-08-04,Amman,26.1,32.5,20.3,0.0,49,8.4
2025-08-04,Cairo,30.7,36.8,25.1,0.0,47,7.2
2025-08-04,Istanbul,26.6,30.6,22.9,0.0,62,14.3
2025-08-04,Khartoum,31.1,36.6,27.0,0.0,48,10.1
2025-08-04,London,19.2,21.5,16.3,1.0,79,14.6
2025-08-04,Munich,15.1,18.9,12.2,1.7,82,9.5
2025-08-04,Riyadh,39.3,43.9,33.9,0.0,12,7.8
2025-08-04,Salalah,25.2,28.1,23.3,1.0,85,7.3
2025-08-04,Zurich,17.1,21.7,13.0,0.0,82,3.1
2025-08-05,Amman,25.2,32.0,19.1,0.0,52,8.0
2025-08-05,Cairo,30.6,36.6,25.0,0.0,47,8.4
2025-08-05,Istanbul,26.8,30.1,23.9,0.0,68,18.0
2025-08-05,Khartoum,32.7,39.2,27.4,0.0,43,11.4
2025-08-05,London,17.1,20.7,13.1,0.0,58,14.2
2025-08-05,Munich,18.9,24.7,13.8,2.3,73,9.3
2025-08-05,Riyadh,38.9,43.8,33.2,0.0,11,9.5
2025-08-05,Salalah,25.3,28.6,23.6,1.1,86,7.7
2025-08-05,Zurich,19.3,25.5,14.8,1.6,83,5.5
2025-08-06,Amman,26.6,34.2,19.5,0.0,51,8.8
2025-08-06,Cairo,30.6,38.4,23.9,0.0,48,9.4
2025-08-06,Istanbul,27.1,30.5,25.1,0.1,70,21.8
2025-08-06,Khartoum,33.4,39.3,27.1,0.0,42,11.8
2025-08-06,London,17.1,22.2,11.7,0.0,60,7.4
2025-08-06,Munich,16.4,20.5,12.0,0.5,76,6.5
2025-08-06,Riyadh,38.7,43.7,32.8,0.0,11,9.8
2025-08-06,Salalah,25.3,28.1,23.7,0.6,86,7.9
2025-08-06,Zurich,17.5,22.0,13.9,0.6,75,7.5
2025-08-07,Amman,28.4,35.7,21.6,0.0,43,7.4
2025-08-07,Cairo,30.0,37.1,24.5,0.0,51,10.0
2025-08-07,Istanbul,26.5,30.2,23.7,1.2,63,20.0
2025-08-07,Khartoum,33.8,41.1,27.0,0.0,40,12.1
2025-08-07,London,18.8,23.0,14.6,0.0,66,13.4
2025-08-07,Munich,17.9,24.9,10.8,0.0,72,5.0
2025-08-07,Riyadh,38.8,43.8,32.5,0.0,13,7.5
2025-08-07,Salalah,25.3,28.4,23.4,0.3,86,6.8
2025-08-07,Zurich,19.0,26.4,12.4,0.0,75,2.7
2025-08-08,Amman,32.4,41.7,24.0,0.0,32,7.7
2025-08-08,Cairo,30.6,37.3,24.5,0.0,48,7.7
2025-08-08,Istanbul,26.2,29.2,23.4,0.2,68,22.4
2025-08-08,Khartoum,32.7,39.1,26.6,0.0,41,15.1
2025-08-08,London,20.4,25.1,15.5,0.0,58,9.4
2025-08-08,Munich,21.9,28.9,15.1,0.0,67,5.1
2025-08-08,Riyadh,39.9,45.0,34.4,0.0,12,6.0
2025-08-08,Salalah,25.4,28.4,23.3,0.0,86,6.4
2025-08-08,Zurich,22.3,29.3,15.6,0.0,77,2.4
2025-08-09,Amman,34.1,41.6,27.0,0.0,33,5.6
2025-08-09,Cairo,32.2,39.4,25.2,0.0,42,6.8
2025-08-09,Istanbul,26.0,29.1,23.7,0.0,66,19.2
2025-08-09,Khartoum,32.1,37.9,26.6,0.2,45,13.4
2025-08-09,London,19.7,24.8,14.5,0.0,52,11.3
2025-08-09,Munich,23.8,30.9,16.3,0.0,65,5.1
2025-08-09,Riyadh,40.4,44.5,36.9,0.0,11,8.6
2025-08-09,Salalah,25.4,28.7,22.9,0.4,85,5.4
2025-08-09,Zurich,24.0,31.2,17.8,0.0,79,2.0
2025-08-10,Amman,34.3,41.0,26.9,0.0,32,5.3
2025-08-10,Cairo,34.5,41.3,27.1,0.0,34,6.5
2025-08-10,Istanbul,26.4,30.2,23.4,0.0,67,20.3
2025-08-10,Khartoum,34.1,40.2,28.4,0.0,36,11.8
2025-08-10,London,20.7,26.2,14.8,0.0,55,3.8
2025-08-10,Munich,22.7,27.2,18.4,0.0,66,8.4
2025-08-10,Riyadh,39.2,43.7,33.7,0.0,13,5.2
2025-08-10,Salalah,25.3,28.3,22.8,1.7,87,8.1
2025-08-10,Zurich,23.5,28.2,19.4,0.0,70,5.4
2025-08-11,Amman,34.9,40.2,28.7,0.1,26,4.8
2025-08-11,Cairo,34.5,41.5,26.9,0.0,33,7.5
2025-08-11,Istanbul,26.4,30.4,22.9,0.0,64,17.5
2025-08-11,Khartoum,32.6,39.0,28.7,0.4,43,13.8
2025-08-11,London,22.8,29.7,16.4,0.5,54,5.9
2025-08-11,Munich,20.4,26.0,15.1,0.0,65,9.5
2025-08-11,Riyadh,40.1,45.2,34.5,0.0,11,5.0
2025-08-11,Salalah,25.0,26.9,23.5,5.2,90,10.0
2025-08-11,Zurich,22.0,27.5,16.8,0.0,71,7.1
2025-08-12,Amman,35.8,42.6,29.9,0.1,21,7.0
2025-08-12,Cairo,33.6,41.8,26.5,0.0,41,11.9
2025-08-12,Istanbul,26.2,29.1,24.2,0.0,63,21.4
2025-08-12,Khartoum,32.9,38.9,27.0,0.0,41,10.8
2025-08-12,London,24.7,31.0,18.8,0.6,53,9.1
2025-08-12,Munich,22.1,29.9,14.8,0.0,65,6.7
2025-08-12,Riyadh,39.8,44.0,35.1,0.0,13,6.8
2025-08-12,Salalah,25.2,27.4,23.4,2.0,90,8.4
2025-08-12,Zurich,23.5,30.9,16.8,0.0,77,3.7
2025-08-13,Amman,36.5,42.5,30.6,0.0,19,8.3
2025-08-13,Cairo,34.6,43.1,26.4,0.0,42,10.9
2025-08-13,Istanbul,25.6,28.6,23.4,0.0,63,22.4
2025-08-13,Khartoum,32.1,36.3,27.2,0.8,46,9.4
2025-08-13,London,22.2,27.8,18.3,0.0,70,7.2
2025-08-13,Munich,26.2,33.3,18.5,0.0,53,7.6
2025-08-13,Riyadh,39.6,44.2,34.2,0.0,13,8.8
2025-08-13,Salalah,25.6,29.1,23.4,1.3,88,6.9
2025-08-13,Zurich,25.3,32.7,18.3,0.0,68,2.9
2025-08-14,Amman,35.7,41.6,30.0,0.0,17,7.0
2025-08-14,Cairo,34.6,43.9,26.4,0.0,41,10.8
2025-08-14,Istanbul,25.4,28.0,23.3,0.0,63,25.2
2025-08-14,Khartoum,31.7,36.3,27.0,0.4,44,8.8
2025-08-14,London,21.8,26.9,16.6,0.0,66,9.7
2025-08-14,Munich,25.0,31.5,16.1,0.0,56,5.1
2025-08-14,Riyadh,39.0,44.2,33.7,0.0,8,10.7
2025-08-14,Salalah,25.6,29.2,23.5,0.2,84,5.7
2025-08-14,Zurich,25.2,31.4,19.4,0.0,66,2.5
2025-08-15,Amman,32.7,37.3,28.0,0.0,21,13.3
2025-08-15,Cairo,33.7,41.8,26.6,0.0,36,11.1
2025-08-15,Istanbul,25.8,28.3,24.0,0.0,58,26.3
2025-08-15,Khartoum,30.0,35.1,26.5,0.1,49,11.3
2025-08-15,London,23.1,29.5,17.8,0.0,60,7.1
2025-08-15,Munich,25.2,31.5,17.4,2.5,57,5.8
2025-08-15,Riyadh,37.8,43.2,31.7,0.0,6,9.1
2025-08-15,Salalah,25.7,28.5,23.9,0.9,87,6.4
2025-08-15,Zurich,24.7,30.5,19.6,0.2,74,2.2
2025-08-16,Amman,28.7,34.4,24.1,0.0,36,10.6
2025-08-16,Cairo,31.2,38.0,25.7,0.0,50,10.5
2025-08-16,Istanbul,25.2,27.7,23.4,0.0,54,23.9
2025-08-16,Khartoum,31.1,36.8,24.8,0.0,48,11.2
2025-08-16,London,19.5,22.5,16.4,0.1,69,11.1
2025-08-16,Munich,22.0,26.7,18.0,3.6,74,6.1
2025-08-16,Riyadh,38.2,43.7,32.1,0.0,8,10.5
2025-08-16,Salalah,25.9,29.4,24.2,1.0,87,7.4
2025-08-16,Zurich,22.0,28.2,17.7,2.4,81,2.9
2025-08-17,Amman,26.0,32.9,20.8,0.0,52,10.6
2025-08-17,Cairo,30.4,37.3,24.9,0.0,49,9.8
2025-08-17,Istanbul,24.9,27.9,22.0,0.0,58,17.3
2025-08-17,Khartoum,32.5,37.7,26.8,0.0,43,11.0
2025-08-17,London,18.2,24.4,13.0,0.0,69,9.5
2025-08-17,Munich,19.0,22.5,16.8,3.1,84,5.8
2025-08-17,Riyadh,37.7,42.8,32.0,0.0,7,10.6
2025-08-17,Salalah,25.8,28.9,24.2,1.2,88,6.2
2025-08-17,Zurich,20.1,24.4,16.9,1.1,79,5.7
2025-08-18,Amman,24.9,31.9,19.4,0.0,56,10.9
2025-08-18,Cairo,30.9,38.6,23.6,0.0,45,9.6
2025-08-18,Istanbul,24.9,28.4,22.6,0.0,66,5.9
2025-08-18,Khartoum,30.4,36.2,25.7,0.1,54,7.7
2025-08-18,London,18.8,21.5,16.9,0.2,70,11.6
2025-08-18,Munich,18.1,23.6,12.4,0.0,70,6.3
2025-08-18,Riyadh,38.1,43.1,32.4,0.0,7,10.0
2025-08-18,Salalah,25.5,28.1,24.0,10.1,89,7.3
2025-08-18,Zurich,20.0,25.4,15.1,0.0,72,6.0
2025-08-19,Amman,25.6,32.0,19.9,0.0,44,12.6
2025-08-19,Cairo,34.1,40.7,26.9,0.0,27,7.2
2025-08-19,Istanbul,24.6,28.1,21.9,0.3,67,12.7
2025-08-19,Khartoum,29.4,35.1,26.2,0.0,58,12.8
2025-08-19,London,19.4,25.1,15.1,0.1,69,12.7
2025-08-19,Munich,19.0,25.6,11.9,0.0,66,4.2
2025-08-19,Riyadh,37.3,42.1,32.2,0.0,11,9.0
2025-08-19,Salalah,25.2,27.3,24.0,5.9,93,7.6
2025-08-19,Zurich,21.1,27.9,14.5,0.0,72,3.7
2025-08-20,Amman,26.5,32.2,21.9,0.0,42,11.5
2025-08-20,Cairo,31.6,38.0,25.7,0.0,43,10.6
2025-08-20,Istanbul,24.3,27.3,21.7,0.0,61,13.0
2025-08-20,Khartoum,27.8,31.9,25.1,0.0,62,15.0
2025-08-20,London,17.3,20.6,14.9,0.0,65,14.2
2025-08-20,Munich,19.1,25.9,14.0,5.4,76,5.4
2025-08-20,Riyadh,36.5,41.4,31.3,0.0,12,9.8
2025-08-20,Salalah,25.1,26.6,24.0,11.3,95,5.6
2025-08-20,Zurich,19.5,22.9,16.9,7.3,85,4.3
2025-08-21,Amman,25.9,31.8,20.5,0.0,48,8.4
2025-08-21,Cairo,31.0,38.2,24.7,0.0,50,8.0
2025-08-21,Istanbul,24.7,30.5,19.8,0.0,55,7.2
2025-08-21,Khartoum,27.7,31.3,24.8,0.0,63,10.7
2025-08-21,London,16.8,20.0,13.5,0.1,62,11.2
2025-08-21,Munich,16.9,19.4,15.5,19.5,93,6.8
2025-08-21,Riyadh,37.2,42.3,31.2,0.0,13,10.7
2025-08-21,Salalah,25.0,26.8,23.6,1.6,94,8.4
2025-08-21,Zurich,16.3,17.5,15.5,41.8,94,8.1
2025-08-22,Amman,27.5,34.6,21.1,0.0,51,7.1
2025-08-22,Cairo,31.0,38.3,23.9,0.0,50,7.4
2025-08-22,Istanbul,26.0,32.7,20.3,0.0,50,5.6
2025-08-22,Khartoum,29.6,35.6,24.5,0.0,55,11.5
2025-08-22,London,17.4,22.8,11.6,0.0,53,5.4
2025-08-22,Munich,16.5,19.6,13.0,2.8,76,7.6
2025-08-22,Riyadh,37.5,42.1,31.6,0.0,13,7.1
2025-08-22,Salalah,25.1,27.1,23.9,1.9,93,11.3
2025-08-22,Zurich,17.4,21.1,15.0,2.5,81,4.7
2025-08-23,Amman,28.3,34.4,22.6,0.0,42,9.6
2025-08-23,Cairo,32.3,40.5,24.4,0.0,44,8.7
2025-08-23,Istanbul,25.8,29.1,23.0,0.0,59,11.4
2025-08-23,Khartoum,30.2,36.2,25.5,2.1,52,10.4
2025-08-23,London,19.1,21.9,16.1,0.0,57,5.2
2025-08-23,Munich,14.4,17.2,12.1,0.0,65,6.8
2025-08-23,Riyadh,37.2,42.4,30.5,0.0,12,5.6
2025-08-23,Salalah,24.9,26.9,23.6,1.3,94,9.5
2025-08-23,Zurich,16.3,19.8,13.8,0.3,68,4.9
2025-08-24,Amman,28.5,34.5,23.5,0.0,31,10.7
2025-08-24,Cairo,32.7,40.5,24.9,0.0,42,8.8
2025-08-24,Istanbul,24.3,27.4,21.9,0.2,57,11.8
2025-08-24,Khartoum,25.1,29.3,22.8,17.7,85,7.3
2025-08-24,London,19.2,23.6,14.6,0.0,55,6.3
2025-08-24,Munich,14.5,19.0,9.7,0.0,72,5.3
2025-08-24,Riyadh,37.1,41.9,31.1,0.0,13,6.0
2025-08-24,Salalah,25.0,27.3,23.4,3.3,92,7.9
2025-08-24,Zurich,16.4,21.1,12.5,0.0,72,3.9
2025-08-25,Amman,26.3,31.9,21.3,0.0,46,10.8
2025-08-25,Cairo,30.7,37.3,24.9,0.0,48,9.7
2025-08-25,Istanbul,23.5,26.7,21.5,0.0,53,16.7
2025-08-25,Khartoum,25.7,29.6,22.7,4.3,81,8.5
2025-08-25,London,20.6,26.0,15.1,0.0,50,8.4
2025-08-25,Munich,15.6,21.9,8.3,0.0,71,3.9
2025-08-25,Riyadh,37.4,42.4,31.0,0.0,12,7.1
2025-08-25,Salalah,25.2,27.6,23.5,1.0,91,4.2
2025-08-25,Zurich,17.1,23.4,11.0,0.0,76,2.7
2025-08-26,Amman,25.1,30.2,20.6,0.0,48,10.6
2025-08-26,Cairo,29.7,35.9,24.0,0.0,47,8.6
2025-08-26,Istanbul,22.9,25.9,19.9,0.0,53,15.6
2025-08-26,Khartoum,27.4,32.7,23.7,5.8,74,6.5
2025-08-26,London,21.1,25.3,18.3,0.2,57,12.1
2025-08-26,Munich,18.4,26.0,10.8,0.0,65,7.0
2025-08-26,Riyadh,37.3,42.4,31.4,0.0,10,9.6
2025-08-26,Salalah,25.7,27.9,24.2,1.4,93,5.3
2025-08-26,Zurich,19.9,26.6,13.4,0.0,79,3.4
2025-08-27,Amman,24.3,30.0,19.4,0.0,64,10.3
2025-08-27,Cairo,29.7,37.2,23.7,0.0,44,8.4
2025-08-27,Istanbul,23.5,26.3,20.9,0.0,57,19.9
2025-08-27,Khartoum,25.3,29.7,22.9,20.2,83,5.9
2025-08-27,London,18.2,21.8,15.5,1.3,73,13.6
2025-08-27,Munich,21.2,26.9,16.1,1.4,67,6.3
2025-08-27,Riyadh,36.8,40.9,32.1,0.0,11,10.2
2025-08-27,Salalah,25.7,27.8,24.3,2.1,95,6.2
2025-08-27,Zurich,20.4,25.3,16.5,1.3,82,3.7
2025-08-28,Amman,25.1,30.9,20.1,0.0,55,8.7
2025-08-28,Cairo,29.0,35.1,23.2,0.0,44,6.7
2025-08-28,Istanbul,23.8,26.7,21.5,0.0,60,19.8
2025-08-28,Khartoum,26.6,31.3,22.8,0.0,76,7.1
2025-08-28,London,17.1,20.5,13.0,2.4,75,12.0
2025-08-28,Munich,18.6,23.3,15.1,8.9,82,8.5
2025-08-28,Riyadh,36.4,41.0,31.4,0.0,14,9.2
2025-08-28,Salalah,25.9,28.3,24.4,1.8,93,7.9
2025-08-28,Zurich,17.9,18.6,16.7,28.4,93,3.9
2025-08-29,Amman,25.5,32.1,19.5,0.0,45,7.3
2025-08-29,Cairo,30.4,36.3,24.5,0.0,42,7.7
2025-08-29,Istanbul,25.0,28.9,22.2,0.0,67,14.8
2025-08-29,Khartoum,27.4,32.0,23.7,0.1,73,6.2
2025-08-29,London,16.5,19.7,14.3,19.5,81,11.0
2025-08-29,Munich,16.6,20.3,14.5,28.2,81,8.6
2025-08-29,Riyadh,36.6,42.0,31.0,0.0,15,10.5
2025-08-29,Salalah,25.9,28.5,24.2,1.7,91,8.2
2025-08-29,Zurich,16.9,20.5,13.4,14.3,78,5.8
2025-08-30,Amman,24.8,30.0,20.1,0.0,47,8.3
2025-08-30,Cairo,30.5,36.6,24.5,0.0,43,7.4
2025-08-30,Istanbul,24.2,28.1,20.8,0.0,75,6.6
2025-08-30,Khartoum,28.8,34.6,24.0,0.8,66,5.0
2025-08-30,London,16.8,20.0,13.1,2.0,82,14.7
2025-08-30,Munich,15.7,19.0,13.0,1.5,79,10.1
2025-08-30,Riyadh,36.5,41.7,31.3,0.0,13,10.4
2025-08-30,Salalah,25.7,28.4,24.1,1.7,91,8.3
2025-08-30,Zurich,16.1,19.2,13.4,1.0,78,7.9
2025-08-31,Amman,24.9,31.5,19.7,0.0,48,10.1
2025-08-31,Cairo,30.9,38.4,23.3,0.0,42,8.6
2025-08-31,Istanbul,26.9,33.0,22.3,0.0,55,7.4
2025-08-31,Khartoum,30.1,36.7,24.7,0.0,62,6.2
2025-08-31,London,17.0,20.2,14.0,0.9,76,14.4
2025-08-31,Munich,16.9,22.4,11.4,0.0,71,6.8
2025-08-31,Riyadh,36.6,42.0,31.2,0.0,12,10.5
2025-08-31,Salalah,25.3,26.9,24.2,4.9,95,9.1
2025-08-31,Zurich,17.0,22.8,11.7,0.0,80,2.5
2025-09-01,Amman,25.1,31.7,19.1,0.0,44,10.7
2025-09-01,Cairo,31.7,38.9,24.2,0.0,35,8.4
2025-09-01,Istanbul,25.6,29.0,22.3,0.1,61,7.3
2025-09-01,Khartoum,30.5,36.1,26.5,0.1,60,12.4
2025-09-01,London,16.4,19.3,14.5,3.3,77,13.7
2025-09-01,Munich,17.1,22.5,11.5,2.0,77,7.7
2025-09-01,Riyadh,36.3,41.2,30.7,0.0,13,8.9
2025-09-01,Salalah,25.5,27.6,24.1,3.0,93,8.9
2025-09-01,Zurich,16.4,18.2,14.9,15.0,88,4.3
2025-09-02,Amman,25.3,31.0,20.4,0.0,52,12.4
2025-09-02,Cairo,30.8,38.2,24.3,0.0,48,8.9
2025-09-02,Istanbul,25.7,30.2,21.4,0.0,58,7.9
2025-09-02,Khartoum,31.0,36.7,26.2,0.0,53,11.8
2025-09-02,London,15.7,19.0,12.8,1.8,83,11.5
2025-09-02,Munich,15.1,17.7,13.1,3.5,85,7.1
2025-09-02,Riyadh,36.3,41.0,30.8,0.0,15,5.7
2025-09-02,Salalah,25.2,27.8,23.5,1.5,92,7.4
2025-09-02,Zurich,15.8,18.5,13.2,6.1,82,4.3
2025-09-03,Amman,24.3,30.3,19.8,0.0,56,11.3
2025-09-03,Cairo,29.6,36.1,23.8,0.0,50,7.9
2025-09-03,Istanbul,25.3,30.1,21.6,0.0,69,12.9
2025-09-03,Khartoum,31.9,38.5,26.1,0.0,48,11.8
2025-09-03,London,17.7,20.0,15.6,25.7,85,19.3
2025-09-03,Munich,17.3,23.3,11.1,0.0,68,6.8
2025-09-03,Riyadh,37.0,42.0,31.1,0.0,13,6.0
2025-09-03,Salalah,25.1,28.1,23.6,0.9,91,4.7
2025-09-03,Zurich,17.5,22.6,13.2,0.0,77,3.1
2025-09-04,Amman,24.9,30.5,19.2,0.0,50,8.5
2025-09-04,Cairo,30.0,36.4,23.9,0.0,51,6.4
2025-09-04,Istanbul,25.2,28.5,22.7,0.0,68,19.6
2025-09-04,Khartoum,33.0,39.2,27.5,0.0,43,9.8
2025-09-04,London,16.1,18.8,14.1,4.7,75,13.9
2025-09-04,Munich,19.0,25.1,14.2,6.4,72,8.4
2025-09-04,Riyadh,36.3,41.4,29.4,0.0,11,6.3
2025-09-04,Salalah,25.4,27.8,23.9,2.2,93,4.7
2025-09-04,Zurich,17.9,23.0,15.4,21.1,87,6.3
2025-09-05,Amman,26.7,34.0,19.8,0.0,43,5.6
2025-09-05,Cairo,31.0,38.1,24.2,0.0,48,7.2
2025-09-05,Istanbul,25.1,28.0,23.5,0.0,66,21.7
2025-09-05,Khartoum,33.3,39.5,28.0,0.0,43,9.8
2025-09-05,London,15.8,20.7,11.4,0.0,76,8.3
2025-09-05,Munich,13.8,15.6,10.9,15.2,88,10.7
2025-09-05,Riyadh,35.9,40.8,30.1,0.0,13,8.0
2025-09-05,Salalah,25.3,27.4,23.5,3.1,93,6.6
2025-09-05,Zurich,14.8,17.1,13.0,17.0,85,5.2
2025-09-06,Amman,27.1,33.9,20.8,0.0,39,5.9
2025-09-06,Cairo,29.7,36.2,24.4,0.0,54,8.7
2025-09-06,Istanbul,21.8,23.7,20.2,10.5,78,12.2
2025-09-06,Khartoum,31.9,38.3,27.7,0.0,51,10.4
2025-09-06,London,17.6,22.0,13.3,0.0,73,10.5
2025-09-06,Munich,13.9,19.4,8.2,0.0,76,8.5
2025-09-06,Riyadh,35.5,39.9,30.3,0.0,22,7.6
2025-09-06,Salalah,25.0,27.1,23.6,2.5,94,5.7
2025-09-06,Zurich,15.0,20.5,9.7,0.0,79,4.9
2025-09-07,Amman,24.7,31.0,19.8,0.0,54,8.4
2025-09-07,Cairo,28.9,35.2,23.6,0.0,50,9.0
2025-09-07,Istanbul,21.8,24.4,20.1,0.4,71,13.7
2025-09-07,Khartoum,33.6,40.1,27.2,0.0,41,9.7
2025-09-07,London,19.4,24.5,15.7,0.0,73,13.0
2025-09-07,Munich,14.7,21.2,8.9,0.0,82,5.3
2025-09-07,Riyadh,36.7,41.3,31.1,0.0,16,5.3
2025-09-07,Salalah,25.3,27.6,23.5,2.6,94,6.7
2025-09-07,Zurich,15.9,23.4,9.7,0.0,85,2.7
2025-09-08,Amman,23.2,29.1,17.4,0.0,61,8.2
2025-09-08,Cairo,28.4,34.1,23.5,0.0,49,8.2
2025-09-08,Istanbul,21.6,25.2,19.3,0.7,72,12.2
2025-09-08,Khartoum,34.1,40.7,27.6,0.0,37,10.3
2025-09-08,London,16.4,19.6,13.6,0.1,71,10.2
2025-09-08,Munich,16.2,23.1,10.2,0.1,84,5.0
2025-09-08,Riyadh,36.7,41.8,29.7,0.0,11,3.8
2025-09-08,Salalah,25.7,29.2,23.3,0.0,88,5.0
2025-09-08,Zurich,17.6,22.4,13.7,0.0,89,2.4
2025-09-09,Amman,23.2,29.8,17.8,0.0,63,7.9
2025-09-09,Cairo,28.3,34.0,22.8,0.0,47,5.9
2025-09-09,Istanbul,22.3,25.7,19.8,0.0,74,7.0
2025-09-09,Khartoum,34.0,40.2,27.9,0.0,35,8.7
2025-09-09,London,15.6,19.8,11.0,0.3,70,7.7
2025-09-09,Munich,15.4,19.1,13.2,2.6,91,7.8
2025-09-09,Riyadh,37.4,43.0,31.5,0.0,8,6.5
2025-09-09,Salalah,25.9,29.0,23.1,0.0,88,4.8
2025-09-09,Zurich,17.0,20.1,14.7,9.3,85,6.2
2025-09-10,Amman,23.5,30.6,17.2,0.0,53,6.8
2025-09-10,Cairo,28.2,33.9,22.9,0.0,48,6.8
2025-09-10,Istanbul,22.7,27.7,18.1,0.0,76,8.3
2025-09-10,Khartoum,32.2,38.0,27.5,0.0,42,11.2
2025-09-10,London,15.6,18.0,14.3,7.7,80,13.2
2025-09-10,Munich,12.9,15.7,10.8,5.2,95,5.9
2025-09-10,Riyadh,36.8,42.1,31.1,0.0,10,8.0
2025-09-10,Salalah,25.5,28.7,23.2,0.7,90,5.3
2025-09-10,Zurich,15.7,19.4,13.7,3.9,85,3.5
2025-09-11,Amman,24.9,32.7,17.1,0.0,43,5.9
2025-09-11,Cairo,28.7,35.3,22.6,0.0,52,10.6
2025-09-11,Istanbul,22.9,27.1,20.2,0.0,76,10.1
2025-09-11,Khartoum,31.9,37.9,26.0,0.0,42,10.2
2025-09-11,London,14.3,18.0,12.1,3.7,74,15.5
2025-09-11,Munich,15.1,19.9,11.2,0.3,81,11.3
2025-09-11,Riyadh,36.8,41.9,30.9,0.0,11,6.5
2025-09-11,Salalah,25.8,27.5,24.3,4.3,94,6.0
2025-09-11,Zurich,15.7,18.8,13.5,3.6,80,9.3
2025-09-12,Amman,26.2,33.6,19.1,0.0,37,5.5
2025-09-12,Cairo,29.2,36.2,22.1,0.0,51,7.7
2025-09-12,Istanbul,22.8,26.0,20.5,0.5,78,12.9
2025-09-12,Khartoum,31.9,37.7,26.9,0.0,43,9.4
2025-09-12,London,13.9,17.6,10.9,4.4,73,14.0
2025-09-12,Munich,14.5,16.3,11.5,0.1,77,7.3
2025-09-12,Riyadh,36.9,42.3,31.1,0.0,12,6.3
2025-09-12,Salalah,26.0,28.4,24.5,3.2,92,6.0
2025-09-12,Zurich,14.2,16.9,12.0,4.1,81,4.0
2025-09-13,Amman,26.3,33.7,19.6,0.0,37,7.3
2025-09-13,Cairo,30.1,37.2,22.7,0.0,47,6.8
2025-09-13,Istanbul,22.9,25.5,20.9,0.0,70,16.4
2025-09-13,Khartoum,31.2,36.0,25.4,0.1,49,7.3
2025-09-13,London,14.0,17.2,11.8,3.0,75,12.5
2025-09-13,Munich,15.2,20.3,10.9,0.8,75,5.1
2025-09-13,Riyadh,35.7,40.6,30.7,0.0,17,6.5
2025-09-13,Salalah,26.0,28.9,24.2,0.8,91,5.2
2025-09-13,Zurich,15.1,19.6,10.1,0.0,81,3.0
2025-09-14,Amman,26.9,33.7,20.7,0.0,35,6.2
2025-09-14,Cairo,30.4,38.2,23.2,0.0,45,8.5
2025-09-14,Istanbul,21.9,24.5,20.2,0.0,61,18.9
2025-09-14,Khartoum,34.4,41.0,27.6,0.0,34,5.9
2025-09-14,London,13.6,17.8,9.2,3.5,83,12.1
2025-09-14,Munich,14.5,17.3,12.8,10.6,83,11.1
2025-09-14,Riyadh,34.3,38.9,29.3,0.0,12,9.1
2025-09-14,Salalah,26.0,28.7,24.4,1.7,91,6.0
2025-09-14,Zurich,16.4,20.3,13.0,10.2,78,10.7
2025-09-15,Amman,26.8,33.1,21.4,0.0,41,6.2
2025-09-15,Cairo,28.9,36.2,22.7,0.0,55,8.6
2025-09-15,Istanbul,21.6,24.7,19.5,0.0,61,13.0
2025-09-15,Khartoum,34.6,41.0,27.4,0.0,34,10.1
2025-09-15,London,15.7,17.8,14.1,0.4,67,24.7
2025-09-15,Munich,18.9,24.6,14.4,0.2,73,13.8
2025-09-15,Riyadh,33.7,39.3,27.4,0.0,11,9.2
2025-09-15,Salalah,25.6,27.0,24.8,6.9,93,12.3
2025-09-15,Zurich,18.6,24.2,14.8,6.3,78,11.6
2025-09-16,Amman,25.5,31.9,19.6,0.0,52,6.4
2025-09-16,Cairo,28.2,34.0,23.0,0.0,51,7.2
2025-09-16,Istanbul,22.1,26.7,18.4,0.0,62,8.9
2025-09-16,Khartoum,34.9,40.8,28.7,0.0,34,12.1
2025-09-16,London,14.7,18.3,12.0,0.0,67,16.8
2025-09-16,Munich,14.9,17.2,11.7,1.9,71,15.9
2025-09-16,Riyadh,33.9,39.3,27.4,0.0,11,6.7
2025-09-16,Salalah,25.3,26.5,24.4,4.6,93,9.7
2025-09-16,Zurich,15.0,18.6,12.8,1.3,74,10.5
2025-09-17,Amman,24.7,30.7,20.0,0.0,59,8.0
2025-09-17,Cairo,28.6,34.4,23.2,0.0,48,5.5
2025-09-17,Istanbul,22.1,27.5,18.5,0.0,61,12.0
2025-09-17,Khartoum,31.8,38.0,29.0,0.0,47,11.7
2025-09-17,London,16.0,18.8,12.5,1.1,85,16.3
2025-09-17,Munich,13.4,17.1,9.8,0.0,70,10.8
2025-09-17,Riyadh,34.6,40.5,27.6,0.0,10,8.3
2025-09-17,Salalah,25.5,27.6,24.1,3.4,91,12.1
2025-09-17,Zurich,14.4,19.3,10.0,0.0,78,2.8
2025-09-18,Amman,24.5,30.9,19.1,0.0,52,8.6
2025-09-18,Cairo,29.2,36.2,22.9,0.0,52,8.2
2025-09-18,Istanbul,19.8,22.0,17.6,2.2,61,16.2
2025-09-18,Khartoum,33.3,39.2,27.5,0.1,39,5.9
2025-09-18,London,18.6,21.5,16.1,0.0,85,16.7
2025-09-18,Munich,17.2,23.8,11.8,0.0,68,6.3
2025-09-18,Riyadh,35.8,41.4,27.9,0.0,11,6.2
2025-09-18,Salalah,25.9,28.7,24.1,1.1,88,7.7
2025-09-18,Zurich,16.9,23.9,11.3,0.0,83,1.9
2025-09-19,Amman,23.6,29.1,19.1,0.0,59,9.5
2025-09-19,Cairo,28.3,35.3,22.5,0.0,54,8.3
2025-09-19,Istanbul,20.6,23.0,18.8,0.0,45,14.8
2025-09-19,Khartoum,32.1,39.7,28.9,1.3,46,9.4
2025-09-19,London,18.9,25.4,15.0,0.0,79,9.7
2025-09-19,Munich,17.9,25.9,9.8,0.0,76,7.3
2025-09-19,Riyadh,37.6,42.9,32.3,0.0,10,6.4
2025-09-19,Salalah,25.5,28.9,23.4,0.1,86,5.7
2025-09-19,Zurich,17.2,23.6,12.1,0.0,86,2.4
2025-09-20,Amman,23.9,30.3,17.4,0.0,41,6.0
2025-09-20,Cairo,28.0,34.3,23.0,0.0,50,10.3
2025-09-20,Istanbul,20.4,23.9,17.2,0.0,56,12.6
2025-09-20,Khartoum,29.2,34.8,24.7,4.5,64,7.2
2025-09-20,London,16.7,21.1,13.8,0.0,81,14.5
2025-09-20,Munich,20.2,28.3,13.3,0.0,72,6.7
2025-09-20,Riyadh,37.5,42.8,30.5,0.0,10,8.4
2025-09-20,Salalah,25.5,29.4,23.1,0.0,86,5.9
2025-09-20,Zurich,18.7,26.7,13.2,0.0,87,2.3
2025-09-21,Amman,25.7,31.6,20.3,0.0,23,7.3
2025-09-21,Cairo,27.3,33.1,22.0,0.0,42,8.2
2025-09-21,Istanbul,21.3,24.5,18.3,0.0,63,15.9
2025-09-21,Khartoum,29.5,34.0,24.7,0.4,58,8.7
2025-09-21,London,12.6,15.5,9.5,0.0,63,12.5
2025-09-21,Munich,19.7,26.3,14.5,5.8,75,7.9
2025-09-21,Riyadh,36.4,42.5,30.4,0.0,14,8.7
2025-09-21,Salalah,26.8,30.0,24.2,0.6,86,5.5
2025-09-21,Zurich,18.5,22.4,15.8,14.3,85,5.6
2025-09-22,Amman,26.3,32.3,20.3,0.0,21,7.1
2025-09-22,Cairo,27.3,32.8,21.7,0.0,46,5.7
2025-09-22,Istanbul,22.1,25.5,19.6,0.0,68,15.6
2025-09-22,Khartoum,31.0,36.4,25.8,0.2,52,7.0
2025-09-22,London,11.4,15.7,7.5,0.0,64,11.3
2025-09-22,Munich,14.6,16.8,11.7,2.8,88,9.5
2025-09-22,Riyadh,34.6,40.0,30.0,0.0,22,7.4
2025-09-22,Salalah,27.3,30.4,25.2,1.1,83,6.2
2025-09-22,Zurich,13.5,16.2,11.9,22.1,94,11.3
2025-09-23,Amman,26.7,34.1,20.2,0.0,22,5.9
2025-09-23,Cairo,27.7,33.5,22.0,0.0,50,6.5
2025-09-23,Istanbul,21.5,26.0,18.2,0.0,72,8.0
2025-09-23,Khartoum,32.3,38.6,26.7,0.0,43,7.6
2025-09-23,London,11.5,16.4,7.2,0.0,67,10.2
2025-09-23,Munich,11.6,14.5,9.3,0.9,86,11.8
2025-09-23,Riyadh,33.5,38.8,28.6,0.0,17,7.3
2025-09-23,Salalah,27.0,30.2,24.9,0.2,83,4.4
2025-09-23,Zurich,11.4,12.9,10.4,3.5,90,10.4
2025-09-24,Amman,24.1,29.3,19.4,0.0,51,7.8
2025-09-24,Cairo,27.1,32.9,21.9,0.0,51,9.3
2025-09-24,Istanbul,21.0,25.2,17.4,0.0,70,7.6
2025-09-24,Khartoum,33.7,39.5,27.0,0.0,36,8.1
2025-09-24,London,13.2,17.5,9.6,0.0,65,12.2
2025-09-24,Munich,10.6,12.5,9.5,12.5,91,12.9
2025-09-24,Riyadh,32.6,37.4,27.9,0.0,14,6.5
2025-09-24,Salalah,26.9,29.9,24.6,0.0,81,5.2
2025-09-24,Zurich,11.0,13.2,10.0,5.4,93,6.3
2025-09-25,Amman,20.3,24.7,17.7,0.5,71,13.4
2025-09-25,Cairo,26.0,31.4,20.4,0.0,52,6.2
2025-09-25,Istanbul,20.7,23.7,18.3,0.0,72,14.8
2025-09-25,Khartoum,33.3,39.5,26.6,0.0,38,6.7
2025-09-25,London,13.4,18.3,9.5,0.0,58,13.1
2025-09-25,Munich,10.8,13.5,9.0,4.6,87,5.5
2025-09-25,Riyadh,33.3,39.5,27.4,0.0,12,4.5
2025-09-25,Salalah,26.4,31.3,23.7,0.0,85,6.1
2025-09-25,Zurich,11.1,13.5,9.6,6.7,86,5.9
2025-09-26,Amman,21.8,28.3,16.7,0.0,65,8.7
2025-09-26,Cairo,27.2,33.2,21.6,0.0,48,5.0
2025-09-26,Istanbul,19.8,21.6,18.3,1.4,72,23.2
2025-09-26,Khartoum,33.4,39.2,28.0,0.0,39,9.3
2025-09-26,London,12.8,16.1,9.4,1.1,69,8.5
2025-09-26,Munich,12.3,16.2,8.6,1.5,85,9.0
2025-09-26,Riyadh,35.0,41.5,29.2,0.0,10,8.8
2025-09-26,Salalah,27.2,31.6,24.5,0.0,85,4.9
2025-09-26,Zurich,10.9,14.1,8.8,2.9,87,4.9
2025-09-27,Amman,24.1,30.8,17.3,0.0,43,6.2
2025-09-27,Cairo,27.5,34.2,21.7,0.0,55,7.0
2025-09-27,Istanbul,18.2,20.0,17.2,0.0,55,22.0
2025-09-27,Khartoum,33.0,38.4,26.6,0.0,40,7.6
2025-09-27,London,13.7,17.4,10.6,0.0,71,9.7
2025-09-27,Munich,12.3,15.2,9.2,1.3,87,5.9
2025-09-27,Riyadh,34.8,40.5,29.3,0.0,11,8.3
2025-09-27,Salalah,27.3,31.1,24.4,0.1,81,4.6
2025-09-27,Zurich,10.8,13.8,9.0,7.8,82,4.4
2025-09-28,Amman,26.1,32.7,20.6,0.0,23,5.8
2025-09-28,Cairo,27.2,34.1,21.6,0.0,56,8.6
2025-09-28,Istanbul,18.2,21.0,16.7,0.2,57,15.3
2025-09-28,Khartoum,34.5,39.8,28.3,0.3,24,3.7
2025-09-28,London,13.8,16.8,11.8,0.5,83,6.8
2025-09-28,Munich,11.9,15.6,9.7,0.2,89,5.1
2025-09-28,Riyadh,35.1,40.0,30.1,0.0,15,6.5
2025-09-28,Salalah,26.9,30.4,24.0,0.6,78,5.4
2025-09-28,Zurich,11.8,16.2,8.2,0.3,86,5.8
2025-09-29,Amman,25.6,32.0,20.2,0.0,31,6.8
2025-09-29,Cairo,27.5,34.7,21.2,0.0,53,9.6
2025-09-29,Istanbul,16.5,17.6,15.8,10.9,87,9.1
2025-09-29,Khartoum,35.3,41.9,27.3,0.0,23,8.5
2025-09-29,London,13.2,17.7,8.0,0.0,72,4.0
2025-09-29,Munich,11.7,15.5,8.4,1.5,87,4.9
2025-09-29,Riyadh,33.9,38.7,28.6,0.0,15,6.0
2025-09-29,Salalah,27.1,30.8,24.4,0.0,78,4.0
2025-09-29,Zurich,12.5,16.5,9.5,0.2,83,3.8
2025-09-30,Amman,22.6,27.2,18.8,0.0,54,10.7
2025-09-30,Cairo,27.8,35.5,21.5,0.0,54,9.6
2025-09-30,Istanbul,16.7,19.3,15.0,0.6,74,9.0
2025-09-30,Khartoum,35.0,40.9,27.8,0.0,25,5.2
2025-09-30,London,13.7,18.3,8.9,0.0,72,2.7
2025-09-30,Munich,10.7,14.1,8.9,11.5,90,5.9
2025-09-30,Riyadh,33.8,39.2,27.8,0.0,13,5.9
2025-09-30,Salalah,25.5,29.4,22.6,0.0,85,5.8
2025-09-30,Zurich,11.5,15.7,8.9,4.1,90,2.9
2025-10-01,Amman,21.0,27.0,16.1,0.0,65,8.8
2025-10-01,Cairo,27.1,33.6,21.1,0.0,50,7.7
2025-10-01,Istanbul,16.8,20.3,13.8,0.0,65,9.7
2025-10-01,Khartoum,33.6,38.9,27.4,0.0,38,8.0
2025-10-01,London,13.1,17.9,9.9,0.1,80,5.7
2025-10-01,Munich,8.4,11.6,5.7,0.1,77,7.6
2025-10-01,Riyadh,33.3,38.4,27.9,0.0,13,6.8
2025-10-01,Salalah,27.0,32.4,23.7,0.1,85,6.1
2025-10-01,Zurich,10.5,13.9,8.2,1.2,81,8.7
2025-10-02,Amman,21.4,27.8,15.5,0.0,58,5.8
2025-10-02,Cairo,29.2,36.7,21.9,0.0,38,7.3
2025-10-02,Istanbul,18.2,21.6,15.1,0.0,69,18.7
2025-10-02,Khartoum,33.5,39.1,26.9,0.0,39,9.1
2025-10-02,London,14.5,18.5,10.2,0.0,80,9.0
2025-10-02,Munich,6.8,11.6,2.7,0.0,76,8.2
2025-10-02,Riyadh,31.1,35.5,26.1,0.0,17,6.5
2025-10-02,Salalah,27.6,32.2,24.0,0.0,79,6.1
2025-10-02,Zurich,8.2,12.9,4.0,0.0,80,6.7
2025-10-03,Amman,24.9,31.2,18.3,0.0,35,7.1
2025-10-03,Cairo,28.5,33.4,23.2,0.0,39,8.7
2025-10-03,Istanbul,19.5,23.1,17.8,4.7,77,7.4
2025-10-03,Khartoum,33.1,38.9,27.5,0.0,41,8.3
2025-10-03,London,16.2,17.9,14.3,11.6,85,19.7
2025-10-03,Munich,7.1,12.1,2.9,0.0,73,8.4
2025-10-03,Riyadh,30.5,35.0,25.7,0.0,19,6.1
2025-10-03,Salalah,26.5,30.7,23.4,0.0,79,6.2
2025-10-03,Zurich,7.6,12.0,3.0,0.0,87,2.4
2025-10-04,Amman,26.3,33.2,19.8,0.0,25,5.9
2025-10-04,Cairo,28.3,33.9,22.7,0.0,41,6.2
2025-10-04,Istanbul,17.8,19.9,15.1,2.1,75,10.4
2025-10-04,Khartoum,32.6,37.5,27.7,0.0,36,9.5
2025-10-04,London,13.2,17.1,11.3,4.4,70,23.6
2025-10-04,Munich,11.4,20.7,4.7,3.5,72,13.5
2025-10-04,Riyadh,29.6,34.7,24.1,0.0,17,7.4
2025-10-04,Salalah,26.5,31.0,23.6,0.0,75,5.7
2025-10-04,Zurich,12.7,20.3,9.4,6.2,83,10.7
2025-10-05,Amman,23.9,31.6,17.9,0.0,52,6.6
2025-10-05,Cairo,26.3,31.4,22.2,0.0,58,10.8
2025-10-05,Istanbul,18.4,20.4,16.6,1.7,70,9.1
2025-10-05,Khartoum,33.7,39.2,26.9,0.0,30,3.4
2025-10-05,London,12.8,15.7,10.6,0.0,65,17.1
2025-10-05,Munich,8.4,10.6,6.6,2.7,78,20.1
2025-10-05,Riyadh,29.4,34.7,24.0,0.0,15,9.3
2025-10-05,Salalah,25.5,30.2,21.5,0.0,77,7.8
2025-10-05,Zurich,8.8,12.0,6.7,10.4,81,15.2
2025-10-06,Amman,21.5,27.7,16.9,0.0,65,8.6
2025-10-06,Cairo,25.5,31.1,19.7,0.0,45,7.3
2025-10-06,Istanbul,19.3,21.5,17.5,0.6,66,8.3
2025-10-06,Khartoum,34.7,40.6,27.2,0.0,21,6.2
2025-10-06,London,13.9,18.6,9.6,0.0,79,9.9
2025-10-06,Munich,8.3,10.2,6.8,7.7,84,19.1
2025-10-06,Riyadh,29.3,34.9,23.4,0.0,12,7.6
2025-10-06,Salalah,26.5,31.2,23.4,0.0,77,6.9
2025-10-06,Zurich,9.8,13.3,6.7,0.8,79,7.6
2025-10-07,Amman,20.3,25.7,15.5,0.0,61,7.3
2025-10-07,Cairo,26.6,31.9,20.6,0.0,40,6.4
2025-10-07,Istanbul,17.6,19.2,16.2,18.5,87,5.0
2025-10-07,Khartoum,33.4,38.0,27.6,0.0,31,7.0
2025-10-07,London,14.1,17.0,11.6,0.0,80,7.9
2025-10-07,Munich,10.2,13.4,8.3,3.7,87,9.8
2025-10-07,Riyadh,29.5,35.3,22.5,0.0,12,6.9
2025-10-07,Salalah,26.9,31.5,23.9,0.0,79,5.0
2025-10-07,Zurich,11.6,16.7,7.4,0.2,83,4.3
2025-10-08,Amman,20.7,26.3,16.0,0.0,53,6.6
2025-10-08,Cairo,27.2,33.1,21.5,0.0,35,7.3
2025-10-08,Istanbul,15.4,17.0,13.8,0.3,78,10.5
2025-10-08,Khartoum,33.2,38.8,28.2,0.0,36,8.2
2025-10-08,London,13.7,16.8,11.3,0.4,86,6.3
2025-10-08,Munich,10.9,16.3,6.6,0.0,88,5.1
2025-10-08,Riyadh,29.7,35.0,23.2,0.0,11,5.5
2025-10-08,Salalah,26.5,30.6,23.7,0.0,80,5.8
2025-10-08,Zurich,10.7,15.1,7.0,0.0,90,2.0
2025-10-09,Amman,20.4,24.5,17.2,0.1,53,9.2
2025-10-09,Cairo,25.0,29.0,20.4,0.0,47,7.9
2025-10-09,Istanbul,14.9,17.0,12.7,7.2,76,13.1
2025-10-09,Khartoum,33.2,38.3,27.8,0.0,36,7.5
2025-10-09,London,12.3,15.0,8.8,0.0,79,6.5
2025-10-09,Munich,11.6,13.6,10.3,0.7,94,5.4
2025-10-09,Riyadh,30.3,35.8,22.7,0.0,12,5.7
2025-10-09,Salalah,26.4,30.9,23.4,0.0,80,5.2
2025-10-09,Zurich,12.4,15.2,10.1,0.2,93,3.5
2025-10-10,Amman,19.5,25.7,13.7,0.0,58,4.5
2025-10-10,Cairo,24.0,29.1,19.4,0.0,52,9.7
2025-10-10,Istanbul,15.9,18.7,11.8,0.0,72,6.3
2025-10-10,Khartoum,34.2,39.3,27.9,0.0,23,5.7
2025-10-10,London,13.9,15.8,12.0,0.1,83,4.9
2025-10-10,Munich,10.1,12.4,7.2,0.2,90,5.6
2025-10-10,Riyadh,30.9,36.3,24.2,0.0,13,5.9
2025-10-10,Salalah,26.7,31.0,23.2,0.0,75,4.6
2025-10-10,Zurich,11.9,15.6,9.7,0.1,87,7.5
2025-10-11,Amman,21.7,28.8,15.3,0.0,49,5.5
2025-10-11,Cairo,23.6,29.1,18.3,0.0,52,9.3
2025-10-11,Istanbul,14.8,17.3,11.7,6.7,78,9.9
2025-10-11,Khartoum,33.4,39.9,25.2,0.0,21,8.4
2025-10-11,London,12.7,14.8,10.6,0.0,82,2.5
2025-10-11,Munich,11.0,13.9,8.3,0.0,80,4.5
2025-10-11,Riyadh,29.8,34.6,24.8,0.0,18,5.7
2025-10-11,Salalah,26.5,30.1,23.3,0.0,72,4.7
2025-10-11,Zurich,11.0,14.3,9.2,0.0,85,7.3
2025-10-12,Amman,19.5,23.4,16.0,0.0,68,11.1
2025-10-12,Cairo,23.6,29.6,18.5,0.0,53,8.3
2025-10-12,Istanbul,13.6,16.6,11.0,0.2,75,6.9
2025-10-12,Khartoum,33.4,40.0,25.8,0.0,18,7.8
2025-10-12,London,11.3,15.0,7.5,0.0,85,5.3
2025-10-12,Munich,10.5,13.9,7.8,0.0,81,3.4
2025-10-12,Riyadh,29.5,34.2,24.3,0.0,20,5.0
2025-10-12,Salalah,26.2,30.7,22.6,0.0,71,5.5
2025-10-12,Zurich,10.0,14.5,6.7,0.0,87,4.0
2025-10-13,Amman,19.2,25.3,14.1,0.0,61,5.7
2025-10-13,Cairo,23.4,29.0,17.5,0.0,51,7.1
2025-10-13,Istanbul,16.1,17.9,14.2,0.5,75,4.9
2025-10-13,Khartoum,33.1,39.2,26.0,0.0,18,7.7
2025-10-13,London,13.7,15.6,12.3,0.2,88,9.4
2025-10-13,Munich,9.9,12.2,7.7,0.0,87,4.8
2025-10-13,Riyadh,30.1,35.7,24.1,0.0,18,6.5
2025-10-13,Salalah,26.4,30.9,22.9,0.1,67,5.7
2025-10-13,Zurich,9.7,12.5,7.2,0.0,87,7.6
2025-10-14,Amman,20.0,26.7,14.7,0.0,55,4.8
2025-10-14,Cairo,23.6,29.5,18.3,0.0,53,7.5
2025-10-14,Istanbul,15.9,18.6,13.7,0.3,79,9.6
2025-10-14,Khartoum,33.4,39.4,26.3,0.0,18,10.2
2025-10-14,London,12.4,13.7,10.8,0.1,85,9.0
2025-10-14,Munich,8.1,12.4,4.9,0.0,91,2.3
2025-10-14,Riyadh,29.1,33.9,24.1,0.0,20,7.4
2025-10-14,Salalah,27.2,31.4,22.8,0.0,60,4.4
2025-10-14,Zurich,10.6,12.8,7.8,0.4,85,5.4
2025-10-15,Amman,18.6,25.1,12.9,0.0,58,4.8
2025-10-15,Cairo,23.6,28.4,19.7,0.0,55,8.6
2025-10-15,Istanbul,15.4,18.2,13.4,0.2,80,10.3
2025-10-15,Khartoum,33.5,39.3,26.9,0.0,20,10.6
2025-10-15,London,11.6,13.0,10.5,0.0,84,8.4
2025-10-15,Munich,7.4,12.7,2.0,0.0,89,3.9
2025-10-15,Riyadh,28.3,33.4,22.9,0.0,24,6.9
2025-10-15,Salalah,27.6,31.8,23.6,0.0,48,5.7
2025-10-15,Zurich,9.1,13.4,5.0,0.0,84,6.6
2025-10-16,Amman,19.4,26.5,13.4,0.0,61,4.1
2025-10-16,Cairo,23.3,28.9,17.8,0.0,52,9.0
2025-10-16,Istanbul,15.5,17.6,13.8,0.4,78,15.1
2025-10-16,Khartoum,33.6,39.9,26.9,0.0,21,6.7
2025-10-16,London,12.3,15.4,9.5,0.0,84,6.1
2025-10-16,Munich,7.0,11.0,4.1,0.0,92,2.9
2025-10-16,Riyadh,28.1,32.8,22.5,0.0,16,7.0
2025-10-16,Salalah,27.1,31.0,23.6,0.0,62,6.2
2025-10-16,Zurich,9.5,12.5,7.4,0.1,86,6.4
2025-10-17,Amman,22.2,29.4,16.4,0.0,50,4.2
2025-10-17,Cairo,23.5,29.5,17.9,0.0,56,9.3
2025-10-17,Istanbul,17.3,20.7,15.5,0.2,74,12.8
2025-10-17,Khartoum,33.9,39.6,27.0,0.0,23,5.8
2025-10-17,London,12.8,14.8,11.1,0.0,81,5.6
2025-10-17,Munich,8.0,11.4,5.5,0.0,84,2.3
2025-10-17,Riyadh,28.4,33.2,22.1,0.0,18,5.5
2025-10-17,Salalah,26.6,29.9,23.9,0.0,68,5.8
2025-10-17,Zurich,9.0,12.3,5.6,0.5,85,5.8
2025-10-18,Amman,20.5,26.0,16.3,0.0,59,7.4
2025-10-18,Cairo,23.6,29.8,17.8,0.0,54,9.1
2025-10-18,Istanbul,16.8,18.8,15.2,1.3,86,4.2
2025-10-18,Khartoum,34.1,39.6,27.4,0.0,20,7.3
2025-10-18,London,12.5,14.6,11.1,0.0,73,9.2
2025-10-18,Munich,7.7,11.6,4.8,0.4,82,6.1
2025-10-18,Riyadh,29.1,33.7,23.6,0.0,16,7.5
2025-10-18,Salalah,26.6,30.8,23.1,0.0,60,5.9
2025-10-18,Zurich,8.2,13.3,3.8,0.0,83,5.0
2025-10-19,Amman,18.7,24.7,13.9,0.0,65,7.3
2025-10-19,Cairo,24.1,30.5,17.9,0.0,58,9.2
2025-10-19,Istanbul,15.4,16.7,13.8,11.2,82,9.6
2025-10-19,Khartoum,33.7,39.2,27.5,0.0,21,7.4
2025-10-19,London,13.6,15.3,12.0,6.1,85,12.1
2025-10-19,Munich,6.1,12.0,2.0,0.0,85,6.0
2025-10-19,Riyadh,29.0,34.2,23.6,0.0,16,9.5
2025-10-19,Salalah,26.8,30.9,23.0,0.0,62,4.9
2025-10-19,Zurich,7.6,12.6,4.1,0.0,93,1.9
2025-10-20,Amman,20.2,26.5,15.2,0.0,60,7.7
2025-10-20,Cairo,25.6,32.5,19.2,0.0,53,11.5
2025-10-20,Istanbul,14.4,17.9,12.0,0.0,69,7.2
2025-10-20,Khartoum,33.2,38.8,27.8,0.0,17,6.9
2025-10-20,London,13.2,14.6,11.8,3.4,90,12.4
2025-10-20,Munich,10.0,14.7,6.2,0.5,77,5.0
2025-10-20,Riyadh,28.9,33.6,23.0,0.0,16,4.7
2025-10-20,Salalah,28.1,32.6,24.5,0.0,53,5.7
2025-10-20,Zurich,9.4,12.8,7.3,1.2,96,2.9
2025-10-21,Amman,21.7,27.4,16.6,0.0,38,3.9
2025-10-21,Cairo,25.8,32.7,20.6,0.0,51,13.7
2025-10-21,Istanbul,14.8,18.9,11.4,0.0,63,8.1
2025-10-21,Khartoum,32.4,38.4,25.1,0.0,28,5.9
2025-10-21,London,12.8,15.3,10.9,0.2,85,13.4
2025-10-21,Munich,11.6,16.3,7.7,2.0,82,7.3
2025-10-21,Riyadh,28.4,33.2,23.0,0.0,16,4.9
2025-10-21,Salalah,27.9,32.8,24.8,0.0,43,4.6
2025-10-21,Zurich,11.4,17.1,7.4,8.1,87,3.8
2025-10-22,Amman,22.7,28.6,17.6,0.0,28,4.0
2025-10-22,Cairo,27.1,33.8,21.8,0.0,47,13.7
2025-10-22,Istanbul,16.8,19.7,13.9,0.0,81,5.5
2025-10-22,Khartoum,32.6,37.7,26.4,0.0,30,8.1
2025-10-22,London,11.4,14.6,8.9,7.8,85,7.3
2025-10-22,Munich,11.8,15.6,9.8,4.7,89,7.4
2025-10-22,Riyadh,27.8,32.7,22.3,0.0,18,4.7
2025-10-22,Salalah,28.6,33.4,24.4,0.0,37,6.6
2025-10-22,Zurich,12.8,16.7,11.0,18.4,90,4.4
2025-10-23,Amman,24.4,31.1,18.0,0.0,24,6.4
2025-10-23,Cairo,26.2,32.8,20.3,0.0,59,7.1
2025-10-23,Istanbul,17.9,19.5,17.0,3.2,86,9.1
2025-10-23,Khartoum,32.5,36.6,28.3,0.0,38,6.1
2025-10-23,London,9.8,11.7,7.3,16.3,83,20.9
2025-10-23,Munich,11.0,15.2,9.1,8.2,80,15.3
2025-10-23,Riyadh,27.1,32.2,21.1,0.0,18,5.9
2025-10-23,Salalah,29.5,36.3,25.6,0.0,26,9.8
2025-10-23,Zurich,11.0,13.1,8.5,15.7,85,15.8
2025-10-24,Amman,23.0,27.2,18.3,0.0,36,8.9
2025-10-24,Cairo,25.8,32.1,19.5,0.0,57,4.6
2025-10-24,Istanbul,19.4,22.9,17.2,34.8,80,17.0
2025-10-24,Khartoum,33.3,39.2,26.4,0.0,36,7.6
2025-10-24,London,8.6,12.0,5.8,0.0,74,15.9
2025-10-24,Munich,7.2,8.9,6.0,0.5,71,21.4
2025-10-24,Riyadh,27.3,32.6,20.8,0.0,16,6.2
2025-10-24,Salalah,28.6,35.3,24.2,0.0,32,7.8
2025-10-24,Zurich,7.8,10.1,5.0,8.7,74,18.4
2025-10-25,Amman,20.5,26.4,14.4,0.0,49,5.2
2025-10-25,Cairo,26.6,33.1,19.6,0.0,48,5.1
2025-10-25,Istanbul,16.5,18.1,15.4,30.8,82,8.9
2025-10-25,Khartoum,33.2,38.8,26.6,0.0,17,8.8
2025-10-25,London,9.1,11.8,6.5,1.1,77,14.1
2025-10-25,Munich,6.8,9.7,4.5,14.5,80,17.3
2025-10-25,Riyadh,28.0,33.3,21.2,0.0,15,5.2
2025-10-25,Salalah,28.6,35.5,23.0,0.0,28,5.6
2025-10-25,Zurich,8.4,10.0,7.2,18.8,88,11.1
2025-10-26,Amman,20.5,26.1,15.4,0.0,52,6.3
2025-10-26,Cairo,25.1,30.3,20.9,0.0,59,6.9
2025-10-26,Istanbul,17.4,19.6,14.7,0.0,78,9.1
2025-10-26,Khartoum,32.1,38.3,24.9,0.0,18,7.7
2025-10-26,London,7.6,10.9,4.9,0.7,78,14.7
2025-10-26,Munich,6.7,8.8,4.9,1.8,74,19.9
2025-10-26,Riyadh,28.3,33.4,22.0,0.0,13,5.2
2025-10-26,Salalah,29.3,36.9,23.7,0.0,32,3.2
2025-10-26,Zurich,7.2,9.1,5.6,7.2,80,15.5
2025-10-27,Amman,20.8,27.8,14.0,0.0,56,4.3
2025-10-27,Cairo,24.8,29.6,19.9,0.0,63,6.2
2025-10-27,Istanbul,18.9,23.8,14.9,12.0,73,19.2
2025-10-27,Khartoum,32.1,38.4,24.7,0.0,15,6.7
2025-10-27,London,11.1,12.8,9.9,0.0,71,16.6
2025-10-27,Munich,5.7,6.9,4.4,6.1,81,26.5
2025-10-27,Riyadh,27.4,33.0,20.6,0.0,14,6.1
2025-10-27,Salalah,28.8,34.2,23.3,0.0,31,5.1
2025-10-27,Zurich,6.8,8.2,5.9,14.8,84,22.1
2025-10-28,Amman,22.7,29.6,17.1,0.0,42,3.7
2025-10-28,Cairo,24.8,30.7,19.3,0.0,59,7.7
2025-10-28,Istanbul,15.5,18.9,13.0,1.3,85,6.7
2025-10-28,Khartoum,32.3,38.7,24.9,0.0,15,6.2
2025-10-28,London,12.4,14.4,11.3,0.3,75,16.2
2025-10-28,Munich,8.9,13.2,5.7,1.5,75,21.5
2025-10-28,Riyadh,27.4,32.4,21.1,0.0,18,4.6
2025-10-28,Salalah,29.0,36.1,23.4,0.0,28,6.4
2025-10-28,Zurich,9.6,14.2,6.5,1.9,82,11.7
2025-10-29,Amman,20.2,25.7,14.8,0.0,58,7.6
2025-10-29,Cairo,24.2,30.4,18.2,0.0,62,8.6
2025-10-29,Istanbul,14.1,17.0,11.7,0.0,65,5.8
2025-10-29,Khartoum,32.9,39.2,25.9,0.0,16,9.0
2025-10-29,London,11.0,12.5,7.7,4.7,90,10.0
2025-10-29,Munich,9.7,14.3,5.9,0.0,77,8.2
2025-10-29,Riyadh,27.0,32.2,20.6,0.0,17,5.1
2025-10-29,Salalah,29.2,37.7,23.0,0.0,26,7.3
2025-10-29,Zurich,7.8,12.8,3.4,0.3,90,2.9
2025-10-30,Amman,20.1,25.9,14.9,0.0,50,7.0
2025-10-30,Cairo,24.2,29.7,19.7,0.0,64,10.0
2025-10-30,Istanbul,14.2,18.6,11.1,0.0,70,4.0
2025-10-30,Khartoum,32.4,38.7,25.1,0.0,18,8.9
2025-10-30,London,9.3,12.9,5.6,0.0,82,10.9
2025-10-30,Munich,10.7,14.1,5.8,0.1,76,10.9
2025-10-30,Riyadh,26.7,32.3,20.2,0.0,15,6.2
2025-10-30,Salalah,27.8,34.5,23.7,0.0,39,4.8
2025-10-30,Zurich,9.9,12.9,7.1,3.8,92,4.8
2025-10-31,Amman,20.8,25.8,15.6,0.0,32,8.4
2025-10-31,Cairo,24.4,30.5,19.6,0.0,65,11.1
2025-10-31,Istanbul,15.4,17.5,14.2,0.0,83,8.1
2025-10-31,Khartoum,32.1,38.3,25.4,0.0,19,9.1
2025-10-31,London,14.5,15.7,12.8,4.2,85,18.9
2025-10-31,Munich,7.6,12.9,3.8,0.0,88,4.2
2025-10-31,Riyadh,25.6,30.6,20.1,0.0,18,7.2
2025-10-31,Salalah,27.5,32.9,22.9,0.0,44,4.9
2025-10-31,Zurich,8.9,13.5,6.5,0.0,94,1.9
2025-11-01,Amman,21.5,27.5,15.8,0.0,23,6.5
2025-11-01,Cairo,24.8,31.1,20.8,0.0,66,11.9
2025-11-01,Istanbul,15.5,20.2,11.6,0.0,80,6.3
2025-11-01,Khartoum,32.0,38.2,24.6,0.0,21,7.4
2025-11-01,London,12.8,15.8,9.5,4.7,80,17.7
2025-11-01,Munich,11.0,16.9,6.0,0.0,81,5.2
2025-11-01,Riyadh,25.2,30.5,19.2,0.0,20,6.6
2025-11-01,Salalah,27.9,32.6,23.5,0.0,41,4.9
2025-11-01,Zurich,9.8,13.5,7.3,0.7,95,2.1
2025-11-02,Amman,22.9,29.4,16.7,0.0,21,7.3
2025-11-02,Cairo,24.4,29.7,20.0,0.0,69,8.7
2025-11-02,Istanbul,15.6,19.6,13.2,0.0,86,10.9
2025-11-02,Khartoum,32.4,38.3,25.4,0.0,19,8.8
2025-11-02,London,9.3,12.2,7.5,3.8,80,11.3
2025-11-02,Munich,10.2,12.3,7.8,16.5,92,8.0
2025-11-02,Riyadh,24.9,30.3,19.5,0.0,15,6.9
2025-11-02,Salalah,27.6,32.0,23.9,0.0,46,5.1
2025-11-02,Zurich,10.1,11.1,7.4,27.5,94,6.7
2025-11-03,Amman,23.2,29.3,17.6,0.0,24,6.2
2025-11-03,Cairo,24.4,28.5,20.6,1.6,63,14.2
2025-11-03,Istanbul,15.4,18.0,12.8,0.0,90,5.7
2025-11-03,Khartoum,33.2,38.8,27.5,0.0,20,9.9
2025-11-03,London,12.8,15.9,7.4,1.3,84,17.6
2025-11-03,Munich,7.6,10.5,5.5,2.2,80,14.0
2025-11-03,Riyadh,24.1,29.8,19.0,0.0,10,7.7
2025-11-03,Salalah,28.0,35.1,24.0,0.0,47,4.1
2025-11-03,Zurich,7.9,11.8,5.7,0.3,85,4.7
2025-11-04,Amman,23.8,29.1,19.3,0.0,28,7.2
2025-11-04,Cairo,27.4,33.7,21.6,0.0,32,6.7
2025-11-04,Istanbul,16.4,20.2,14.4,0.0,88,9.3
2025-11-04,Khartoum,32.5,38.0,26.2,0.0,19,9.8
2025-11-04,London,14.4,15.4,13.6,0.0,83,16.2
2025-11-04,Munich,6.7,12.5,2.6,0.0,79,5.9
2025-11-04,Riyadh,23.3,29.4,17.2,0.0,12,8.2
2025-11-04,Salalah,28.6,36.1,23.1,0.0,35,6.1
2025-11-04,Zurich,6.1,11.4,2.5,0.0,92,1.4
2025-11-05,Amman,24.4,31.0,18.9,0.0,20,7.9
2025-11-05,Cairo,25.0,30.8,19.3,0.0,61,4.2
2025-11-05,Istanbul,16.2,18.7,15.2,1.3,87,15.1
2025-11-05,Khartoum,31.5,37.5,24.7,0.0,20,8.4
2025-11-05,London,15.5,17.2,14.5,0.1,75,13.7
2025-11-05,Munich,4.8,10.8,0.9,0.0,92,4.7
2025-11-05,Riyadh,23.0,29.0,16.0,0.0,12,5.3
2025-11-05,Salalah,27.3,33.9,21.4,0.0,22,8.0
2025-11-05,Zurich,5.4,11.1,2.5,0.0,93,2.3
2025-11-06,Amman,23.4,29.5,18.4,0.0,15,10.7
2025-11-06,Cairo,23.8,27.8,20.2,0.0,64,5.0
2025-11-06,Istanbul,16.3,18.1,15.3,0.0,87,16.4
2025-11-06,Khartoum,30.6,36.7,23.7,0.0,21,8.9
2025-11-06,London,15.0,16.6,14.1,1.1,86,8.9
2025-11-06,Munich,2.4,5.9,0.2,0.0,93,2.9
2025-11-06,Riyadh,23.2,29.2,15.7,0.0,13,3.0
2025-11-06,Salalah,26.2,31.9,20.1,0.0,31,7.2
2025-11-06,Zurich,4.8,9.7,2.4,0.0,94,2.5
2025-11-07,Amman,21.0,26.9,15.5,0.0,18,5.3
2025-11-07,Cairo,23.4,28.3,18.0,0.0,46,5.0
2025-11-07,Istanbul,16.7,19.1,15.5,6.3,89,10.8
2025-11-07,Khartoum,30.0,36.1,23.4,0.0,23,9.7
2025-11-07,London,13.3,15.0,12.1,0.3,93,8.8
2025-11-07,Munich,1.8,4.8,0.3,0.0,95,3.0
2025-11-07,Riyadh,23.2,29.5,15.9,0.0,14,3.1
2025-11-07,Salalah,26.2,30.0,22.8,0.0,39,6.5
2025-11-07,Zurich,4.8,8.1,2.9,0.0,95,1.9
2025-11-08,Amman,19.9,25.9,14.3,0.0,34,3.5
2025-11-08,Cairo,23.4,28.6,18.2,0.0,53,8.5
2025-11-08,Istanbul,16.8,19.6,14.3,0.0,90,5.9
2025-11-08,Khartoum,30.5,37.0,23.3,0.0,25,9.1
2025-11-08,London,12.2,14.1,9.1,2.9,88,8.8
2025-11-08,Munich,3.5,5.8,1.4,0.5,94,4.9
2025-11-08,Riyadh,23.5,29.7,16.1,0.0,15,3.2
2025-11-08,Salalah,26.3,32.0,21.9,0.0,57,8.3
2025-11-08,Zurich,5.2,8.0,3.4,0.0,96,1.4
2025-11-09,Amman,20.5,25.9,14.0,0.0,20,8.4
2025-11-09,Cairo,23.8,29.1,19.1,0.0,65,12.4
2025-11-09,Istanbul,17.6,20.2,15.8,0.0,80,6.3
2025-11-09,Khartoum,31.1,37.3,24.2,0.0,27,6.8
2025-11-09,London,10.2,14.0,5.2,0.0,88,9.6
2025-11-09,Munich,7.1,10.2,4.2,5.7,92,9.2
2025-11-09,Riyadh,23.1,28.8,16.6,0.0,14,4.8
2025-11-09,Salalah,25.9,31.1,21.5,0.0,52,7.5
2025-11-09,Zurich,7.0,9.4,5.2,0.3,95,2.0
2025-11-10,Amman,21.0,26.5,15.8,0.0,18,12.5
2025-11-10,Cairo,23.9,29.6,19.4,0.0,70,7.5
2025-11-10,Istanbul,17.4,20.1,15.4,0.0,77,5.3
2025-11-10,Khartoum,32.1,38.1,25.5,0.0,28,7.8
2025-11-10,London,11.9,13.2,8.7,5.8,90,14.9
2025-11-10,Munich,7.2,10.5,3.7,0.7,91,5.3
2025-11-10,Riyadh,22.5,27.5,16.9,0.0,17,5.3
2025-11-10,Salalah,25.9,33.1,20.3,0.0,36,7.2
2025-11-10,Zurich,6.4,8.4,5.2,0.1,95,3.0
2025-11-11,Amman,20.8,27.0,16.4,0.0,19,9.8
2025-11-11,Cairo,23.6,27.9,20.8,0.0,55,7.8
2025-11-11,Istanbul,16.2,17.7,13.9,11.5,85,9.4
2025-11-11,Khartoum,31.6,37.2,25.7,0.0,27,10.0
2025-11-11,London,12.2,14.8,8.3,1.0,85,15.3
2025-11-11,Munich,8.0,13.2,3.6,0.0,83,7.3
2025-11-11,Riyadh,21.9,27.1,15.6,0.0,17,3.6
2025-11-11,Salalah,25.9,31.5,20.7,0.0,36,5.9
2025-11-11,Zurich,7.7,12.8,4.6,0.0,90,2.0
2025-11-12,Amman,18.9,24.3,13.7,0.0,49,3.7
2025-11-12,Cairo,21.7,26.3,16.5,0.0,56,5.3
2025-11-12,Istanbul,14.0,15.7,13.1,30.3,82,11.5
2025-11-12,Khartoum,30.8,36.4,25.1,0.0,24,8.9
2025-11-12,London,14.4,16.4,13.2,0.8,81,14.3
2025-11-12,Munich,6.9,12.1,2.6,0.0,83,6.1
2025-11-12,Riyadh,22.5,27.6,17.0,0.0,17,2.9
2025-11-12,Salalah,25.2,29.7,20.7,0.0,55,6.1
2025-11-12,Zurich,5.8,11.2,1.8,0.0,92,1.3
2025-11-13,Amman,18.1,23.7,14.2,0.1,39,4.9
2025-11-13,Cairo,20.8,25.4,16.3,0.2,61,6.4
2025-11-13,Istanbul,12.9,15.1,11.0,0.6,81,7.9
2025-11-13,Khartoum,30.3,35.9,24.2,0.0,25,9.7
2025-11-13,London,14.4,16.7,13.0,4.6,84,10.8
2025-11-13,Munich,8.9,13.9,4.0,0.0,72,7.3
2025-11-13,Riyadh,22.2,27.3,16.2,0.0,23,4.0
2025-11-13,Salalah,25.1,31.6,21.0,0.0,55,8.3
2025-11-13,Zurich,7.6,15.8,2.4,0.0,89,2.3
2025-11-14,Amman,14.0,17.0,11.7,2.2,80,13.4
2025-11-14,Cairo,20.3,24.8,16.0,0.1,58,8.1
2025-11-14,Istanbul,11.7,14.8,8.1,0.1,80,4.7
2025-11-14,Khartoum,28.1,33.4,23.3,0.0,24,14.3
2025-11-14,London,13.0,14.3,12.1,15.2,96,9.1
2025-11-14,Munich,10.1,18.3,4.8,0.0,72,5.4
2025-11-14,Riyadh,22.5,28.0,16.8,0.0,18,7.9
2025-11-14,Salalah,25.0,29.3,21.3,0.0,50,9.4
2025-11-14,Zurich,8.2,14.2,1.6,0.0,86,2.2
2025-11-15,Amman,13.2,16.1,11.6,2.6,86,17.9
2025-11-15,Cairo,20.2,24.6,15.8,0.0,55,8.0
2025-11-15,Istanbul,11.9,14.3,9.0,0.0,76,5.1
2025-11-15,Khartoum,25.5,31.5,19.1,0.0,24,12.3
2025-11-15,London,11.8,13.2,10.4,0.3,94,6.3
2025-11-15,Munich,9.6,14.4,6.6,0.1,75,7.3
2025-11-15,Riyadh,23.7,28.8,18.9,0.0,22,9.4
2025-11-15,Salalah,24.7,29.2,20.5,0.0,42,7.6
2025-11-15,Zurich,11.0,15.8,7.7,0.3,83,4.2
2025-11-16,Amman,14.0,17.9,11.8,0.7,81,8.5
2025-11-16,Cairo,20.9,25.4,16.4,0.0,57,5.7
2025-11-16,Istanbul,14.3,15.8,13.2,0.0,76,10.0
2025-11-16,Khartoum,26.0,32.6,18.8,0.0,24,9.1
2025-11-16,London,9.2,10.6,6.7,0.6,82,11.1
2025-11-16,Munich,9.3,12.8,6.2,0.4,90,7.1
2025-11-16,Riyadh,23.8,28.1,19.6,0.0,23,9.9
2025-11-16,Salalah,24.7,28.7,20.7,0.0,62,6.8
2025-11-16,Zurich,7.6,9.1,6.3,1.2,96,3.4
2025-11-17,Amman,14.3,19.1,9.7,0.0,66,6.8
2025-11-17,Cairo,21.0,25.3,16.9,0.0,50,5.9
2025-11-17,Istanbul,16.4,18.8,14.3,0.0,65,17.7
2025-11-17,Khartoum,28.9,35.5,21.7,0.0,34,8.1
2025-11-17,London,5.6,7.6,3.2,0.0,77,11.5
2025-11-17,Munich,5.8,8.9,1.3,7.8,93,13.2
2025-11-17,Riyadh,24.2,28.3,19.9,0.0,23,6.2
2025-11-17,Salalah,25.1,30.1,20.4,0.0,48,8.8
2025-11-17,Zurich,5.9,8.4,1.7,17.3,94,6.8
2025-11-18,Amman,15.3,20.2,10.6,0.0,55,13.1
2025-11-18,Cairo,20.4,26.5,14.1,0.0,59,7.2
2025-11-18,Istanbul,18.4,20.2,17.1,0.0,58,20.5
2025-11-18,Khartoum,30.5,36.3,24.2,0.0,33,10.0
2025-11-18,London,3.2,6.9,-0.1,0.1,89,8.9
2025-11-18,Munich,0.9,3.7,-1.5,0.3,82,5.6
2025-11-18,Riyadh,23.5,27.5,19.6,0.0,25,5.9
2025-11-18,Salalah,25.9,32.2,21.7,0.0,44,10.5
2025-11-18,Zurich,1.4,4.2,-0.6,0.0,86,5.5
2025-11-19,Amman,15.7,20.4,10.8,0.0,46,10.8
2025-11-19,Cairo,21.6,28.6,15.4,0.0,62,6.6
2025-11-19,Istanbul,18.2,19.7,16.8,0.0,66,13.7
2025-11-19,Khartoum,30.0,35.8,24.0,0.0,30,10.2
2025-11-19,London,3.5,5.0,0.9,6.3,86,14.5
2025-11-19,Munich,-0.2,3.9,-2.7,0.0,78,6.7
2025-11-19,Riyadh,22.3,27.3,17.4,0.0,29,6.8
2025-11-19,Salalah,25.0,31.9,20.8,0.0,46,8.9
2025-11-19,Zurich,0.7,3.6,-1.8,0.0,88,3.2
2025-11-20,Amman,17.0,23.5,11.4,0.0,38,6.8
2025-11-20,Cairo,21.7,29.5,15.6,0.0,60,3.1
2025-11-20,Istanbul,17.5,20.0,15.5,0.0,73,11.8
2025-11-20,Khartoum,29.6,36.3,22.7,0.0,26,8.9
2025-11-20,London,1.2,3.6,-1.4,0.0,74,11.4
2025-11-20,Munich,1.1,3.2,-1.4,1.9,80,11.3
2025-11-20,Riyadh,22.7,28.1,17.6,0.0,28,6.9
2025-11-20,Salalah,24.8,31.5,20.2,0.0,48,7.7
2025-11-20,Zurich,1.7,3.6,-0.9,3.7,84,10.1
2025-11-21,Amman,18.6,25.4,11.8,0.0,36,6.7
2025-11-21,Cairo,23.9,32.3,17.3,0.0,49,3.1
2025-11-21,Istanbul,17.5,21.2,14.7,0.0,67,8.3
2025-11-21,Khartoum,30.3,36.9,22.9,0.0,26,7.5
2025-11-21,London,2.4,5.7,0.6,0.0,84,8.7
2025-11-21,Munich,-0.8,0.3,-2.2,2.7,88,8.1
2025-11-21,Riyadh,22.4,27.5,17.5,0.0,25,6.5
2025-11-21,Salalah,25.2,31.7,21.0,0.0,49,7.7
2025-11-21,Zurich,-0.2,1.1,-1.0,6.6,82,9.7
2025-11-22,Amman,19.6,25.1,13.8,0.0,31,9.3
2025-11-22,Cairo,25.9,34.1,18.5,0.0,32,2.6
2025-11-22,Istanbul,17.3,19.9,14.5,0.0,62,8.0
2025-11-22,Khartoum,31.5,37.5,24.9,0.0,23,5.8
2025-11-22,London,5.3,7.8,0.9,10.4,84,15.5
2025-11-22,Munich,-4.0,-2.2,-5.6,0.0,83,3.4
2025-11-22,Riyadh,20.8,25.5,16.0,0.0,27,7.1
2025-11-22,Salalah,26.1,32.8,21.5,0.0,47,9.1
2025-11-22,Zurich,-2.4,-0.9,-3.8,0.0,83,6.5
2025-11-23,Amman,18.5,23.4,13.3,0.0,27,11.8
2025-11-23,Cairo,25.2,32.9,18.4,0.0,28,3.6
2025-11-23,Istanbul,17.2,19.5,15.3,0.0,73,9.4
2025-11-23,Khartoum,31.7,37.6,24.5,0.0,23,6.1
2025-11-23,London,7.7,10.0,5.6,9.7,85,14.0
2025-11-23,Munich,-3.7,0.6,-7.5,0.0,67,4.6
2025-11-23,Riyadh,19.4,24.4,13.6,0.0,18,5.3
2025-11-23,Salalah,25.8,33.3,20.9,0.0,49,9.7
2025-11-23,Zurich,-1.8,1.3,-4.7,0.6,86,2.6
2025-11-24,Amman,17.3,23.7,11.4,0.0,28,5.5
2025-11-24,Cairo,22.0,27.1,18.4,0.4,68,9.0
2025-11-24,Istanbul,13.9,15.9,11.8,3.2,81,7.2
2025-11-24,Khartoum,30.5,35.9,24.6,0.0,22,10.1
2025-11-24,London,5.6,6.9,4.2,1.6,88,10.9
2025-11-24,Munich,1.4,2.8,-0.4,12.6,92,5.9
2025-11-24,Riyadh,20.2,26.0,13.5,0.0,19,4.2
2025-11-24,Salalah,25.5,33.1,20.4,0.0,46,8.2
2025-11-24,Zurich,2.1,4.5,0.2,35.0,97,4.9
2025-11-25,Amman,15.5,18.6,11.5,2.8,72,7.0
2025-11-25,Cairo,20.3,24.1,15.9,0.0,58,5.8
2025-11-25,Istanbul,13.0,14.5,11.5,0.0,73,7.7
2025-11-25,Khartoum,28.2,34.1,22.4,0.0,21,9.5
2025-11-25,London,5.1,6.6,3.7,0.0,80,13.0
2025-11-25,Munich,2.2,4.4,0.7,9.9,97,8.2
2025-11-25,Riyadh,20.2,24.8,14.3,0.0,23,4.0
2025-11-25,Salalah,24.8,32.0,19.2,0.0,38,7.0
2025-11-25,Zurich,2.5,4.3,1.4,12.4,93,8.1
2025-11-26,Amman,13.0,17.6,9.6,0.0,64,4.3
2025-11-26,Cairo,19.1,23.6,14.1,0.0,50,6.8
2025-11-26,Istanbul,15.5,18.2,13.5,0.0,69,11.9
2025-11-26,Khartoum,28.0,34.5,20.9,0.0,31,7.7
2025-11-26,London,3.5,8.4,-0.1,0.4,87,7.3
2025-11-26,Munich,1.0,1.9,-0.2,6.0,98,8.7
2025-11-26,Riyadh,20.6,25.3,15.4,0.0,31,4.3
2025-11-26,Salalah,24.6,29.1,20.3,0.0,46,5.9
2025-11-26,Zurich,1.6,3.9,0.4,10.8,96,3.3
2025-11-27,Amman,14.1,19.2,9.3,0.0,52,11.1
2025-11-27,Cairo,19.8,25.1,14.9,0.0,57,7.7
2025-11-27,Istanbul,15.9,19.3,13.7,0.0,67,7.5
2025-11-27,Khartoum,29.0,35.5,22.3,0.0,31,7.8
2025-11-27,London,11.6,13.3,8.8,1.4,93,16.1
2025-11-27,Munich,-0.3,2.0,-3.1,0.1,88,4.6
2025-11-27,Riyadh,21.4,26.9,15.1,0.0,29,4.0
2025-11-27,Salalah,23.4,27.4,19.6,0.0,61,7.2
2025-11-27,Zurich,0.8,4.1,-0.9,0.6,92,4.4
2025-11-28,Amman,15.3,20.0,10.9,0.0,41,8.6
2025-11-28,Cairo,20.1,25.7,14.2,0.0,52,4.1
2025-11-28,Istanbul,15.1,18.4,13.1,1.0,75,6.2
2025-11-28,Khartoum,29.8,35.9,23.1,0.0,31,8.6
2025-11-28,London,10.7,13.3,8.6,0.2,85,13.8
2025-11-28,Munich,-0.7,4.3,-4.3,0.0,73,6.8
2025-11-28,Riyadh,21.7,26.9,15.7,0.0,25,4.5
2025-11-28,Salalah,24.5,30.2,20.7,0.2,58,6.2
2025-11-28,Zurich,1.0,4.3,-1.6,0.1,89,1.6
2025-11-29,Amman,16.3,22.0,11.2,0.0,39,3.3
2025-11-29,Cairo,19.7,25.0,14.5,0.0,50,4.1
2025-11-29,Istanbul,12.8,13.8,11.8,15.5,90,6.3
2025-11-29,Khartoum,30.5,36.1,24.6,0.0,33,8.8
2025-11-29,London,9.1,11.5,5.1,3.9,87,16.4
2025-11-29,Munich,2.2,4.6,0.4,0.2,79,7.9
2025-11-29,Riyadh,21.8,27.1,15.3,0.0,24,3.3
2025-11-29,Salalah,25.3,31.2,20.8,0.0,39,10.4
2025-11-29,Zurich,3.6,7.5,1.7,0.7,92,1.6
2025-11-30,Amman,15.8,19.4,11.6,0.0,54,10.0
2025-11-30,Cairo,17.8,21.7,13.6,0.0,45,5.1
2025-11-30,Istanbul,12.3,13.4,11.1,1.7,84,8.3
2025-11-30,Khartoum,30.4,36.5,24.0,0.0,34,8.5
2025-11-30,London,5.2,7.6,3.0,0.0,80,11.1
2025-11-30,Munich,2.2,5.9,-1.6,1.6,92,7.1
2025-11-30,Riyadh,21.9,27.4,15.2,0.0,26,2.3
2025-11-30,Salalah,24.7,30.7,19.2,0.0,34,11.0
2025-11-30,Zurich,2.6,5.1,0.2,4.1,97,3.2
2025-12-01,Amman,14.0,18.7,10.9,0.0,65,6.6
2025-12-01,Cairo,18.6,23.9,13.5,0.0,59,4.8
2025-12-01,Istanbul,10.7,13.0,8.7,6.6,86,3.9
2025-12-01,Khartoum,29.8,35.5,23.8,0.0,34,8.8
2025-12-01,London,10.0,11.8,6.6,5.5,86,23.0
2025-12-01,Munich,3.6,5.3,2.3,1.5,92,7.4
2025-12-01,Riyadh,22.3,27.5,15.7,0.0,26,3.5
2025-12-01,Salalah,24.5,30.4,19.5,0.0,41,8.5
2025-12-01,Zurich,3.8,4.7,2.7,1.0,91,3.8
2025-12-02,Amman,13.5,18.9,9.0,0.0,56,3.8
2025-12-02,Cairo,18.8,24.1,13.4,0.0,61,7.1
2025-12-02,Istanbul,10.1,13.1,7.1,0.0,84,3.7
2025-12-02,Khartoum,29.4,35.6,23.3,0.0,35,9.8
2025-12-02,London,8.8,10.7,6.9,3.8,87,11.3
2025-12-02,Munich,1.9,4.3,0.3,0.0,95,4.7
2025-12-02,Riyadh,22.3,26.8,17.3,0.0,24,4.1
2025-12-02,Salalah,23.7,28.8,18.9,0.0,43,7.1
2025-12-02,Zurich,1.3,5.1,-0.6,0.0,96,2.9
2025-12-03,Amman,13.8,18.4,9.8,0.0,51,7.7
2025-12-03,Cairo,19.1,24.0,14.4,0.0,60,8.3
2025-12-03,Istanbul,11.1,13.8,9.0,0.0,80,5.2
2025-12-03,Khartoum,29.2,35.4,22.6,0.0,34,8.0
2025-12-03,London,6.3,9.2,3.4,0.8,89,7.7
2025-12-03,Munich,0.7,1.9,-0.7,0.0,96,5.1
2025-12-03,Riyadh,20.8,25.5,15.6,0.0,30,3.7
2025-12-03,Salalah,23.8,28.4,19.6,0.0,54,5.7
2025-12-03,Zurich,1.0,2.4,-0.4,0.0,97,2.8
2025-12-04,Amman,14.1,18.3,10.5,0.0,46,11.7
2025-12-04,Cairo,20.6,26.4,15.6,0.0,53,6.6
2025-12-04,Istanbul,11.6,15.4,9.2,0.0,75,6.5
2025-12-04,Khartoum,30.0,36.4,23.0,0.0,30,6.6
2025-12-04,London,6.6,8.2,2.8,6.1,91,12.4
2025-12-04,Munich,-0.2,1.0,-1.1,0.0,96,3.3
2025-12-04,Riyadh,20.0,23.5,15.6,0.1,41,4.6
2025-12-04,Salalah,23.4,27.6,19.5,0.0,52,7.3
2025-12-04,Zurich,1.9,2.7,1.0,0.1,97,2.8
2025-12-05,Amman,14.1,19.0,8.3,0.1,45,7.3
2025-12-05,Cairo,21.3,26.2,17.5,0.0,35,7.8
2025-12-05,Istanbul,13.6,17.0,11.6,0.0,72,9.5
2025-12-05,Khartoum,30.7,36.9,23.7,0.0,25,4.9
2025-12-05,London,4.6,9.0,-0.4,10.6,87,14.1
2025-12-05,Munich,1.3,3.8,-0.2,3.2,94,5.1
2025-12-05,Riyadh,20.4,24.3,16.0,0.0,40,5.0
2025-12-05,Salalah,23.9,28.3,20.3,0.0,62,6.6
2025-12-05,Zurich,3.3,5.5,1.8,1.7,92,2.2
2025-12-06,Amman,14.4,17.9,11.1,5.7,64,10.4
2025-12-06,Cairo,18.1,22.8,14.5,0.0,45,6.3
2025-12-06,Istanbul,15.2,18.7,13.1,1.3,75,10.3
2025-12-06,Khartoum,31.0,37.1,24.3,0.0,23,6.5
2025-12-06,London,10.1,11.8,8.9,1.0,84,17.4
2025-12-06,Munich,2.6,6.2,0.0,1.7,90,9.1
2025-12-06,Riyadh,20.4,24.5,15.9,0.0,39,6.9
2025-12-06,Salalah,24.3,28.9,20.4,0.0,57,8.1
2025-12-06,Zurich,3.2,7.2,0.1,0.8,92,4.3
2025-12-07,Amman,13.0,15.9,10.1,0.0,67,9.2
2025-12-07,Cairo,15.9,20.0,11.3,0.0,39,9.7
2025-12-07,Istanbul,12.5,14.7,10.7,39.6,91,14.0
2025-12-07,Khartoum,31.4,37.7,24.8,0.0,23,8.4
2025-12-07,London,11.0,14.1,8.2,4.3,89,15.7
2025-12-07,Munich,5.7,8.0,2.9,6.6,85,12.8
2025-12-07,Riyadh,20.5,24.5,16.2,0.0,34,7.8
2025-12-07,Salalah,24.4,29.4,20.5,0.0,59,8.4
2025-12-07,Zurich,5.8,7.3,3.5,29.9,93,6.3
2025-12-08,Amman,11.3,15.2,8.2,0.0,56,8.7
2025-12-08,Cairo,15.6,19.8,12.2,0.0,54,12.0
2025-12-08,Istanbul,10.0,10.9,8.7,1.2,77,16.9
2025-12-08,Khartoum,29.5,35.7,24.1,0.0,27,12.3
2025-12-08,London,12.0,13.8,10.4,0.4,87,14.3
2025-12-08,Munich,10.0,13.2,6.3,9.9,87,14.8
2025-12-08,Riyadh,20.4,24.5,16.6,0.0,42,8.3
2025-12-08,Salalah,24.5,28.5,20.7,0.0,60,7.9
2025-12-08,Zurich,9.5,13.7,5.5,3.2,91,6.3
2025-12-09,Amman,10.8,14.0,8.6,0.5,69,8.9
2025-12-09,Cairo,16.1,20.8,11.9,0.0,63,10.7
2025-12-09,Istanbul,9.0,10.8,8.1,0.0,76,12.9
2025-12-09,Khartoum,26.6,32.5,21.4,0.0,22,14.3
2025-12-09,London,13.3,14.4,12.0,6.9,82,21.0
2025-12-09,Munich,7.2,12.6,3.9,0.0,84,6.5
2025-12-09,Riyadh,21.2,25.7,17.1,0.0,40,10.0
2025-12-09,Salalah,24.4,28.2,20.5,0.0,69,6.5
2025-12-09,Zurich,4.8,8.2,2.2,0.0,96,2.2
2025-12-10,Amman,11.1,13.8,9.5,0.3,72,13.8
2025-12-10,Cairo,16.6,20.9,12.5,0.2,65,7.0
2025-12-10,Istanbul,8.9,11.4,6.5,0.0,81,5.5
2025-12-10,Khartoum,24.4,30.3,18.7,0.0,20,12.2
2025-12-10,London,10.9,12.8,8.5,0.0,81,15.3
2025-12-10,Munich,6.1,11.5,2.3,0.0,77,8.4
2025-12-10,Riyadh,21.8,25.9,18.1,0.0,40,9.1
2025-12-10,Salalah,23.8,27.8,19.0,0.0,70,5.7
2025-12-10,Zurich,3.5,8.5,0.3,0.0,95,2.5
2025-12-11,Amman,10.0,13.3,8.3,15.8,88,13.7
2025-12-11,Cairo,16.5,21.1,12.5,0.0,62,7.5
2025-12-11,Istanbul,11.0,13.8,8.4,0.5,82,6.1
2025-12-11,Khartoum,23.7,30.1,17.6,0.0,25,10.8
2025-12-11,London,9.3,11.6,7.7,0.0,89,11.8
2025-12-11,Munich,6.3,8.9,4.7,0.2,90,6.1
2025-12-11,Riyadh,22.1,26.7,18.5,0.0,45,7.5
2025-12-11,Salalah,24.0,27.8,21.0,0.0,70,6.3
2025-12-11,Zurich,6.0,8.6,2.8,0.1,93,2.6
2025-12-12,Amman,10.7,13.9,9.2,0.7,90,12.3
2025-12-12,Cairo,17.2,21.1,12.9,0.0,56,7.7
2025-12-12,Istanbul,10.7,12.5,8.9,0.2,85,4.8
2025-12-12,Khartoum,23.6,30.2,16.9,0.0,27,10.5
2025-12-12,London,10.3,12.1,7.1,0.2,90,10.2
2025-12-12,Munich,3.6,6.0,1.1,0.0,95,3.7
2025-12-12,Riyadh,19.8,24.4,15.7,0.2,64,4.3
2025-12-12,Salalah,23.7,27.4,19.9,0.0,71,6.1
2025-12-12,Zurich,4.6,6.7,3.3,0.0,97,2.3
2025-12-13,Amman,10.7,14.9,7.7,0.0,82,7.3
2025-12-13,Cairo,17.7,22.3,12.3,0.0,61,4.5
2025-12-13,Istanbul,10.9,12.7,9.7,0.3,81,12.5
2025-12-13,Khartoum,24.6,31.0,18.1,0.0,34,10.6
2025-12-13,London,6.4,9.1,3.4,0.0,90,7.4
2025-12-13,Munich,2.2,5.3,0.1,0.0,96,3.5
2025-12-13,Riyadh,18.6,22.3,15.2,0.9,64,6.2
2025-12-13,Salalah,22.9,26.9,17.6,0.0,68,6.0
2025-12-13,Zurich,3.8,5.8,2.8,0.0,97,2.4
2025-12-14,Amman,10.1,14.3,6.3,0.0,82,4.0
2025-12-14,Cairo,18.4,22.0,15.0,0.0,59,5.5
2025-12-14,Istanbul,9.6,11.3,8.4,0.0,81,8.9
2025-12-14,Khartoum,24.0,29.9,18.3,0.0,28,11.0
2025-12-14,London,8.2,10.4,6.2,0.0,88,14.7
2025-12-14,Munich,2.0,3.7,-1.2,0.0,96,4.7
2025-12-14,Riyadh,17.4,21.0,14.1,0.6,59,7.7
2025-12-14,Salalah,22.8,26.6,19.0,0.0,62,6.3
2025-12-14,Zurich,2.2,3.3,0.8,0.0,98,2.2
2025-12-15,Amman,9.9,14.9,6.0,3.6,77,6.0
2025-12-15,Cairo,16.8,21.5,12.9,0.2,66,7.0
2025-12-15,Istanbul,8.9,10.5,7.4,0.0,71,12.1
2025-12-15,Khartoum,21.6,27.1,16.0,0.0,27,11.4
2025-12-15,London,10.5,11.3,9.9,0.0,87,14.9
2025-12-15,Munich,-0.8,2.3,-2.1,0.0,92,3.7
2025-12-15,Riyadh,15.2,17.8,11.9,6.4,75,8.6
2025-12-15,Salalah,22.4,26.1,18.4,0.0,64,7.1
2025-12-15,Zurich,0.5,3.3,-0.8,0.0,95,2.8
2025-12-16,Amman,9.1,11.8,7.2,3.0,83,9.4
2025-12-16,Cairo,16.9,21.6,13.0,0.0,58,6.2
2025-12-16,Istanbul,7.8,11.2,4.9,0.0,72,4.3
2025-12-16,Khartoum,21.6,27.7,15.3,0.0,29,11.0
2025-12-16,London,9.7,11.4,7.0,4.5,90,9.8
2025-12-16,Munich,-0.5,2.3,-1.8,0.0,92,5.4
2025-12-16,Riyadh,13.5,16.6,11.0,0.9,86,3.8
2025-12-16,Salalah,23.5,26.3,21.0,0.0,62,8.2
2025-12-16,Zurich,0.4,2.5,-0.8,0.0,98,3.1
2025-12-17,Amman,6.4,9.8,3.5,4.1,72,8.1
2025-12-17,Cairo,16.5,20.5,14.0,0.3,54,8.5
2025-12-17,Istanbul,9.0,13.3,6.4,0.0,73,8.3
2025-12-17,Khartoum,21.1,27.1,14.9,0.0,28,10.3
2025-12-17,London,6.3,9.9,1.7,0.0,87,11.8
2025-12-17,Munich,2.5,6.1,-0.3,0.0,87,5.2
2025-12-17,Riyadh,14.9,18.8,11.3,0.1,69,5.1
2025-12-17,Salalah,24.4,27.3,22.0,0.9,68,7.8
2025-12-17,Zurich,1.8,4.9,-1.0,0.0,98,2.0
2025-12-18,Amman,8.5,13.7,5.0,0.0,64,6.7
2025-12-18,Cairo,15.2,20.4,10.2,0.0,54,6.4
2025-12-18,Istanbul,9.2,11.5,6.8,0.0,82,5.3
2025-12-18,Khartoum,21.6,28.6,14.4,0.0,27,9.9
2025-12-18,London,11.0,12.7,10.1,17.5,89,21.7
2025-12-18,Munich,2.9,10.0,-1.4,0.0,92,5.7
2025-12-18,Riyadh,9.2,12.8,7.0,7.0,81,10.4
2025-12-18,Salalah,24.1,26.2,22.3,3.6,78,7.6
2025-12-18,Zurich,1.4,4.3,-0.5,0.0,98,2.3
2025-12-19,Amman,9.1,14.3,5.5,0.0,83,6.5
2025-12-19,Cairo,15.8,20.8,10.4,0.0,55,5.6
2025-12-19,Istanbul,9.0,13.1,5.7,0.0,90,4.3
2025-12-19,Khartoum,22.8,28.4,17.5,0.0,30,11.5
2025-12-19,London,8.7,11.3,6.7,0.4,81,11.6
2025-12-19,Munich,2.8,7.6,-0.4,0.0,86,5.9
2025-12-19,Riyadh,9.9,13.8,6.9,0.0,70,14.4
2025-12-19,Salalah,23.5,28.2,20.0,0.1,55,17.3
2025-12-19,Zurich,1.2,4.7,-0.5,0.0,96,2.0
2025-12-20,Amman,9.7,14.7,5.8,0.0,89,5.3
2025-12-20,Cairo,17.1,23.2,12.6,0.0,53,5.3
2025-12-20,Istanbul,10.6,13.2,8.9,0.0,90,10.5
2025-12-20,Khartoum,21.7,28.0,15.2,0.0,27,8.5
2025-12-20,London,6.5,9.1,4.0,0.0,89,8.7
2025-12-20,Munich,2.8,7.1,-1.2,0.0,86,4.2
2025-12-20,Riyadh,11.0,15.9,6.8,0.0,59,7.8
2025-12-20,Salalah,21.2,25.6,18.1,0.0,29,24.6
2025-12-20,Zurich,2.8,6.5,-0.2,0.0,97,2.2
2025-12-21,Amman,8.8,13.1,5.7,0.0,86,8.6
2025-12-21,Cairo,17.2,22.8,12.9,0.0,40,8.7
2025-12-21,Istanbul,10.7,13.1,9.1,0.8,89,6.4
2025-12-21,Khartoum,22.5,30.0,14.5,0.0,28,5.9
2025-12-21,London,8.8,10.3,7.1,4.3,96,10.8
2025-12-21,Munich,-0.6,2.0,-1.9,0.0,92,6.5
2025-12-21,Riyadh,11.6,16.9,6.1,0.0,56,4.4
2025-12-21,Salalah,20.3,25.2,15.6,0.0,26,25.8
2025-12-21,Zurich,1.4,3.0,0.5,0.0,99,3.4
2025-12-22,Amman,10.0,15.9,5.5,0.0,64,3.2
2025-12-22,Cairo,16.6,21.6,12.2,0.0,41,9.7
2025-12-22,Istanbul,10.5,12.2,9.3,2.1,89,11.9
2025-12-22,Khartoum,24.3,31.8,16.0,0.0,30,5.9
2025-12-22,London,9.2,10.6,7.7,1.7,95,9.6
2025-12-22,Munich,-1.1,0.7,-2.1,0.0,96,5.1
2025-12-22,Riyadh,13.0,17.5,8.6,0.0,62,7.2
2025-12-22,Salalah,21.9,27.3,16.2,0.0,23,21.7
2025-12-22,Zurich,0.4,2.3,-0.6,0.0,96,3.6
2025-12-23,Amman,10.3,14.8,6.9,0.0,64,6.9
2025-12-23,Cairo,15.6,21.0,10.3,0.0,45,6.8
2025-12-23,Istanbul,10.3,11.4,9.2,0.8,87,12.9
2025-12-23,Khartoum,25.7,33.2,17.6,0.0,30,6.4
2025-12-23,London,6.9,7.6,6.0,0.1,89,13.0
2025-12-23,Munich,-0.4,1.1,-1.3,0.0,95,9.5
2025-12-23,Riyadh,14.5,18.8,10.1,0.0,54,8.3
2025-12-23,Salalah,24.3,28.6,20.5,0.0,33,18.9
2025-12-23,Zurich,-0.1,0.9,-1.0,0.0,94,8.8
2025-12-24,Amman,10.2,14.4,6.7,0.0,81,6.0
2025-12-24,Cairo,16.5,22.1,10.0,0.0,52,5.4
2025-12-24,Istanbul,10.1,12.9,8.0,0.6,90,7.5
2025-12-24,Khartoum,27.2,34.8,19.3,0.0,33,6.4
2025-12-24,London,5.0,5.9,3.6,0.0,75,17.2
2025-12-24,Munich,-0.1,1.3,-1.3,4.2,90,18.6
2025-12-24,Riyadh,17.0,23.0,10.5,0.0,33,4.2
2025-12-24,Salalah,22.9,28.3,18.4,0.0,35,15.7
2025-12-24,Zurich,0.7,1.5,0.0,1.3,86,16.9
2025-12-25,Amman,8.7,13.3,5.5,0.0,77,8.3
2025-12-25,Cairo,17.4,22.8,11.7,0.0,67,7.9
2025-12-25,Istanbul,11.0,12.2,9.3,2.8,86,18.6
2025-12-25,Khartoum,28.0,34.7,20.9,0.0,37,7.3
2025-12-25,London,3.8,5.1,3.0,0.0,71,19.1
2025-12-25,Munich,-1.6,1.0,-3.1,0.0,84,14.4
2025-12-25,Riyadh,16.1,21.0,11.4,0.0,48,7.0
2025-12-25,Salalah,22.3,28.1,16.6,0.0,33,12.5
2025-12-25,Zurich,-0.2,1.3,-1.0,0.0,86,10.6
2025-12-26,Amman,10.0,15.4,6.1,0.0,67,4.0
2025-12-26,Cairo,16.6,22.2,11.1,0.0,64,5.3
2025-12-26,Istanbul,7.3,8.9,5.1,4.3,76,14.6
2025-12-26,Khartoum,27.6,33.1,22.1,0.0,36,9.5
2025-12-26,London,4.2,5.8,3.2,0.0,84,12.6
2025-12-26,Munich,-2.4,0.1,-4.2,0.0,92,7.8
2025-12-26,Riyadh,16.6,20.9,12.9,0.0,52,7.1
2025-12-26,Salalah,22.2,27.8,17.2,0.0,41,8.7
2025-12-26,Zurich,-0.8,0.9,-1.7,0.0,92,6.3
2025-12-27,Amman,10.0,12.6,8.6,1.1,86,18.6
2025-12-27,Cairo,16.4,21.0,11.8,0.0,62,6.7
2025-12-27,Istanbul,5.0,6.0,4.0,1.5,74,17.6
2025-12-27,Khartoum,25.6,31.7,19.8,0.0,24,9.1
2025-12-27,London,5.1,7.5,2.5,0.0,87,15.1
2025-12-27,Munich,-2.3,0.7,-5.1,0.0,91,5.4
2025-12-27,Riyadh,18.5,24.4,14.0,0.0,42,9.7
2025-12-27,Salalah,22.4,26.0,18.6,0.0,59,5.9
2025-12-27,Zurich,-1.3,0.4,-2.1,0.0,93,4.1
2025-12-28,Amman,8.2,9.7,7.0,4.7,92,21.0
2025-12-28,Cairo,15.8,19.9,12.1,0.0,62,7.9
2025-12-28,Istanbul,5.3,7.3,3.1,3.6,73,17.0
2025-12-28,Khartoum,24.4,31.0,17.7,0.0,15,9.3
2025-12-28,London,6.5,7.1,4.5,0.0,80,11.8
2025-12-28,Munich,-2.8,-0.6,-5.6,0.0,90,6.1
2025-12-28,Riyadh,20.2,25.3,16.5,0.0,30,9.9
2025-12-28,Salalah,23.1,26.5,19.4,2.5,74,8.7
2025-12-28,Zurich,-1.0,1.5,-2.2,0.0,91,5.9
2025-12-29,Amman,8.3,10.1,7.0,5.4,94,23.6
2025-12-29,Cairo,15.9,21.2,11.3,0.0,61,9.7
2025-12-29,Istanbul,4.3,7.3,1.6,0.0,62,14.4
2025-12-29,Khartoum,24.9,31.8,17.3,0.0,17,9.3
2025-12-29,London,4.9,6.1,3.1,0.0,83,10.0
2025-12-29,Munich,-3.5,-0.5,-5.6,0.0,89,5.5
2025-12-29,Riyadh,17.3,22.1,11.9,0.0,35,4.4
2025-12-29,Salalah,23.9,26.9,21.4,0.7,74,7.0
2025-12-29,Zurich,-1.4,0.3,-2.2,0.0,95,2.7
2025-12-30,Amman,8.9,11.7,7.2,0.8,87,12.5
2025-12-30,Cairo,16.8,20.9,13.5,0.0,59,5.8
2025-12-30,Istanbul,8.9,12.1,4.7,8.8,67,23.5
2025-12-30,Khartoum,23.6,30.1,16.8,0.0,16,8.1
2025-12-30,London,4.5,6.1,1.9,0.0,83,9.9
2025-12-30,Munich,-1.9,-0.2,-4.1,2.5,83,10.9
2025-12-30,Riyadh,16.5,20.9,13.2,0.0,33,6.8
2025-12-30,Salalah,23.0,27.6,19.2,0.0,74,6.7
2025-12-30,Zurich,-1.3,0.7,-3.2,0.0,83,7.8
2025-12-31,Amman,9.7,12.7,7.2,0.0,72,15.8
2025-12-31,Cairo,15.8,21.0,10.7,0.0,50,11.7
2025-12-31,Istanbul,3.1,4.9,0.5,5.2,64,12.6
2025-12-31,Khartoum,23.0,30.8,14.6,0.0,19,6.6
2025-12-31,London,0.7,2.7,-1.3,0.0,92,7.4
2025-12-31,Munich,-4.5,-0.4,-8.1,0.0,66,11.3
2025-12-31,Riyadh,13.9,18.7,9.3,0.0,44,6.1
2025-12-31,Salalah,24.7,28.1,21.4,0.0,26,19.2
2025-12-31,Zurich,-2.8,-0.1,-5.4,0.0,71,5.6
